timestamp,time_s,disp_mm,disp_ul,raw_V,avg_V
2026-06-12T18:17:24.572680,0.005335,0.002667,0.046869,0.785585,0.785585
2026-06-12T18:17:24.579325,0.013658,0.006829,0.119995,0.785585,0.785585
2026-06-12T18:17:24.591922,0.024487,0.012243,0.215136,0.786552,0.785908
2026-06-12T18:17:24.598730,0.034464,0.017232,0.302791,0.785908,0.785908
2026-06-12T18:17:24.612177,0.044757,0.022378,0.393225,0.784295,0.785585
2026-06-12T18:17:24.621027,0.054837,0.027419,0.481790,0.784295,0.785370
2026-06-12T18:17:24.632140,0.065270,0.032635,0.573450,0.785263,0.785355
2026-06-12T18:17:24.641401,0.075237,0.037619,0.661020,0.778814,0.784388
2026-06-12T18:17:24.649870,0.085360,0.042680,0.749959,0.780749,0.783697
2026-06-12T18:17:24.662611,0.095866,0.047933,0.842260,0.784618,0.783420
2026-06-12T18:17:24.673765,0.106012,0.053006,0.931399,0.783973,0.783144
2026-06-12T18:17:24.682093,0.116381,0.058190,1.022502,0.782361,0.782867
2026-06-12T18:17:24.691058,0.126644,0.063322,1.112672,0.785263,0.783006
2026-06-12T18:17:24.704503,0.137547,0.068774,1.208465,0.783328,0.782729
2026-06-12T18:17:24.712297,0.146955,0.073478,1.291123,0.786552,0.783835
2026-06-12T18:17:24.724264,0.157417,0.078709,1.383038,0.785263,0.784480
2026-06-12T18:17:24.733077,0.167622,0.083811,1.472700,0.785908,0.784664
2026-06-12T18:17:24.745446,0.177809,0.088904,1.562196,0.780749,0.784203
2026-06-12T18:17:24.756219,0.188945,0.094473,1.660041,0.782038,0.784157
2026-06-12T18:17:24.765806,0.198227,0.099113,1.741584,0.783973,0.783973
2026-06-12T18:17:24.775211,0.208604,0.104302,1.832756,0.785585,0.784295
2026-06-12T18:17:24.784401,0.219104,0.109552,1.925006,0.785263,0.784111
2026-06-12T18:17:24.796348,0.229232,0.114616,2.013990,0.786875,0.784341
2026-06-12T18:17:24.807997,0.240299,0.120150,2.111227,0.783651,0.784019
2026-06-12T18:17:24.815802,0.250286,0.125143,2.198965,0.783973,0.784480
2026-06-12T18:17:24.825102,0.259902,0.129951,2.283452,0.783006,0.784618
2026-06-12T18:17:24.837119,0.270211,0.135106,2.374025,0.785585,0.784848
2026-06-12T18:17:24.847962,0.280604,0.140302,2.465335,0.777202,0.783651
2026-06-12T18:17:24.857557,0.291424,0.145712,2.560399,0.782683,0.783282
2026-06-12T18:17:24.866826,0.301297,0.150649,2.647145,0.786230,0.783190
2026-06-12T18:17:24.878928,0.311619,0.155810,2.737828,0.778169,0.782407
2026-06-12T18:17:24.890406,0.322583,0.161292,2.834157,0.776234,0.781301
2026-06-12T18:17:24.898753,0.332710,0.166355,2.923130,0.782038,0.781163
2026-06-12T18:17:24.909042,0.342783,0.171392,3.011633,0.783006,0.780795
2026-06-12T18:17:24.921887,0.354532,0.177266,3.114850,0.785585,0.781992
2026-06-12T18:17:24.928317,0.363439,0.181719,3.193108,0.786230,0.782499
2026-06-12T18:17:24.940365,0.374097,0.187048,3.286744,0.784618,0.782269
2026-06-12T18:17:24.949330,0.384559,0.192279,3.378665,0.784940,0.783236
2026-06-12T18:17:24.962176,0.394877,0.197438,3.469315,0.783328,0.784249
2026-06-12T18:17:24.971041,0.405106,0.202553,3.559186,0.784940,0.784664
2026-06-12T18:17:24.982352,0.416239,0.208120,3.657001,0.784295,0.784848
2026-06-12T18:17:24.991458,0.426075,0.213038,3.743420,0.787197,0.785078
2026-06-12T18:17:25.003751,0.436141,0.218070,3.831853,0.785263,0.784940
2026-06-12T18:17:25.012658,0.446705,0.223353,3.924672,0.784618,0.784940
2026-06-12T18:17:25.024295,0.456708,0.228354,4.012556,0.783973,0.784802
2026-06-12T18:17:25.034260,0.467123,0.233561,4.104054,0.784940,0.785032
2026-06-12T18:17:25.041571,0.476774,0.238387,4.188846,0.783006,0.784756
2026-06-12T18:17:25.053882,0.487095,0.243547,4.279528,0.780104,0.784157
2026-06-12T18:17:25.062147,0.497594,0.248797,4.371767,0.784940,0.783835
2026-06-12T18:17:25.073755,0.508107,0.254053,4.464133,0.785908,0.783927
2026-06-12T18:17:25.083222,0.518564,0.259282,4.556012,0.783328,0.783743
2026-06-12T18:17:25.095533,0.528791,0.264396,4.645866,0.785263,0.783927
2026-06-12T18:17:25.103612,0.538879,0.269440,4.734495,0.783006,0.783651
2026-06-12T18:17:25.115438,0.549739,0.274869,4.829906,0.784295,0.783835
2026-06-12T18:17:25.124188,0.559899,0.279949,4.919168,0.783973,0.784388
2026-06-12T18:17:25.137682,0.570178,0.285089,5.009477,0.785585,0.784480
2026-06-12T18:17:25.147031,0.580223,0.290112,5.097735,0.785263,0.784388
2026-06-12T18:17:25.157092,0.590884,0.295442,5.191395,0.780749,0.784019
2026-06-12T18:17:25.165936,0.600614,0.300307,5.276887,0.781393,0.783466
2026-06-12T18:17:25.178638,0.611952,0.305976,5.376498,0.783328,0.783512
2026-06-12T18:17:25.187439,0.621066,0.310533,5.456571,0.782361,0.783236
2026-06-12T18:17:25.199187,0.632510,0.316255,5.557118,0.783973,0.783236
2026-06-12T18:17:25.207579,0.641730,0.320865,5.638127,0.785263,0.783190
2026-06-12T18:17:25.219971,0.652400,0.326200,5.731865,0.783651,0.782960
2026-06-12T18:17:25.229129,0.662670,0.331335,5.822102,0.783651,0.783374
2026-06-12T18:17:25.240434,0.673053,0.336526,5.913319,0.782683,0.783558
2026-06-12T18:17:25.249030,0.683687,0.341844,6.006752,0.784295,0.783697
2026-06-12T18:17:25.258633,0.693927,0.346964,6.096720,0.782038,0.783651
2026-06-12T18:17:25.271427,0.703838,0.351919,6.183795,0.785263,0.783835
2026-06-12T18:17:25.282056,0.714700,0.357350,6.279227,0.786230,0.783973
2026-06-12T18:17:25.291904,0.724771,0.362386,6.367706,0.780426,0.783512
2026-06-12T18:17:25.300468,0.734856,0.367428,6.456307,0.779781,0.782960
2026-06-12T18:17:25.312437,0.744671,0.372336,6.542544,0.783328,0.783052
2026-06-12T18:17:25.322640,0.755207,0.377603,6.635111,0.776557,0.781946
2026-06-12T18:17:25.332067,0.766221,0.383110,6.731875,0.760113,0.778814
2026-06-12T18:17:25.343095,0.776213,0.388106,6.819664,0.775912,0.777478
2026-06-12T18:17:25.353868,0.786443,0.393222,6.909549,0.779459,0.776511
2026-06-12T18:17:25.363648,0.796445,0.398223,6.997422,0.777847,0.776142
2026-06-12T18:17:25.373714,0.806832,0.403416,7.088683,0.782038,0.776465
2026-06-12T18:17:25.383155,0.817390,0.408695,7.181443,0.778814,0.775820
2026-06-12T18:17:25.395430,0.828013,0.414007,7.274774,0.771720,0.775129
2026-06-12T18:17:25.404173,0.838200,0.419100,7.364269,0.779459,0.777893
2026-06-12T18:17:25.415388,0.849075,0.424537,7.459813,0.783328,0.778952
2026-06-12T18:17:25.423743,0.858914,0.429457,7.546264,0.782361,0.779367
2026-06-12T18:17:25.434264,0.869103,0.434551,7.635776,0.783973,0.780242
2026-06-12T18:17:25.446490,0.879459,0.439729,7.726763,0.783328,0.780426
2026-06-12T18:17:25.457528,0.890085,0.445043,7.820125,0.785263,0.781347
2026-06-12T18:17:25.465995,0.900359,0.450179,7.910387,0.785263,0.783282
2026-06-12T18:17:25.475161,0.910666,0.455333,8.000945,0.786230,0.784249
2026-06-12T18:17:25.487989,0.921232,0.460616,8.093780,0.782038,0.784065
2026-06-12T18:17:25.498753,0.931098,0.465549,8.180460,0.782683,0.784111
2026-06-12T18:17:25.509305,0.941787,0.470893,8.274366,0.783651,0.784065
2026-06-12T18:17:25.516621,0.951830,0.475915,8.362604,0.774945,0.782867
2026-06-12T18:17:25.529049,0.962854,0.481427,8.459458,0.769786,0.780656
2026-06-12T18:17:25.540408,0.973135,0.486568,8.549790,0.779781,0.779873
2026-06-12T18:17:25.548751,0.982986,0.491493,8.636339,0.783973,0.779551
2026-06-12T18:17:25.558188,0.993619,0.496810,8.729759,0.780749,0.779367
2026-06-12T18:17:25.570432,1.003896,0.501948,8.820049,0.782038,0.779275
2026-06-12T18:17:25.582085,1.014261,0.507130,8.911108,0.783006,0.779182
2026-06-12T18:17:25.591152,1.024481,0.512241,9.000906,0.773333,0.778952
2026-06-12T18:17:25.599504,1.034798,0.517399,9.091551,0.773655,0.779505
2026-06-12T18:17:25.612330,1.045346,0.522673,9.184223,0.783006,0.779966
2026-06-12T18:17:25.624144,1.056273,0.528136,9.280222,0.782683,0.779781
2026-06-12T18:17:25.632115,1.066101,0.533050,9.366568,0.780749,0.779781
2026-06-12T18:17:25.643041,1.076076,0.538038,9.454205,0.781716,0.779735
2026-06-12T18:17:25.653967,1.086242,0.543121,9.543525,0.776557,0.778814
2026-06-12T18:17:25.661806,1.096946,0.548473,9.637566,0.736252,0.773517
2026-06-12T18:17:25.673832,1.107072,0.553536,9.726532,0.751084,0.770292
2026-06-12T18:17:25.682869,1.117068,0.558534,9.814360,0.773010,0.768864
2026-06-12T18:17:25.692479,1.127375,0.563687,9.904911,0.776557,0.767989
2026-06-12T18:17:25.704655,1.137718,0.568859,9.995779,0.780104,0.767897
2026-06-12T18:17:25.715432,1.148734,0.574367,10.092570,0.783328,0.768127
2026-06-12T18:17:25.723678,1.159098,0.579549,10.183622,0.778814,0.768450
2026-06-12T18:17:25.737313,1.169475,0.584738,10.274796,0.781716,0.774945
2026-06-12T18:17:25.745038,1.180099,0.590049,10.368130,0.783328,0.779551
2026-06-12T18:17:25.757087,1.191328,0.595664,10.466790,0.783006,0.780979
2026-06-12T18:17:25.765416,1.200181,0.600091,10.544573,0.782038,0.781762
2026-06-12T18:17:25.779059,1.211606,0.605803,10.644945,0.783651,0.782269
2026-06-12T18:17:25.787281,1.220629,0.610314,10.724222,0.782683,0.782177
2026-06-12T18:17:25.798727,1.230814,0.615407,10.813704,0.784940,0.783052
2026-06-12T18:17:25.807101,1.241678,0.620839,10.909154,0.783006,0.783236
2026-06-12T18:17:25.820200,1.252446,0.626223,11.003758,0.785585,0.783558
2026-06-12T18:17:25.828827,1.262097,0.631048,11.088551,0.772043,0.781992
2026-06-12T18:17:25.837442,1.272343,0.636172,11.178574,0.753341,0.777893
2026-06-12T18:17:25.850908,1.283310,0.641655,11.274931,0.772688,0.776327
2026-06-12T18:17:25.857793,1.292810,0.646405,11.358389,0.778814,0.775774
2026-06-12T18:17:25.870535,1.303344,0.651672,11.450943,0.783006,0.775497
2026-06-12T18:17:25.878553,1.313920,0.656960,11.543860,0.783328,0.775544
2026-06-12T18:17:25.890403,1.324414,0.662207,11.636062,0.783973,0.775313
2026-06-12T18:17:25.899364,1.334643,0.667322,11.725931,0.767206,0.774622
2026-06-12T18:17:25.912768,1.344926,0.672463,11.816271,0.768174,0.776741
2026-06-12T18:17:25.921718,1.355443,0.677721,11.908674,0.778814,0.777616
2026-06-12T18:17:25.932553,1.366234,0.683117,12.003485,0.784295,0.778399
2026-06-12T18:17:25.941947,1.376085,0.688042,12.090029,0.787842,0.779090
2026-06-12T18:17:25.954068,1.386189,0.693095,12.178804,0.789777,0.780012
2026-06-12T18:17:25.962659,1.396479,0.698240,12.269211,0.789777,0.780841
2026-06-12T18:17:25.974381,1.407743,0.703872,12.368175,0.789777,0.784065
2026-06-12T18:17:25.983246,1.417774,0.708887,12.456307,0.791067,0.787336
2026-06-12T18:17:25.993198,1.427471,0.713735,12.541499,0.793324,0.789408
2026-06-12T18:17:26.004393,1.437918,0.718959,12.633287,0.791711,0.790468
2026-06-12T18:17:26.015340,1.448581,0.724291,12.726972,0.794613,0.791435
2026-06-12T18:17:26.027928,1.460597,0.730299,12.832541,0.791389,0.791665
2026-06-12T18:17:26.033707,1.468884,0.734442,12.905349,0.791389,0.791896
2026-06-12T18:17:26.046498,1.479214,0.739607,12.996107,0.788810,0.791758
2026-06-12T18:17:26.057568,1.490317,0.745159,13.093656,0.790099,0.791619
2026-06-12T18:17:26.068948,1.501788,0.750894,13.194438,0.784940,0.790422
2026-06-12T18:17:26.075569,1.510438,0.755219,13.270431,0.784295,0.789362
2026-06-12T18:17:26.088129,1.520348,0.760174,13.357502,0.787842,0.788395
2026-06-12T18:17:26.098668,1.530869,0.765435,13.449936,0.786875,0.787750
2026-06-12T18:17:26.107487,1.541465,0.770732,13.543028,0.783328,0.786599
2026-06-12T18:17:26.117441,1.551571,0.775785,13.631816,0.786552,0.786276
2026-06-12T18:17:26.128999,1.562193,0.781097,13.725143,0.786552,0.785769
2026-06-12T18:17:26.140367,1.572811,0.786406,13.818434,0.787520,0.786138
2026-06-12T18:17:26.149569,1.583697,0.791848,13.914070,0.789777,0.786921
2026-06-12T18:17:26.162119,1.594367,0.797184,14.007821,0.788487,0.787013
2026-06-12T18:17:26.171220,1.603929,0.801964,14.091825,0.783973,0.786599
2026-06-12T18:17:26.182142,1.614630,0.807315,14.185844,0.784940,0.786829
2026-06-12T18:17:26.191178,1.624672,0.812336,14.274074,0.787842,0.787013
2026-06-12T18:17:26.199352,1.634677,0.817338,14.361971,0.785908,0.786921
2026-06-12T18:17:26.212767,1.644922,0.822461,14.451989,0.786875,0.786829
2026-06-12T18:17:26.220448,1.655226,0.827613,14.542512,0.787842,0.786552
2026-06-12T18:17:26.233208,1.666095,0.833048,14.638010,0.788165,0.786506
2026-06-12T18:17:26.242740,1.676100,0.838050,14.725906,0.785585,0.786737
2026-06-12T18:17:26.250918,1.686206,0.843103,14.814700,0.787197,0.787059
2026-06-12T18:17:26.262035,1.696395,0.848198,14.904219,0.786875,0.786921
2026-06-12T18:17:26.273745,1.707086,0.853543,14.998148,0.789132,0.787382
2026-06-12T18:17:26.283291,1.717086,0.858543,15.086001,0.789132,0.787704
2026-06-12T18:17:26.294366,1.726988,0.863494,15.173001,0.790744,0.788119
2026-06-12T18:17:26.304491,1.737840,0.868920,15.268344,0.784618,0.787612
2026-06-12T18:17:26.315348,1.747750,0.873875,15.355415,0.782038,0.787105
2026-06-12T18:17:26.323765,1.758082,0.879041,15.446186,0.786230,0.786967
2026-06-12T18:17:26.333769,1.768574,0.884287,15.538369,0.784940,0.786691
2026-06-12T18:17:26.345460,1.778804,0.889402,15.628246,0.762692,0.782914
2026-06-12T18:17:26.357655,1.790575,0.895287,15.731664,0.776234,0.781071
2026-06-12T18:17:26.366633,1.800526,0.900263,15.819097,0.784295,0.780150
2026-06-12T18:17:26.377489,1.810215,0.905107,15.904216,0.784940,0.780196
2026-06-12T18:17:26.387556,1.820510,0.910255,15.994672,0.787197,0.780933
2026-06-12T18:17:26.398899,1.833351,0.916676,16.107490,0.787197,0.781071
2026-06-12T18:17:26.407033,1.841238,0.920619,16.176777,0.786875,0.781347
2026-06-12T18:17:26.417419,1.851744,0.925872,16.269088,0.791067,0.785401
2026-06-12T18:17:26.430891,1.863114,0.931557,16.368978,0.791389,0.787566
2026-06-12T18:17:26.440433,1.873458,0.936729,16.459858,0.789132,0.788257
2026-06-12T18:17:26.448805,1.883537,0.941768,16.548411,0.787197,0.788579
2026-06-12T18:17:26.458651,1.893866,0.946933,16.639165,0.787197,0.788579
2026-06-12T18:17:26.471819,1.904546,0.952273,16.732993,0.788165,0.788717
2026-06-12T18:17:26.482058,1.914154,0.957077,16.817406,0.771720,0.786552
2026-06-12T18:17:26.491239,1.924859,0.962430,16.911462,0.776879,0.784526
2026-06-12T18:17:26.500061,1.934953,0.967477,17.000148,0.787520,0.783973
2026-06-12T18:17:26.512666,1.945634,0.972817,17.093986,0.792034,0.784388
2026-06-12T18:17:26.523780,1.956245,0.978122,17.187208,0.792356,0.785125
2026-06-12T18:17:26.534997,1.967742,0.983871,17.288225,0.796870,0.786506
2026-06-12T18:17:26.542141,1.976247,0.988123,17.362942,0.797193,0.787796
2026-06-12T18:17:26.553781,1.986633,0.993317,17.454196,0.801385,0.792034
2026-06-12T18:17:26.565371,1.997869,0.998934,17.552912,0.799772,0.795304
2026-06-12T18:17:26.573753,2.008345,1.004172,17.644950,0.793646,0.796180
2026-06-12T18:17:26.584076,2.018705,1.009352,17.735973,0.782683,0.794844
2026-06-12T18:17:26.595665,2.029338,1.014669,17.829396,0.791389,0.794706
2026-06-12T18:17:26.607135,2.040917,1.020459,17.931128,0.793969,0.794291
2026-06-12T18:17:26.615923,2.049940,1.024970,18.010400,0.795581,0.794061
2026-06-12T18:17:26.624831,2.059927,1.029963,18.098142,0.795258,0.793185
2026-06-12T18:17:26.637648,2.070712,1.035356,18.192902,0.796870,0.792771
2026-06-12T18:17:26.645168,2.080589,1.040295,18.279677,0.792034,0.792541
2026-06-12T18:17:26.657114,2.091444,1.045722,18.375047,0.785908,0.793001
2026-06-12T18:17:26.665413,2.100579,1.050289,18.455301,0.786875,0.792356
2026-06-12T18:17:26.675689,2.110590,1.055295,18.543258,0.793646,0.792310
2026-06-12T18:17:26.687083,2.121314,1.060657,18.637475,0.793646,0.792034
2026-06-12T18:17:26.700928,2.133039,1.066520,18.740494,0.795258,0.792034
2026-06-12T18:17:26.709260,2.141772,1.070886,18.817214,0.793324,0.791527
2026-06-12T18:17:26.720435,2.152718,1.076359,18.913388,0.788165,0.790974
2026-06-12T18:17:26.728763,2.163194,1.081597,19.005428,0.787197,0.791159
2026-06-12T18:17:26.741391,2.173619,1.086809,19.097019,0.789777,0.791573
2026-06-12T18:17:26.749317,2.185093,1.092546,19.197826,0.788165,0.790790
2026-06-12T18:17:26.758757,2.194087,1.097044,19.276851,0.786875,0.789823
2026-06-12T18:17:26.770811,2.204449,1.102225,19.367889,0.790744,0.789178
2026-06-12T18:17:26.782180,2.215019,1.107510,19.460753,0.780426,0.787336
2026-06-12T18:17:26.791527,2.225084,1.112542,19.549177,0.779459,0.786092
2026-06-12T18:17:26.799794,2.234973,1.117487,19.636067,0.785908,0.785908
2026-06-12T18:17:26.812609,2.245440,1.122720,19.728022,0.789454,0.785862
2026-06-12T18:17:26.823720,2.257216,1.128608,19.831486,0.783006,0.785125
2026-06-12T18:17:26.832953,2.266334,1.133167,19.911601,0.787197,0.785171
2026-06-12T18:17:26.843730,2.276752,1.138376,20.003124,0.787520,0.784710
2026-06-12T18:17:26.853985,2.286539,1.143269,20.089113,0.782361,0.784986
2026-06-12T18:17:26.862762,2.297059,1.148530,20.181542,0.785585,0.785862
2026-06-12T18:17:26.874456,2.307747,1.153874,20.275448,0.788487,0.786230
2026-06-12T18:17:26.883274,2.317254,1.158627,20.358973,0.787520,0.785954
2026-06-12T18:17:26.892826,2.327418,1.163709,20.448272,0.787197,0.786552
2026-06-12T18:17:26.905075,2.338844,1.169422,20.548655,0.789454,0.786875
2026-06-12T18:17:26.915406,2.349067,1.174533,20.638473,0.786552,0.786737
2026-06-12T18:17:26.924115,2.359281,1.179641,20.728214,0.781716,0.786645
2026-06-12T18:17:26.937437,2.369942,1.184971,20.821880,0.787520,0.786921
2026-06-12T18:17:26.944903,2.380225,1.190113,20.912225,0.786230,0.786599
2026-06-12T18:17:26.957133,2.392597,1.196298,21.020917,0.791067,0.787105
2026-06-12T18:17:26.967595,2.402777,1.201389,21.110364,0.793001,0.787934
2026-06-12T18:17:26.979711,2.413579,1.206789,21.205262,0.791711,0.788257
2026-06-12T18:17:26.991224,2.424306,1.212153,21.299507,0.790099,0.788763
2026-06-12T18:17:26.999516,2.434195,1.217098,21.386396,0.789132,0.789823
2026-06-12T18:17:27.009148,2.443918,1.221959,21.471819,0.791389,0.790376
2026-06-12T18:17:27.021272,2.454276,1.227138,21.562822,0.790099,0.790928
2026-06-12T18:17:27.032028,2.464699,1.232350,21.654399,0.793001,0.791205
2026-06-12T18:17:27.043093,2.475249,1.237624,21.747083,0.791711,0.791021
2026-06-12T18:17:27.050109,2.485704,1.242852,21.838938,0.790422,0.790836
2026-06-12T18:17:27.062165,2.496620,1.248310,21.934850,0.790422,0.790882
2026-06-12T18:17:27.073782,2.506075,1.253038,22.017918,0.791711,0.791251
2026-06-12T18:17:27.082088,2.516309,1.258154,22.107830,0.791711,0.791297
2026-06-12T18:17:27.092034,2.526573,1.263287,22.198010,0.786230,0.790744
2026-06-12T18:17:27.104177,2.537092,1.268546,22.290431,0.790422,0.790376
2026-06-12T18:17:27.112953,2.547790,1.273895,22.384417,0.793969,0.790698
2026-06-12T18:17:27.124208,2.558094,1.279047,22.474944,0.791711,0.790882
2026-06-12T18:17:27.133708,2.568451,1.284225,22.565939,0.788487,0.790606
2026-06-12T18:17:27.145653,2.578464,1.289232,22.653917,0.794291,0.790974
2026-06-12T18:17:27.157057,2.589885,1.294942,22.754255,0.794936,0.791435
2026-06-12T18:17:27.165416,2.600439,1.300220,22.846984,0.786875,0.791527
2026-06-12T18:17:27.174847,2.610584,1.305292,22.936116,0.799450,0.792817
2026-06-12T18:17:27.187449,2.620201,1.310100,23.020606,0.802029,0.793969
2026-06-12T18:17:27.198692,2.630762,1.315381,23.113398,0.797515,0.794798
2026-06-12T18:17:27.207061,2.640827,1.320413,23.201820,0.801062,0.796594
2026-06-12T18:17:27.215890,2.651196,1.325598,23.292922,0.805576,0.798206
2026-06-12T18:17:27.228665,2.661825,1.330913,23.386309,0.804931,0.799634
2026-06-12T18:17:27.237350,2.672227,1.336114,23.477700,0.804609,0.802168
2026-06-12T18:17:27.249116,2.683871,1.341936,23.580005,0.804931,0.802951
2026-06-12T18:17:27.257437,2.692510,1.346255,23.655899,0.801062,0.802813
2026-06-12T18:17:27.267897,2.702820,1.351410,23.746487,0.799772,0.803135
2026-06-12T18:17:27.279726,2.713284,1.356642,23.838417,0.799450,0.802905
2026-06-12T18:17:27.291114,2.724412,1.362206,23.936184,0.800095,0.802122
2026-06-12T18:17:27.299185,2.734055,1.367027,24.020904,0.799128,0.801292
2026-06-12T18:17:27.309417,2.744048,1.372024,24.108702,0.797838,0.800325
2026-06-12T18:17:27.321680,2.754527,1.377264,24.200772,0.797193,0.799220
2026-06-12T18:17:27.333040,2.765619,1.382809,24.298221,0.796226,0.798529
2026-06-12T18:17:27.340408,2.775700,1.387850,24.386790,0.793646,0.797654
2026-06-12T18:17:27.353819,2.786293,1.393146,24.479861,0.793969,0.796870
2026-06-12T18:17:27.363160,2.796455,1.398227,24.569139,0.795258,0.796180
2026-06-12T18:17:27.373729,2.806791,1.403395,24.659951,0.795581,0.795673
2026-06-12T18:17:27.383250,2.816991,1.408496,24.749569,0.799772,0.795949
2026-06-12T18:17:27.391999,2.827345,1.413673,24.840538,0.795903,0.795765
2026-06-12T18:17:27.404546,2.837601,1.418800,24.930640,0.791067,0.795028
2026-06-12T18:17:27.415338,2.848788,1.424394,25.028929,0.801707,0.796180
2026-06-12T18:17:27.423684,2.858851,1.429426,25.117346,0.806221,0.797930
2026-06-12T18:17:27.436644,2.868864,1.434432,25.205312,0.808478,0.799818
2026-06-12T18:17:27.446003,2.879672,1.439836,25.300269,0.808801,0.801707
2026-06-12T18:17:27.457059,2.890700,1.445350,25.397165,0.814605,0.803826
2026-06-12T18:17:27.465895,2.900666,1.450333,25.484723,0.817184,0.806866
2026-06-12T18:17:27.478576,2.910773,1.455386,25.573517,0.819763,0.810966
2026-06-12T18:17:27.487282,2.920893,1.460447,25.662433,0.819441,0.813499
2026-06-12T18:17:27.498768,2.931649,1.465824,25.756928,0.816539,0.814973
2026-06-12T18:17:27.507266,2.942111,1.471056,25.848851,0.816539,0.816125
2026-06-12T18:17:27.516170,2.951756,1.475878,25.933585,0.814927,0.817000
2026-06-12T18:17:27.528958,2.962358,1.481179,26.026740,0.796226,0.814374
2026-06-12T18:17:27.540361,2.972647,1.486324,26.117136,0.793646,0.811012
2026-06-12T18:17:27.548808,2.982718,1.491359,26.205614,0.804287,0.808801
2026-06-12T18:17:27.557648,2.992831,1.496415,26.294465,0.805254,0.806774
2026-06-12T18:17:27.567791,3.002923,1.501462,26.383134,0.792679,0.803365
2026-06-12T18:17:27.579791,3.013443,1.506722,26.475560,0.798805,0.800832
2026-06-12T18:17:27.590989,3.023977,1.511988,26.568105,0.802352,0.799035
2026-06-12T18:17:27.599275,3.033897,1.516949,26.655266,0.798160,0.799312
2026-06-12T18:17:27.608694,3.044098,1.522049,26.744886,0.791711,0.799035
2026-06-12T18:17:27.621057,3.054439,1.527219,26.835742,0.796226,0.797884
2026-06-12T18:17:27.632065,3.065557,1.532778,26.933422,0.792679,0.796087
2026-06-12T18:17:27.641583,3.075461,1.537731,27.020438,0.790422,0.795765
2026-06-12T18:17:27.653191,3.085409,1.542704,27.107836,0.797838,0.795627
2026-06-12T18:17:27.662121,3.095842,1.547921,27.199501,0.793324,0.794337
2026-06-12T18:17:27.672550,3.105606,1.552803,27.285287,0.784618,0.792402
2026-06-12T18:17:27.683378,3.116758,1.558379,27.383268,0.792356,0.792495
2026-06-12T18:17:27.692063,3.126907,1.563454,27.472435,0.796870,0.792587
2026-06-12T18:17:27.702555,3.136603,1.568301,27.557617,0.792356,0.792541
2026-06-12T18:17:27.713068,3.146766,1.573383,27.646912,0.796870,0.793462
2026-06-12T18:17:27.724181,3.157205,1.578603,27.738630,0.797193,0.793370
2026-06-12T18:17:27.732533,3.167601,1.583800,27.829962,0.794936,0.793600
2026-06-12T18:17:27.745499,3.178574,1.589287,27.926370,0.794291,0.794982
2026-06-12T18:17:27.753463,3.188977,1.594489,28.017772,0.796548,0.795581
2026-06-12T18:17:27.766375,3.199802,1.599901,28.112872,0.794613,0.795258
2026-06-12T18:17:27.774364,3.209407,1.604704,28.197267,0.796870,0.795903
2026-06-12T18:17:27.787491,3.220208,1.610104,28.292161,0.795581,0.795719
2026-06-12T18:17:27.796126,3.230781,1.615391,28.385052,0.797515,0.795765
2026-06-12T18:17:27.807697,3.241331,1.620665,28.477740,0.785908,0.794475
2026-06-12T18:17:27.816158,3.251577,1.625789,28.567765,0.792679,0.794245
2026-06-12T18:17:27.829307,3.262216,1.631108,28.661235,0.793324,0.793784
2026-06-12T18:17:27.840394,3.272617,1.636308,28.752612,0.796226,0.794015
2026-06-12T18:17:27.848760,3.283071,1.641536,28.844463,0.796226,0.793922
2026-06-12T18:17:27.858191,3.293558,1.646779,28.936596,0.796548,0.794061
2026-06-12T18:17:27.870476,3.303903,1.651952,29.027489,0.789132,0.792863
2026-06-12T18:17:27.882105,3.315565,1.657782,29.129947,0.788165,0.793185
2026-06-12T18:17:27.892454,3.325319,1.662660,29.215649,0.792679,0.793185
2026-06-12T18:17:27.899869,3.335077,1.667538,29.301375,0.792679,0.793093
2026-06-12T18:17:27.912580,3.345507,1.672753,29.393009,0.797193,0.793232
2026-06-12T18:17:27.920198,3.355287,1.677643,29.478938,0.797515,0.793416
2026-06-12T18:17:27.932891,3.366674,1.683337,29.578983,0.798805,0.793738
2026-06-12T18:17:27.941423,3.375775,1.687888,29.658947,0.798483,0.795074
2026-06-12T18:17:27.953801,3.386439,1.693220,29.752635,0.802352,0.797101
2026-06-12T18:17:27.965992,3.398265,1.699132,29.856534,0.803964,0.798713
2026-06-12T18:17:27.974424,3.407951,1.703975,29.941634,0.802674,0.800141
2026-06-12T18:17:27.982500,3.417861,1.708930,30.028700,0.805899,0.801385
2026-06-12T18:17:27.995720,3.428257,1.714129,30.120044,0.811703,0.803411
2026-06-12T18:17:28.003429,3.438899,1.719449,30.213537,0.811058,0.805162
2026-06-12T18:17:28.015426,3.449369,1.724684,30.305526,0.812025,0.807096
2026-06-12T18:17:28.024203,3.459810,1.729905,30.397262,0.813315,0.808662
2026-06-12T18:17:28.037517,3.470213,1.735106,30.488656,0.815572,0.810321
2026-06-12T18:17:28.046073,3.480230,1.740115,30.576667,0.814282,0.811979
2026-06-12T18:17:28.057060,3.490906,1.745453,30.670462,0.816539,0.813499
2026-06-12T18:17:28.065734,3.501678,1.750839,30.765106,0.814605,0.813914
2026-06-12T18:17:28.078994,3.511548,1.755774,30.851821,0.803642,0.812854
2026-06-12T18:17:28.086935,3.521599,1.760800,30.940126,0.798160,0.810873
2026-06-12T18:17:28.098685,3.532085,1.766042,31.032250,0.807188,0.809998
2026-06-12T18:17:28.108138,3.542389,1.771194,31.122781,0.802674,0.808156
2026-06-12T18:17:28.117788,3.552735,1.776368,31.213683,0.799450,0.806037
2026-06-12T18:17:28.128298,3.563604,1.781802,31.309170,0.806544,0.804609
2026-06-12T18:17:28.140366,3.574088,1.787044,31.401285,0.804287,0.803135
2026-06-12T18:17:28.149284,3.584572,1.792286,31.493397,0.807188,0.803642
2026-06-12T18:17:28.162899,3.595123,1.797561,31.586094,0.804931,0.804609
2026-06-12T18:17:28.170930,3.605089,1.802545,31.673654,0.805576,0.804379
2026-06-12T18:17:28.182505,3.615931,1.807965,31.768906,0.803642,0.804517
2026-06-12T18:17:28.190428,3.625651,1.812826,31.854308,0.805576,0.805392
2026-06-12T18:17:28.200759,3.635235,1.817618,31.938513,0.802674,0.804839
2026-06-12T18:17:28.211530,3.646068,1.823034,32.033687,0.782361,0.801707
2026-06-12T18:17:28.223712,3.656768,1.828384,32.127697,0.780749,0.797930
2026-06-12T18:17:28.233442,3.667622,1.833811,32.223059,0.795903,0.796640
2026-06-12T18:17:28.242165,3.677470,1.838735,32.309577,0.800095,0.795857
2026-06-12T18:17:28.254730,3.688372,1.844186,32.405361,0.802029,0.795627
2026-06-12T18:17:28.265355,3.698406,1.849203,32.493523,0.803319,0.795304
2026-06-12T18:17:28.274253,3.708758,1.854379,32.584473,0.798805,0.794752
2026-06-12T18:17:28.284190,3.718933,1.859466,32.673864,0.788165,0.795581
2026-06-12T18:17:28.295493,3.729585,1.864792,32.767452,0.797515,0.797976
2026-06-12T18:17:28.307673,3.740231,1.870115,32.860984,0.799772,0.798529
2026-06-12T18:17:28.316063,3.751686,1.875843,32.961624,0.802352,0.798851
2026-06-12T18:17:28.328564,3.761094,1.880547,33.044286,0.803642,0.799081
2026-06-12T18:17:28.337656,3.771120,1.885560,33.132372,0.805576,0.799404
2026-06-12T18:17:28.348729,3.781263,1.890631,33.221483,0.801062,0.799726
2026-06-12T18:17:28.357070,3.791343,1.895671,33.310047,0.800417,0.801477
2026-06-12T18:17:28.366011,3.801387,1.900694,33.398296,0.798483,0.801615
2026-06-12T18:17:28.378837,3.811301,1.905650,33.485392,0.802674,0.802029
2026-06-12T18:17:28.390341,3.822557,1.911279,33.584292,0.803319,0.802168
2026-06-12T18:17:28.398688,3.832504,1.916252,33.671681,0.803642,0.802168
2026-06-12T18:17:28.412266,3.844453,1.922226,33.776659,0.804609,0.802029
2026-06-12T18:17:28.420905,3.853074,1.926537,33.852403,0.801062,0.802029
2026-06-12T18:17:28.428844,3.863836,1.931918,33.946954,0.803642,0.802490
2026-06-12T18:17:28.441293,3.874531,1.937265,34.040921,0.804609,0.803365
2026-06-12T18:17:28.449043,3.884788,1.942394,34.131035,0.805899,0.803826
2026-06-12T18:17:28.462920,3.895105,1.947552,34.221677,0.807511,0.804425
2026-06-12T18:17:28.475006,3.907919,1.953960,34.334265,0.807511,0.804977
2026-06-12T18:17:28.482745,3.916246,1.958123,34.407421,0.805254,0.805070
2026-06-12T18:17:28.491524,3.926177,1.963089,34.494677,0.802997,0.805346
2026-06-12T18:17:28.503656,3.936509,1.968254,34.585447,0.805899,0.805668
2026-06-12T18:17:28.513033,3.947188,1.973594,34.679276,0.808156,0.806175
2026-06-12T18:17:28.523591,3.958073,1.979036,34.774903,0.809123,0.806636
2026-06-12T18:17:28.533655,3.967900,1.983950,34.861244,0.811058,0.807142
2026-06-12T18:17:28.545530,3.978438,1.989219,34.953833,0.810735,0.807603
2026-06-12T18:17:28.554332,3.988651,1.994325,35.043556,0.807511,0.807925
2026-06-12T18:17:28.565470,3.999293,1.999647,35.137062,0.805576,0.808294
2026-06-12T18:17:28.574327,4.009936,2.004968,35.230564,0.814927,0.809584
2026-06-12T18:17:28.587342,4.020235,2.010117,35.321048,0.813960,0.810413
2026-06-12T18:17:28.595895,4.030210,2.015105,35.408690,0.818796,0.811795
2026-06-12T18:17:28.607059,4.040834,2.020417,35.502028,0.819119,0.812946
2026-06-12T18:17:28.615904,4.051207,2.025603,35.593162,0.812670,0.813223
2026-06-12T18:17:28.625845,4.061093,2.030546,35.680018,0.808801,0.813407
2026-06-12T18:17:28.637274,4.071597,2.035798,35.772306,0.813315,0.814512
2026-06-12T18:17:28.649212,4.082087,2.041043,35.864469,0.813315,0.814282
2026-06-12T18:17:28.657059,4.092093,2.046046,35.952378,0.805576,0.813084
2026-06-12T18:17:28.667032,4.102312,2.051156,36.042160,0.808801,0.811657
2026-06-12T18:17:28.678595,4.113108,2.056554,36.137019,0.812025,0.810643
2026-06-12T18:17:28.690444,4.124219,2.062110,36.234638,0.809768,0.810229
2026-06-12T18:17:28.698694,4.133805,2.066902,36.318853,0.810090,0.810413
2026-06-12T18:17:28.708558,4.143804,2.071902,36.406704,0.809446,0.809860
2026-06-12T18:17:28.721550,4.154687,2.077344,36.502323,0.803319,0.808432
2026-06-12T18:17:28.732952,4.165196,2.082598,36.594654,0.803319,0.808110
2026-06-12T18:17:28.740288,4.176071,2.088035,36.690195,0.810090,0.808294
2026-06-12T18:17:28.754289,4.186429,2.093215,36.781204,0.809768,0.807972
2026-06-12T18:17:28.761683,4.197080,2.098540,36.874779,0.809446,0.807925
2026-06-12T18:17:28.773763,4.207787,2.103893,36.968848,0.810735,0.808018
2026-06-12T18:17:28.782522,4.217803,2.108902,37.056850,0.810735,0.808202
2026-06-12T18:17:28.795488,4.227794,2.113897,37.144623,0.807833,0.808847
2026-06-12T18:17:28.804197,4.238688,2.119344,37.240336,0.809768,0.809768
2026-06-12T18:17:28.815418,4.249100,2.124550,37.331813,0.812992,0.810183
2026-06-12T18:17:28.827773,4.259862,2.129931,37.426373,0.808478,0.809998
2026-06-12T18:17:28.837536,4.270125,2.135062,37.516536,0.809768,0.810044
2026-06-12T18:17:28.846919,4.279729,2.139864,37.600914,0.809123,0.809814
2026-06-12T18:17:28.857041,4.290220,2.145110,37.693090,0.807833,0.809399
2026-06-12T18:17:28.865430,4.300543,2.150272,37.783789,0.808801,0.809538
2026-06-12T18:17:28.875290,4.310274,2.155137,37.869281,0.811703,0.809814
2026-06-12T18:17:28.886159,4.320793,2.160396,37.961698,0.807511,0.809031
2026-06-12T18:17:28.898703,4.330819,2.165409,38.049781,0.808801,0.809077
2026-06-12T18:17:28.907370,4.341878,2.170939,38.146949,0.807511,0.808755
2026-06-12T18:17:28.916105,4.351047,2.175524,38.227506,0.811380,0.809077
2026-06-12T18:17:28.928562,4.360903,2.180451,38.314094,0.805576,0.808755
2026-06-12T18:17:28.937314,4.371784,2.185892,38.409693,0.803964,0.808064
2026-06-12T18:17:28.948758,4.382905,2.191453,38.507405,0.807511,0.807465
2026-06-12T18:17:28.957624,4.392837,2.196418,38.594660,0.806544,0.807327
2026-06-12T18:17:28.970841,4.403072,2.201536,38.684589,0.807188,0.807096
2026-06-12T18:17:28.978455,4.413902,2.206951,38.779739,0.812025,0.807741
2026-06-12T18:17:28.991369,4.424147,2.212074,38.869750,0.807833,0.807235
2026-06-12T18:17:28.999158,4.434599,2.217299,38.961573,0.813960,0.808432
2026-06-12T18:17:29.012586,4.445244,2.222622,39.055099,0.826857,0.811703
2026-06-12T18:17:29.022029,4.455330,2.227665,39.143719,0.831049,0.815065
2026-06-12T18:17:29.034148,4.466324,2.233162,39.240310,0.834596,0.819073
2026-06-12T18:17:29.040711,4.475870,2.237935,39.324178,0.835240,0.823080
2026-06-12T18:17:29.050977,4.486189,2.243094,39.414837,0.838465,0.826857
2026-06-12T18:17:29.062496,4.496634,2.248317,39.506604,0.824922,0.829298
2026-06-12T18:17:29.074210,4.506570,2.253285,39.593897,0.821698,0.830404
2026-06-12T18:17:29.083952,4.516565,2.258282,39.681711,0.829114,0.830726
2026-06-12T18:17:29.091951,4.527070,2.263535,39.774012,0.825245,0.829897
2026-06-12T18:17:29.104290,4.537692,2.268846,39.867336,0.824600,0.828469
2026-06-12T18:17:29.115845,4.548090,2.274045,39.958686,0.825890,0.827133
2026-06-12T18:17:29.124315,4.558116,2.279058,40.046774,0.822343,0.824830
2026-06-12T18:17:29.133241,4.568828,2.284414,40.140884,0.823633,0.824646
2026-06-12T18:17:29.145697,4.579090,2.289545,40.231045,0.822021,0.824692
2026-06-12T18:17:29.157104,4.589248,2.294624,40.320298,0.821053,0.823541
2026-06-12T18:17:29.165422,4.600107,2.300053,40.415697,0.817506,0.822435
2026-06-12T18:17:29.178604,4.610673,2.305337,40.508532,0.816862,0.821330
2026-06-12T18:17:29.187588,4.620685,2.310342,40.596491,0.815249,0.819810
2026-06-12T18:17:29.199267,4.631486,2.315743,40.691389,0.815572,0.818842
2026-06-12T18:17:29.207092,4.641712,2.320856,40.781234,0.812670,0.817276
2026-06-12T18:17:29.217144,4.651798,2.325899,40.869849,0.814927,0.816263
2026-06-12T18:17:29.228869,4.662219,2.331110,40.961409,0.809768,0.814651
2026-06-12T18:17:29.240735,4.672984,2.336492,41.055984,0.807511,0.813223
2026-06-12T18:17:29.248724,4.683230,2.341615,41.146004,0.803964,0.811380
2026-06-12T18:17:29.257944,4.693330,2.346665,41.234742,0.803964,0.809768
2026-06-12T18:17:29.271000,4.704517,2.352258,41.333022,0.794936,0.806820
2026-06-12T18:17:29.282096,4.714837,2.357419,41.423700,0.791389,0.803780
2026-06-12T18:17:29.290454,4.725203,2.362601,41.514767,0.797193,0.801246
2026-06-12T18:17:29.299805,4.734773,2.367387,41.598853,0.799772,0.799818
2026-06-12T18:17:29.312204,4.746211,2.373106,41.699347,0.802674,0.799128
2026-06-12T18:17:29.322178,4.755248,2.377624,41.778742,0.803319,0.799035
2026-06-12T18:17:29.331996,4.765494,2.382747,41.868757,0.805899,0.799312
2026-06-12T18:17:29.341644,4.775922,2.387961,41.960375,0.809768,0.801431
2026-06-12T18:17:29.351142,4.786287,2.393143,42.051443,0.815894,0.804931
2026-06-12T18:17:29.362933,4.796620,2.398310,42.142224,0.822343,0.808524
2026-06-12T18:17:29.374200,4.807517,2.403759,42.237969,0.828792,0.812670
2026-06-12T18:17:29.383362,4.817875,2.408938,42.328974,0.835563,0.817368
2026-06-12T18:17:29.395545,4.828519,2.414260,42.422489,0.842657,0.822988
2026-06-12T18:17:29.403250,4.838088,2.419044,42.506556,0.845558,0.828654
2026-06-12T18:17:29.415312,4.848795,2.424397,42.600625,0.849428,0.834319
2026-06-12T18:17:29.424700,4.858668,2.429334,42.687367,0.848460,0.838972
2026-06-12T18:17:29.434309,4.868915,2.434458,42.777401,0.841367,0.841689
2026-06-12T18:17:29.445587,4.879637,2.439819,42.871600,0.831049,0.842012
2026-06-12T18:17:29.457029,4.889664,2.444832,42.959692,0.831049,0.841367
2026-06-12T18:17:29.465397,4.899822,2.449911,43.048943,0.825245,0.838879
2026-06-12T18:17:29.474831,4.910422,2.455211,43.142075,0.817829,0.834918
2026-06-12T18:17:29.487161,4.921260,2.460630,43.237296,0.822021,0.831003
2026-06-12T18:17:29.498719,4.930990,2.465495,43.322782,0.822988,0.827364
2026-06-12T18:17:29.507071,4.941605,2.470802,43.416038,0.814927,0.823587
2026-06-12T18:17:29.516012,4.951651,2.475825,43.504298,0.818151,0.821744
2026-06-12T18:17:29.529473,4.962203,2.481102,43.597010,0.819763,0.820132
2026-06-12T18:17:29.540350,4.972590,2.486295,43.688265,0.820731,0.819487
2026-06-12T18:17:29.550300,4.982547,2.491274,43.775749,0.822021,0.820086
2026-06-12T18:17:29.557654,4.992553,2.496277,43.863660,0.821053,0.819948
2026-06-12T18:17:29.570416,5.003482,2.501741,43.959682,0.806544,0.817599
2026-06-12T18:17:29.578157,5.013807,2.506903,44.050392,0.802352,0.815802
2026-06-12T18:17:29.591483,5.024144,2.512072,44.141212,0.813960,0.815203
2026-06-12T18:17:29.599114,5.034623,2.517312,44.233280,0.816539,0.814743
2026-06-12T18:17:29.612576,5.045112,2.522556,44.325434,0.815894,0.814052
2026-06-12T18:17:29.620811,5.055128,2.527564,44.413434,0.817506,0.813407
2026-06-12T18:17:29.632927,5.065686,2.532843,44.506190,0.816862,0.812808
2026-06-12T18:17:29.640800,5.075687,2.537843,44.594054,0.813637,0.813821
2026-06-12T18:17:29.654063,5.086226,2.543113,44.686650,0.815249,0.815664
2026-06-12T18:17:29.664180,5.097120,2.548560,44.782368,0.813960,0.815664
2026-06-12T18:17:29.674781,5.107056,2.553528,44.869662,0.812025,0.815019
2026-06-12T18:17:29.683188,5.117655,2.558827,44.962781,0.804287,0.813361
2026-06-12T18:17:29.691978,5.127102,2.563551,45.045781,0.812025,0.812578
2026-06-12T18:17:29.704523,5.137739,2.568870,45.139239,0.808801,0.811426
2026-06-12T18:17:29.715693,5.149281,2.574641,45.240645,0.809768,0.810873
2026-06-12T18:17:29.725477,5.157870,2.578935,45.316103,0.810413,0.810183
2026-06-12T18:17:29.733106,5.167891,2.583945,45.404143,0.810413,0.809676
2026-06-12T18:17:29.745900,5.178109,2.589055,45.493924,0.812025,0.809676
2026-06-12T18:17:29.754571,5.188744,2.594372,45.587356,0.816217,0.811380
2026-06-12T18:17:29.765366,5.200361,2.600181,45.689424,0.814927,0.811795
2026-06-12T18:17:29.774280,5.209757,2.604878,45.771973,0.815572,0.812762
2026-06-12T18:17:29.787365,5.219730,2.609865,45.859594,0.813637,0.813315
2026-06-12T18:17:29.795679,5.230834,2.615417,45.957153,0.816539,0.814190
2026-06-12T18:17:29.807389,5.240421,2.620211,46.041385,0.817184,0.815157
2026-06-12T18:17:29.815741,5.250533,2.625267,46.130228,0.821053,0.816447
2026-06-12T18:17:29.828603,5.261083,2.630541,46.222912,0.822665,0.817368
2026-06-12T18:17:29.837400,5.271363,2.635681,46.313232,0.823310,0.818566
2026-06-12T18:17:29.849202,5.281783,2.640892,46.404785,0.769463,0.811979
2026-06-12T18:17:29.859073,5.291868,2.645934,46.493387,0.753019,0.803319
2026-06-12T18:17:29.866615,5.301926,2.650963,46.581756,0.797193,0.800555
2026-06-12T18:17:29.878616,5.312379,2.656189,46.673590,0.807833,0.799220
2026-06-12T18:17:29.890974,5.323177,2.661589,46.768463,0.812347,0.797976
2026-06-12T18:17:29.899008,5.333673,2.666836,46.860676,0.826857,0.798575
2026-06-12T18:17:29.912050,5.344103,2.672052,46.952317,0.824278,0.798713
2026-06-12T18:17:29.921207,5.353461,2.676731,47.034531,0.820731,0.806037
2026-06-12T18:17:29.928654,5.363556,2.681778,47.123222,0.822988,0.816032
2026-06-12T18:17:29.940332,5.374488,2.687244,47.219269,0.823633,0.819810
2026-06-12T18:17:29.949132,5.384304,2.692152,47.305508,0.812670,0.820500
2026-06-12T18:17:29.962129,5.395111,2.697556,47.400461,0.817506,0.821237
2026-06-12T18:17:29.973687,5.405960,2.702980,47.495780,0.823633,0.820777
2026-06-12T18:17:29.983081,5.415564,2.707782,47.580160,0.813637,0.819257
2026-06-12T18:17:29.990357,5.425746,2.712873,47.669617,0.813960,0.818290
2026-06-12T18:17:30.003733,5.435930,2.717965,47.759087,0.820086,0.817875
2026-06-12T18:17:30.012369,5.445858,2.722929,47.846318,0.820731,0.817460
2026-06-12T18:17:30.023697,5.456803,2.728401,47.942471,0.820731,0.818612
2026-06-12T18:17:30.032023,5.466248,2.733124,48.025453,0.826212,0.819856
2026-06-12T18:17:30.041781,5.476088,2.738044,48.111906,0.827180,0.820362
2026-06-12T18:17:30.054157,5.486674,2.743337,48.204920,0.797193,0.818013
2026-06-12T18:17:30.065946,5.498478,2.749239,48.308620,0.777847,0.812854
2026-06-12T18:17:30.074555,5.508066,2.754033,48.392859,0.811703,0.811657
2026-06-12T18:17:30.084540,5.517455,2.758728,48.475356,0.820086,0.811564
2026-06-12T18:17:30.095599,5.528441,2.764220,48.571872,0.823633,0.811979
2026-06-12T18:17:30.104895,5.538853,2.769426,48.663347,0.825890,0.811933
2026-06-12T18:17:30.115314,5.548556,2.774278,48.748604,0.822665,0.811288
2026-06-12T18:17:30.125738,5.558846,2.779423,48.839004,0.815249,0.813868
2026-06-12T18:17:30.137214,5.569906,2.784953,48.936173,0.822988,0.820316
2026-06-12T18:17:30.145209,5.579571,2.789786,49.021092,0.818796,0.821330
2026-06-12T18:17:30.157023,5.590290,2.795145,49.115271,0.814605,0.820547
2026-06-12T18:17:30.165573,5.600951,2.800476,49.208933,0.820408,0.820086
2026-06-12T18:17:30.178788,5.611455,2.805727,49.301217,0.824600,0.819902
2026-06-12T18:17:30.187268,5.622097,2.811048,49.394717,0.822665,0.819902
2026-06-12T18:17:30.199286,5.632438,2.816219,49.485573,0.824922,0.821284
2026-06-12T18:17:30.207297,5.642783,2.821392,49.576461,0.823955,0.821422
2026-06-12T18:17:30.217570,5.652635,2.826317,49.663015,0.825890,0.822435
2026-06-12T18:17:30.228801,5.662972,2.831486,49.753839,0.824600,0.823863
2026-06-12T18:17:30.241201,5.673500,2.836750,49.846336,0.825245,0.824554
2026-06-12T18:17:30.249145,5.684626,2.842313,49.944088,0.822343,0.824232
2026-06-12T18:17:30.258664,5.693615,2.846807,50.023060,0.822021,0.824139
2026-06-12T18:17:30.271253,5.704290,2.852145,50.116846,0.822021,0.823725
2026-06-12T18:17:30.282687,5.715208,2.857604,50.212772,0.821376,0.823356
2026-06-12T18:17:30.290908,5.725441,2.862721,50.302682,0.821376,0.822711
2026-06-12T18:17:30.300241,5.735301,2.867650,50.389305,0.823955,0.822619
2026-06-12T18:17:30.313385,5.746453,2.873227,50.487290,0.823633,0.822389
2026-06-12T18:17:30.323696,5.756282,2.878141,50.573640,0.808478,0.820408
2026-06-12T18:17:30.333054,5.766908,2.883454,50.667000,0.815894,0.819533
2026-06-12T18:17:30.341491,5.776737,2.888369,50.753360,0.820086,0.819257
2026-06-12T18:17:30.354343,5.787485,2.893743,50.847788,0.821376,0.819257
2026-06-12T18:17:30.365338,5.797781,2.898891,50.938247,0.821053,0.819211
2026-06-12T18:17:30.373721,5.808504,2.904252,51.032459,0.824278,0.819257
2026-06-12T18:17:30.383677,5.818304,2.909152,51.118555,0.821053,0.818888
2026-06-12T18:17:30.395385,5.828391,2.914195,51.207175,0.815894,0.819948
2026-06-12T18:17:30.403691,5.838536,2.919268,51.296310,0.819119,0.820408
2026-06-12T18:17:30.415318,5.848841,2.924420,51.386847,0.819119,0.820270
2026-06-12T18:17:30.425973,5.859387,2.929693,51.479500,0.798805,0.817046
2026-06-12T18:17:30.437222,5.870113,2.935056,51.573737,0.812347,0.815802
2026-06-12T18:17:30.445252,5.880342,2.940171,51.663610,0.819763,0.815157
2026-06-12T18:17:30.457146,5.891230,2.945615,51.759267,0.819119,0.814881
2026-06-12T18:17:30.465946,5.901217,2.950608,51.847011,0.819763,0.815434
2026-06-12T18:17:30.480634,5.912680,2.956340,51.947729,0.823633,0.816079
2026-06-12T18:17:30.488173,5.922097,2.961048,52.030460,0.819441,0.816125
2026-06-12T18:17:30.501178,5.934606,2.967303,52.140363,0.804287,0.816908
2026-06-12T18:17:30.507039,5.941874,2.970937,52.204220,0.812992,0.817000
2026-06-12T18:17:30.517081,5.951829,2.975915,52.291685,0.822665,0.817414
2026-06-12T18:17:30.529302,5.961879,2.980939,52.379978,0.820086,0.817553
2026-06-12T18:17:30.540698,5.974064,2.987032,52.487033,0.822021,0.817875
2026-06-12T18:17:30.548762,5.983697,2.991849,52.571673,0.822665,0.817737
2026-06-12T18:17:30.558612,5.993172,2.996586,52.654912,0.824278,0.818428
2026-06-12T18:17:30.571199,6.003627,3.001813,52.746769,0.823955,0.821237
2026-06-12T18:17:30.582493,6.014704,3.007352,52.844091,0.824600,0.822896
2026-06-12T18:17:30.591545,6.025209,3.012604,52.936384,0.822021,0.822804
2026-06-12T18:17:30.600283,6.035751,3.017876,53.029007,0.817829,0.822481
2026-06-12T18:17:30.613288,6.046179,3.023089,53.120624,0.822021,0.822481
2026-06-12T18:17:30.623322,6.055430,3.027715,53.201899,0.823633,0.822619
2026-06-12T18:17:30.632742,6.065923,3.032962,53.294093,0.818796,0.821836
2026-06-12T18:17:30.642076,6.076724,3.038362,53.388984,0.823955,0.821836
2026-06-12T18:17:30.653846,6.087383,3.043691,53.482633,0.827824,0.822297
2026-06-12T18:17:30.665349,6.098426,3.049213,53.579659,0.823633,0.822527
2026-06-12T18:17:30.673731,6.108446,3.054223,53.667695,0.829759,0.824232
2026-06-12T18:17:30.683928,6.118583,3.059292,53.756757,0.829437,0.825291
2026-06-12T18:17:30.695383,6.128949,3.064475,53.847830,0.823955,0.825337
2026-06-12T18:17:30.707065,6.139860,3.069930,53.943688,0.829759,0.826903
2026-06-12T18:17:30.715624,6.149829,3.074914,54.031271,0.837175,0.828792
2026-06-12T18:17:30.726256,6.159433,3.079716,54.115652,0.839110,0.830404
2026-06-12T18:17:30.737319,6.170371,3.085185,54.211750,0.842334,0.833076
2026-06-12T18:17:30.746059,6.180097,3.090048,54.297199,0.843301,0.835010
2026-06-12T18:17:30.758146,6.191413,3.095706,54.396622,0.847816,0.837636
2026-06-12T18:17:30.766241,6.201079,3.100539,54.481546,0.847816,0.841044
2026-06-12T18:17:30.778700,6.211260,3.105630,54.570995,0.850717,0.844038
2026-06-12T18:17:30.787925,6.221438,3.110719,54.660421,0.848138,0.845605
2026-06-12T18:17:30.799189,6.232667,3.116334,54.759076,0.829759,0.844269
2026-06-12T18:17:30.807612,6.242607,3.121304,54.846405,0.818151,0.840814
2026-06-12T18:17:30.820775,6.252909,3.126455,54.936920,0.836853,0.839893
2026-06-12T18:17:30.829390,6.262738,3.131369,55.023274,0.837820,0.838465
2026-06-12T18:17:30.841287,6.273434,3.136717,55.117249,0.841044,0.837498
2026-06-12T18:17:30.849226,6.283285,3.141643,55.203797,0.839110,0.835839
2026-06-12T18:17:30.858698,6.293990,3.146995,55.297844,0.839432,0.834596
2026-06-12T18:17:30.870615,6.304608,3.152304,55.391136,0.837820,0.835747
2026-06-12T18:17:30.883352,6.315507,3.157753,55.486890,0.836853,0.838419
2026-06-12T18:17:30.891292,6.324708,3.162354,55.567732,0.836208,0.838327
2026-06-12T18:17:30.899356,6.334688,3.167344,55.655412,0.835240,0.837958
2026-06-12T18:17:30.911784,6.345346,3.172673,55.749048,0.837498,0.837451
2026-06-12T18:17:30.924987,6.357200,3.178600,55.853200,0.832983,0.836576
2026-06-12T18:17:30.933190,6.367067,3.183534,55.939888,0.832339,0.835563
2026-06-12T18:17:30.941523,6.376335,3.188168,56.021316,0.830404,0.834503
2026-06-12T18:17:30.951466,6.386657,3.193329,56.112006,0.831694,0.833766
2026-06-12T18:17:30.962839,6.396956,3.198478,56.202484,0.830404,0.832937
2026-06-12T18:17:30.974243,6.407365,3.203682,56.293938,0.832016,0.832477
2026-06-12T18:17:30.982433,6.417046,3.208523,56.378992,0.833306,0.831878
2026-06-12T18:17:30.993538,6.427746,3.213873,56.472999,0.834918,0.832154
2026-06-12T18:17:31.004092,6.438634,3.219317,56.568662,0.831049,0.831970
2026-06-12T18:17:31.015640,6.449939,3.224969,56.667983,0.834918,0.832615
2026-06-12T18:17:31.026439,6.459443,3.229721,56.751486,0.835885,0.833214
2026-06-12T18:17:31.037112,6.469737,3.234868,56.841925,0.827502,0.832799
2026-06-12T18:17:31.046522,6.479777,3.239888,56.930133,0.830404,0.832569
2026-06-12T18:17:31.057004,6.490247,3.245123,57.022124,0.840077,0.833536
2026-06-12T18:17:31.067046,6.500603,3.250302,57.113114,0.838787,0.834089
2026-06-12T18:17:31.075325,6.510278,3.255139,57.198116,0.834596,0.834596
2026-06-12T18:17:31.087522,6.520814,3.260407,57.290678,0.832016,0.834181
2026-06-12T18:17:31.099704,6.532194,3.266097,57.390666,0.839755,0.834734
2026-06-12T18:17:31.107548,6.541671,3.270835,57.473923,0.841044,0.836668
2026-06-12T18:17:31.120208,6.552384,3.276192,57.568053,0.842334,0.838373
2026-06-12T18:17:31.128746,6.562752,3.281376,57.659136,0.838787,0.838188
2026-06-12T18:17:31.140971,6.573572,3.286786,57.754203,0.836208,0.837820
2026-06-12T18:17:31.148853,6.583968,3.291984,57.845538,0.834596,0.837820
2026-06-12T18:17:31.158685,6.593748,3.296874,57.931465,0.835563,0.838327
2026-06-12T18:17:31.172094,6.605068,3.302534,58.030921,0.822988,0.835931
2026-06-12T18:17:31.182767,6.615470,3.307735,58.122310,0.827502,0.833997
2026-06-12T18:17:31.191382,6.625866,3.312933,58.213652,0.832016,0.832523
2026-06-12T18:17:31.204123,6.636420,3.318210,58.306373,0.829759,0.831233
2026-06-12T18:17:31.212449,6.646084,3.323042,58.391281,0.829759,0.830312
2026-06-12T18:17:31.224819,6.657766,3.328883,58.493920,0.829437,0.829575
2026-06-12T18:17:31.233271,6.667765,3.333883,58.581768,0.832016,0.829068
2026-06-12T18:17:31.245957,6.678254,3.339127,58.673916,0.832339,0.830404
2026-06-12T18:17:31.254016,6.688889,3.344444,58.767357,0.834596,0.831417
2026-06-12T18:17:31.265342,6.699883,3.349941,58.863948,0.831049,0.831279
2026-06-12T18:17:31.274805,6.710373,3.355186,58.956111,0.827502,0.830957
2026-06-12T18:17:31.287374,6.720462,3.360231,59.044755,0.826857,0.830542
2026-06-12T18:17:31.298727,6.731305,3.365653,59.140019,0.830726,0.830726
2026-06-12T18:17:31.308787,6.741905,3.370952,59.233142,0.804609,0.826811
2026-06-12T18:17:31.316379,6.751437,3.375718,59.316890,0.795903,0.821606
2026-06-12T18:17:31.329494,6.761836,3.380918,59.408258,0.819119,0.819395
2026-06-12T18:17:31.338036,6.771819,3.385910,59.495967,0.828469,0.819027
2026-06-12T18:17:31.348759,6.782636,3.391318,59.591001,0.825890,0.818796
2026-06-12T18:17:31.358098,6.792872,3.396436,59.680930,0.830404,0.819303
2026-06-12T18:17:31.371316,6.803432,3.401716,59.773713,0.831371,0.819395
2026-06-12T18:17:31.378887,6.813628,3.406814,59.863287,0.828147,0.822758
2026-06-12T18:17:31.390917,6.824055,3.412028,59.954903,0.830081,0.827640
2026-06-12T18:17:31.399261,6.834408,3.417204,60.045862,0.833628,0.829713
2026-06-12T18:17:31.409696,6.844428,3.422214,60.133890,0.822988,0.828930
2026-06-12T18:17:31.420755,6.855267,3.427633,60.229122,0.825567,0.828884
2026-06-12T18:17:31.432015,6.865396,3.432698,60.318114,0.829114,0.828700
2026-06-12T18:17:31.441074,6.875379,3.437690,60.405828,0.830081,0.828515
2026-06-12T18:17:31.453691,6.885892,3.442946,60.498185,0.831694,0.829022
2026-06-12T18:17:31.463441,6.896946,3.448473,60.595310,0.831694,0.829252
2026-06-12T18:17:31.473691,6.906772,3.453386,60.681639,0.832016,0.829022
2026-06-12T18:17:31.483253,6.916903,3.458452,60.770649,0.830081,0.830035
2026-06-12T18:17:31.491967,6.927212,3.463606,60.861223,0.832661,0.831049
2026-06-12T18:17:31.504531,6.937694,3.468847,60.953311,0.832339,0.831509
2026-06-12T18:17:31.515377,6.948744,3.474372,61.050397,0.833951,0.832062
2026-06-12T18:17:31.524212,6.958593,3.479297,61.136928,0.836208,0.832707
2026-06-12T18:17:31.533636,6.968713,3.484357,61.225842,0.841044,0.834043
2026-06-12T18:17:31.546061,6.979795,3.489898,61.323207,0.838787,0.835010
2026-06-12T18:17:31.557031,6.990082,3.495041,61.413584,0.843301,0.836899
2026-06-12T18:17:31.565758,7.000055,3.500027,61.501204,0.842012,0.838235
2026-06-12T18:17:31.575239,7.010071,3.505036,61.589206,0.847171,0.840353
2026-06-12T18:17:31.587797,7.020402,3.510201,61.679968,0.848460,0.842426
2026-06-12T18:17:31.596596,7.030545,3.515273,61.769086,0.851362,0.844591
2026-06-12T18:17:31.607586,7.041088,3.520544,61.861714,0.846203,0.845328
2026-06-12T18:17:31.617105,7.051649,3.525824,61.954496,0.841689,0.845743
2026-06-12T18:17:31.629036,7.062371,3.531185,62.048701,0.846203,0.846157
2026-06-12T18:17:31.641537,7.073638,3.536819,62.147692,0.849750,0.847263
2026-06-12T18:17:31.648719,7.083211,3.541605,62.231798,0.843624,0.846756
2026-06-12T18:17:31.658152,7.093541,3.546771,62.322558,0.849105,0.846848
2026-06-12T18:17:31.671662,7.103795,3.551897,62.412643,0.851040,0.846802
2026-06-12T18:17:31.682108,7.114394,3.557197,62.505761,0.852330,0.847677
2026-06-12T18:17:31.691122,7.124602,3.562301,62.595451,0.847816,0.848553
2026-06-12T18:17:31.699833,7.134785,3.567393,62.684919,0.850717,0.849197
2026-06-12T18:17:31.712104,7.145732,3.572866,62.781095,0.845558,0.848599
2026-06-12T18:17:31.725461,7.157800,3.578900,62.887121,0.831371,0.846848
2026-06-12T18:17:31.732042,7.166738,3.583369,62.965654,0.844591,0.846203
2026-06-12T18:17:31.743322,7.176255,3.588127,63.049262,0.844914,0.845328
2026-06-12T18:17:31.753736,7.186781,3.593391,63.141748,0.842334,0.843900
2026-06-12T18:17:31.762146,7.196941,3.598470,63.231005,0.844269,0.843394
2026-06-12T18:17:31.773664,7.207190,3.603595,63.321053,0.849750,0.843255
2026-06-12T18:17:31.783511,7.217798,3.608899,63.414254,0.824922,0.840307
2026-06-12T18:17:31.795534,7.228496,3.614248,63.508248,0.825245,0.839432
2026-06-12T18:17:31.804112,7.238892,3.619446,63.599587,0.853619,0.840722
2026-06-12T18:17:31.815373,7.249452,3.624726,63.692360,0.863293,0.843347
2026-06-12T18:17:31.827789,7.259983,3.629992,63.784885,0.866517,0.846802
2026-06-12T18:17:31.837213,7.270768,3.635384,63.879642,0.872643,0.850856
2026-06-12T18:17:31.848716,7.280753,3.640376,63.967363,0.874578,0.854402
2026-06-12T18:17:31.857087,7.290937,3.645469,64.056844,0.876512,0.861772
2026-06-12T18:17:31.865919,7.301427,3.650713,64.149001,0.875223,0.868912
2026-06-12T18:17:31.878538,7.311456,3.655728,64.237116,0.873933,0.871814
2026-06-12T18:17:31.887540,7.321901,3.660950,64.328884,0.851685,0.870156
2026-06-12T18:17:31.899738,7.333846,3.666923,64.433833,0.854587,0.868452
2026-06-12T18:17:31.907653,7.342198,3.671099,64.507211,0.856844,0.866194
2026-06-12T18:17:31.920775,7.352943,3.676472,64.601617,0.859101,0.863983
2026-06-12T18:17:31.929135,7.362967,3.681483,64.689680,0.856199,0.861082
2026-06-12T18:17:31.941380,7.373545,3.686773,64.782621,0.857166,0.858502
2026-06-12T18:17:31.949231,7.384361,3.692180,64.877642,0.853297,0.855554
2026-06-12T18:17:31.958656,7.393944,3.696972,64.961845,0.845236,0.854633
2026-06-12T18:17:31.970578,7.403952,3.701976,65.049768,0.833306,0.851593
2026-06-12T18:17:31.982033,7.415095,3.707548,65.147671,0.835563,0.848553
2026-06-12T18:17:31.990434,7.425354,3.712677,65.237808,0.836853,0.845374
2026-06-12T18:17:32.000259,7.435572,3.717786,65.327581,0.844591,0.843716
2026-06-12T18:17:32.012767,7.445922,3.722961,65.418514,0.847816,0.842380
2026-06-12T18:17:32.024381,7.456491,3.728245,65.511363,0.842657,0.840860
2026-06-12T18:17:32.034971,7.467401,3.733700,65.607220,0.844591,0.840768
2026-06-12T18:17:32.041903,7.476895,3.738447,65.690632,0.844914,0.842426
2026-06-12T18:17:32.054200,7.487185,3.743593,65.781043,0.845236,0.843808
2026-06-12T18:17:32.062668,7.498074,3.749037,65.876707,0.834273,0.843440
2026-06-12T18:17:32.074310,7.508490,3.754245,65.968223,0.843946,0.843347
2026-06-12T18:17:32.084015,7.518515,3.759257,66.056298,0.845881,0.843071
2026-06-12T18:17:32.095742,7.529234,3.764617,66.150471,0.846526,0.843624
2026-06-12T18:17:32.106992,7.540132,3.770066,66.246222,0.842979,0.843394
2026-06-12T18:17:32.115328,7.550105,3.775053,66.333846,0.846848,0.843670
2026-06-12T18:17:32.127948,7.560852,3.780426,66.428265,0.846848,0.843900
2026-06-12T18:17:32.138294,7.571075,3.785538,66.518085,0.849428,0.846065
2026-06-12T18:17:32.146121,7.580792,3.790396,66.603453,0.848460,0.846710
2026-06-12T18:17:32.158118,7.592146,3.796073,66.703210,0.839755,0.845835
2026-06-12T18:17:32.166802,7.601849,3.800924,66.788454,0.831371,0.843670
2026-06-12T18:17:32.179003,7.612470,3.806235,66.881767,0.842334,0.843578
2026-06-12T18:17:32.187876,7.622684,3.811342,66.971509,0.842657,0.842979
2026-06-12T18:17:32.201234,7.633633,3.816816,67.067704,0.842979,0.842426
2026-06-12T18:17:32.208665,7.643676,3.821838,67.155945,0.844591,0.841735
2026-06-12T18:17:32.221925,7.654360,3.827180,67.249808,0.846526,0.841459
2026-06-12T18:17:32.232612,7.664769,3.832385,67.341263,0.844591,0.842150
2026-06-12T18:17:32.241583,7.675353,3.837676,67.434249,0.847816,0.844499
2026-06-12T18:17:32.250462,7.686028,3.843014,67.528039,0.847816,0.845282
2026-06-12T18:17:32.262699,7.695491,3.847745,67.611177,0.849428,0.846249
2026-06-12T18:17:32.270270,7.705273,3.852636,67.697117,0.853619,0.847769
2026-06-12T18:17:32.283152,7.715969,3.857985,67.791096,0.858134,0.849704
2026-06-12T18:17:32.290824,7.726329,3.863165,67.882118,0.862003,0.851915
2026-06-12T18:17:32.304287,7.736707,3.868353,67.973293,0.867807,0.855232
2026-06-12T18:17:32.311682,7.747510,3.873755,68.068204,0.870386,0.858456
2026-06-12T18:17:32.323689,7.758113,3.879057,68.161368,0.871031,0.861772
2026-06-12T18:17:32.333125,7.768467,3.884233,68.252329,0.870064,0.864720
2026-06-12T18:17:32.345414,7.779099,3.889550,68.345745,0.868774,0.866885
2026-06-12T18:17:32.357528,7.790581,3.895291,68.446626,0.865872,0.867991
2026-06-12T18:17:32.365353,7.800096,3.900048,68.530220,0.862003,0.867991
2026-06-12T18:17:32.374716,7.810002,3.905001,68.617251,0.862970,0.867300
2026-06-12T18:17:32.388149,7.820376,3.910188,68.708395,0.863293,0.866287
2026-06-12T18:17:32.400350,7.833703,3.916851,68.825481,0.859746,0.864674
2026-06-12T18:17:32.407528,7.841341,3.920670,68.892589,0.859746,0.863200
2026-06-12T18:17:32.417226,7.851908,3.925954,68.985426,0.863293,0.862417
2026-06-12T18:17:32.428546,7.862330,3.931165,69.076998,0.857489,0.861220
2026-06-12T18:17:32.440331,7.872446,3.936223,69.165875,0.860068,0.860943
2026-06-12T18:17:32.448694,7.882815,3.941407,69.256971,0.860713,0.860621
2026-06-12T18:17:32.457946,7.893219,3.946609,69.348380,0.862325,0.860483
2026-06-12T18:17:32.470800,7.903588,3.951794,69.439480,0.860391,0.860575
2026-06-12T18:17:32.478497,7.913845,3.956922,69.529596,0.865550,0.861404
2026-06-12T18:17:32.491564,7.924601,3.962300,69.624096,0.861680,0.861174
2026-06-12T18:17:32.499410,7.934651,3.967326,69.712398,0.862003,0.861819
2026-06-12T18:17:32.512268,7.945464,3.972732,69.807391,0.861035,0.861957
2026-06-12T18:17:32.524113,7.956300,3.978150,69.902597,0.863615,0.862371
2026-06-12T18:17:32.532330,7.966790,3.983395,69.994761,0.861035,0.862187
2026-06-12T18:17:32.541324,7.976274,3.988137,70.078090,0.862325,0.862463
2026-06-12T18:17:32.553376,7.986305,3.993152,70.166214,0.861680,0.861911
2026-06-12T18:17:32.562709,7.996515,3.998258,70.255922,0.861358,0.861865
2026-06-12T18:17:32.574442,8.007393,4.003697,70.351494,0.856199,0.861035
2026-06-12T18:17:32.584156,8.017234,4.008617,70.437957,0.858778,0.860713
2026-06-12T18:17:32.593390,8.027599,4.013799,70.529015,0.859746,0.860160
2026-06-12T18:17:32.604528,8.038406,4.019203,70.623966,0.858778,0.859838
2026-06-12T18:17:32.615317,8.048818,4.024409,70.715449,0.859746,0.859469
2026-06-12T18:17:32.624267,8.059193,4.029596,70.806595,0.856521,0.858732
2026-06-12T18:17:32.637477,8.069839,4.034920,70.900133,0.853942,0.857673
2026-06-12T18:17:32.645047,8.079948,4.039974,70.988950,0.851040,0.856936
2026-06-12T18:17:32.657591,8.090394,4.045197,71.080724,0.854909,0.856383
2026-06-12T18:17:32.665294,8.100715,4.050358,71.171403,0.850073,0.855001
2026-06-12T18:17:32.678928,8.111656,4.055828,71.267528,0.843301,0.852790
2026-06-12T18:17:32.687469,8.121673,4.060836,71.355533,0.846526,0.850902
2026-06-12T18:17:32.698710,8.132594,4.066297,71.451481,0.851362,0.850165
2026-06-12T18:17:32.707015,8.142433,4.071216,71.537927,0.850717,0.849704
2026-06-12T18:17:32.717220,8.152576,4.076288,71.627047,0.852975,0.849980
2026-06-12T18:17:32.729788,8.163223,4.081611,71.720584,0.852007,0.849566
2026-06-12T18:17:32.740418,8.174413,4.087206,71.818896,0.853942,0.850119
2026-06-12T18:17:32.748703,8.183198,4.091599,71.896083,0.854264,0.851685
2026-06-12T18:17:32.758211,8.193750,4.096875,71.988794,0.855232,0.852928
2026-06-12T18:17:32.771060,8.203940,4.101970,72.078314,0.852330,0.853067
2026-06-12T18:17:32.778762,8.213892,4.106946,72.165755,0.854909,0.853665
2026-06-12T18:17:32.790328,8.224686,4.112343,72.260588,0.853942,0.853804
2026-06-12T18:17:32.799516,8.234673,4.117336,72.348331,0.856844,0.854495
2026-06-12T18:17:32.812190,8.244910,4.122455,72.438276,0.855554,0.854725
2026-06-12T18:17:32.820765,8.255377,4.127689,72.530235,0.857811,0.855232
2026-06-12T18:17:32.832010,8.265553,4.132777,72.619643,0.857489,0.855554
2026-06-12T18:17:32.840400,8.275687,4.137844,72.708675,0.847816,0.854909
2026-06-12T18:17:32.850340,8.285685,4.142843,72.796518,0.842012,0.853067
2026-06-12T18:17:32.862313,8.295901,4.147951,72.886273,0.853942,0.853067
2026-06-12T18:17:32.873649,8.306479,4.153240,72.979210,0.854587,0.852744
2026-06-12T18:17:32.882016,8.316593,4.158296,73.068065,0.855232,0.852698
2026-06-12T18:17:32.891495,8.326889,4.163444,73.158524,0.857166,0.852606
2026-06-12T18:17:32.904080,8.336906,4.168453,73.246531,0.842334,0.850441
2026-06-12T18:17:32.911695,8.346893,4.173446,73.334277,0.822343,0.846802
2026-06-12T18:17:32.923670,8.358098,4.179049,73.432720,0.833306,0.845558
2026-06-12T18:17:32.932676,8.367916,4.183958,73.518983,0.847816,0.844683
2026-06-12T18:17:32.942842,8.378321,4.189160,73.610397,0.847816,0.843716
2026-06-12T18:17:32.954788,8.388405,4.194203,73.698996,0.855554,0.843762
2026-06-12T18:17:32.965294,8.398806,4.199403,73.790377,0.854264,0.843347
2026-06-12T18:17:32.974210,8.409446,4.204723,73.883852,0.854587,0.845098
2026-06-12T18:17:32.987491,8.419841,4.209921,73.975186,0.852975,0.849474
2026-06-12T18:17:32.995677,8.429813,4.214907,74.062799,0.854587,0.852514
2026-06-12T18:17:33.007716,8.440634,4.220317,74.157872,0.851040,0.852975
2026-06-12T18:17:33.016031,8.450878,4.225439,74.247869,0.853297,0.853758
2026-06-12T18:17:33.025864,8.460957,4.230479,74.336426,0.854909,0.853665
2026-06-12T18:17:33.037651,8.471097,4.235549,74.425514,0.854587,0.853712
2026-06-12T18:17:33.048685,8.481156,4.240578,74.513886,0.851362,0.853251
2026-06-12T18:17:33.057060,8.491859,4.245930,74.607923,0.854587,0.853481
2026-06-12T18:17:33.069867,8.501927,4.250963,74.696377,0.855232,0.853573
2026-06-12T18:17:33.078835,8.512964,4.256482,74.793343,0.844269,0.852606
2026-06-12T18:17:33.090329,8.523097,4.261548,74.882372,0.854587,0.852790
2026-06-12T18:17:33.100387,8.533821,4.266910,74.976589,0.860391,0.853573
2026-06-12T18:17:33.108592,8.543717,4.271858,75.063536,0.859101,0.854218
2026-06-12T18:17:33.121153,8.553915,4.276957,75.153133,0.863293,0.855923
2026-06-12T18:17:33.132000,8.564744,4.282372,75.248279,0.863293,0.857166
2026-06-12T18:17:33.141432,8.574792,4.287396,75.336553,0.837175,0.854587
2026-06-12T18:17:33.152152,8.584689,4.292344,75.423505,0.818796,0.850948
2026-06-12T18:17:33.162789,8.595011,4.297506,75.514198,0.848783,0.850119
2026-06-12T18:17:33.170919,8.605195,4.302597,75.603671,0.851685,0.848875
2026-06-12T18:17:33.182067,8.616103,4.308052,75.699511,0.853297,0.848046
2026-06-12T18:17:33.191548,8.626201,4.313100,75.788222,0.858456,0.847355
2026-06-12T18:17:33.203966,8.636384,4.318192,75.877694,0.859423,0.846802
2026-06-12T18:17:33.213373,8.647067,4.323533,75.971550,0.848138,0.848368
2026-06-12T18:17:33.223627,8.657951,4.328976,76.067176,0.856199,0.853712
2026-06-12T18:17:33.233601,8.667510,4.333755,76.151160,0.859746,0.855278
2026-06-12T18:17:33.242352,8.677406,4.338703,76.238102,0.856521,0.855969
2026-06-12T18:17:33.255314,8.688237,4.344118,76.333261,0.852007,0.855784
2026-06-12T18:17:33.265865,8.698187,4.349094,76.420682,0.854587,0.855232
2026-06-12T18:17:33.273688,8.708797,4.354399,76.513904,0.857489,0.854955
2026-06-12T18:17:33.284148,8.718757,4.359379,76.601409,0.854587,0.855876
2026-06-12T18:17:33.296055,8.729357,4.364678,76.694535,0.859101,0.856291
2026-06-12T18:17:33.307012,8.739655,4.369828,76.785015,0.858778,0.856153
2026-06-12T18:17:33.315356,8.750083,4.375041,76.876630,0.855232,0.855969
2026-06-12T18:17:33.329615,8.762088,4.381044,76.982102,0.853619,0.856199
2026-06-12T18:17:33.337452,8.771309,4.385655,77.063122,0.858134,0.856706
2026-06-12T18:17:33.349602,8.782505,4.391252,77.161483,0.853942,0.856199
2026-06-12T18:17:33.359614,8.791753,4.395877,77.242739,0.859423,0.856890
2026-06-12T18:17:33.366939,8.801513,4.400757,77.328486,0.858778,0.856844
2026-06-12T18:17:33.378903,8.812405,4.406202,77.424178,0.860068,0.857028
2026-06-12T18:17:33.390406,8.823224,4.411612,77.519238,0.856199,0.857166
2026-06-12T18:17:33.398641,8.833351,4.416676,77.608210,0.859423,0.857995
2026-06-12T18:17:33.408489,8.843038,4.421519,77.693314,0.857166,0.857857
2026-06-12T18:17:33.420609,8.853632,4.426816,77.786394,0.853942,0.857857
2026-06-12T18:17:33.431995,8.864203,4.432102,77.879269,0.857166,0.857535
2026-06-12T18:17:33.441107,8.874380,4.437190,77.968684,0.860391,0.857765
2026-06-12T18:17:33.449904,8.885541,4.442770,78.066737,0.857166,0.857350
2026-06-12T18:17:33.463173,8.896064,4.448032,78.159195,0.857166,0.857489
2026-06-12T18:17:33.473636,8.905876,4.452938,78.245402,0.855876,0.856982
2026-06-12T18:17:33.482016,8.916345,4.458173,78.337381,0.858134,0.857120
2026-06-12T18:17:33.491747,8.926433,4.463217,78.426010,0.842979,0.855554
2026-06-12T18:17:33.504078,8.937108,4.468554,78.519796,0.848783,0.854356
2026-06-12T18:17:33.515319,8.947608,4.473804,78.612049,0.855554,0.853665
2026-06-12T18:17:33.523697,8.958077,4.479038,78.704028,0.854587,0.853297
2026-06-12T18:17:33.533212,8.967240,4.483620,78.784536,0.854587,0.852928
2026-06-12T18:17:33.545530,8.977923,4.488962,78.878395,0.854587,0.852744
2026-06-12T18:17:33.554614,8.989088,4.494544,78.976486,0.857811,0.852698
2026-06-12T18:17:33.565336,8.999985,4.499993,79.072225,0.857489,0.854771
2026-06-12T18:17:33.574200,9.009057,4.504528,79.151926,0.859423,0.856291
2026-06-12T18:17:33.587029,9.019304,4.509652,79.241953,0.841689,0.854310
2026-06-12T18:17:33.595770,9.029784,4.514892,79.334033,0.846203,0.853113
2026-06-12T18:17:33.606995,9.040345,4.520173,79.426823,0.856844,0.853435
2026-06-12T18:17:33.615367,9.050323,4.525162,79.514487,0.867162,0.855232
2026-06-12T18:17:33.628653,9.060932,4.530466,79.607696,0.870064,0.856982
2026-06-12T18:17:33.637797,9.070574,4.535287,79.692408,0.876835,0.859746
2026-06-12T18:17:33.648698,9.081000,4.540500,79.784009,0.874900,0.861957
2026-06-12T18:17:33.657012,9.091669,4.545835,79.877746,0.860713,0.864674
2026-06-12T18:17:33.666458,9.102203,4.551101,79.970291,0.862970,0.867070
2026-06-12T18:17:33.678065,9.112286,4.556143,80.058884,0.865872,0.868359
2026-06-12T18:17:33.690337,9.123010,4.561505,80.153096,0.861035,0.867484
2026-06-12T18:17:33.698693,9.133291,4.566645,80.243424,0.865227,0.866793
2026-06-12T18:17:33.708102,9.143411,4.571705,80.332338,0.863937,0.864951
2026-06-12T18:17:33.721622,9.154209,4.577105,80.427212,0.859423,0.862740
2026-06-12T18:17:33.732028,9.164405,4.582203,80.516790,0.857489,0.862279
2026-06-12T18:17:33.743077,9.176177,4.588089,80.620214,0.861680,0.862095
2026-06-12T18:17:33.749678,9.185503,4.592751,80.702149,0.861358,0.861450
2026-06-12T18:17:33.762995,9.195812,4.597906,80.792721,0.863615,0.861819
2026-06-12T18:17:33.770537,9.205412,4.602706,80.877066,0.862648,0.861450
2026-06-12T18:17:33.782101,9.216673,4.608336,80.976002,0.861035,0.861035
2026-06-12T18:17:33.791918,9.226673,4.613337,81.063866,0.828792,0.856660
2026-06-12T18:17:33.803471,9.236181,4.618091,81.147403,0.832339,0.853067
2026-06-12T18:17:33.812541,9.246595,4.623297,81.238892,0.852652,0.851777
2026-06-12T18:17:33.824096,9.257537,4.628768,81.335026,0.859746,0.851547
2026-06-12T18:17:33.833120,9.267291,4.633645,81.420724,0.864260,0.851639
2026-06-12T18:17:33.845391,9.277527,4.638763,81.510655,0.864582,0.851915
2026-06-12T18:17:33.854027,9.288761,4.644380,81.609355,0.860068,0.851777
2026-06-12T18:17:33.865383,9.298856,4.649428,81.698053,0.857166,0.855830
2026-06-12T18:17:33.874766,9.309207,4.654604,81.788994,0.861680,0.860022
2026-06-12T18:17:33.887004,9.319349,4.659674,81.878097,0.862325,0.861404
2026-06-12T18:17:33.895916,9.329585,4.664792,81.968026,0.864582,0.862095
2026-06-12T18:17:33.907035,9.340192,4.670096,82.061217,0.865227,0.862233
2026-06-12T18:17:33.915356,9.350091,4.675045,82.148189,0.867162,0.862602
2026-06-12T18:17:33.925715,9.360113,4.680057,82.236246,0.863615,0.863108
2026-06-12T18:17:33.937234,9.369832,4.684916,82.321632,0.863615,0.864030
2026-06-12T18:17:33.948266,9.380404,4.690202,82.414515,0.864260,0.864398
2026-06-12T18:17:33.956973,9.391445,4.695722,82.511519,0.866839,0.865043
2026-06-12T18:17:33.965961,9.401199,4.700599,82.597215,0.865550,0.865181
2026-06-12T18:17:33.978692,9.411793,4.705897,82.690297,0.869419,0.865780
2026-06-12T18:17:33.987229,9.421689,4.710845,82.777241,0.868452,0.865964
2026-06-12T18:17:33.999236,9.432212,4.716106,82.869695,0.868129,0.866609
2026-06-12T18:17:34.007107,9.442092,4.721046,82.956496,0.868452,0.867300
2026-06-12T18:17:34.017400,9.452084,4.726042,83.044287,0.874255,0.868728
2026-06-12T18:17:34.030913,9.462981,4.731490,83.140019,0.872321,0.869511
2026-06-12T18:17:34.041182,9.473339,4.736670,83.231026,0.875223,0.870893
2026-06-12T18:17:34.049308,9.482942,4.741471,83.315400,0.873933,0.871538
2026-06-12T18:17:34.058092,9.492958,4.746479,83.403399,0.866839,0.871307
2026-06-12T18:17:34.070958,9.503660,4.751830,83.497424,0.847493,0.868359
2026-06-12T18:17:34.081989,9.514523,4.757262,83.592865,0.864905,0.867853
2026-06-12T18:17:34.090883,9.524914,4.762457,83.684156,0.868452,0.867024
2026-06-12T18:17:34.099896,9.535231,4.767616,83.774800,0.871353,0.866885
2026-06-12T18:17:34.113257,9.545951,4.772975,83.868979,0.870386,0.866194
2026-06-12T18:17:34.123674,9.556245,4.778122,83.959423,0.871998,0.865918
2026-06-12T18:17:34.132092,9.566408,4.783204,84.048713,0.854264,0.864122
2026-06-12T18:17:34.141584,9.576925,4.788463,84.141113,0.853942,0.865043
2026-06-12T18:17:34.154115,9.586988,4.793494,84.229522,0.862970,0.864767
2026-06-12T18:17:34.165333,9.597570,4.798785,84.322500,0.860713,0.863661
2026-06-12T18:17:34.173648,9.607484,4.803742,84.409601,0.855554,0.861404
2026-06-12T18:17:34.182991,9.618235,4.809117,84.504054,0.862970,0.860345
2026-06-12T18:17:34.195531,9.628055,4.814028,84.590336,0.866839,0.859608
2026-06-12T18:17:34.204368,9.638436,4.819218,84.681538,0.865227,0.861174
2026-06-12T18:17:34.215385,9.648694,4.824347,84.771662,0.865872,0.862878
2026-06-12T18:17:34.223733,9.659103,4.829552,84.863116,0.865550,0.863246
2026-06-12T18:17:34.237154,9.669960,4.834980,84.958503,0.862325,0.863477
2026-06-12T18:17:34.245522,9.679898,4.839949,85.045820,0.859101,0.863983
2026-06-12T18:17:34.257038,9.690254,4.845127,85.136800,0.870064,0.864997
2026-06-12T18:17:34.267239,9.700411,4.850205,85.226036,0.865872,0.864859
2026-06-12T18:17:34.278696,9.710746,4.855373,85.316840,0.869741,0.865504
2026-06-12T18:17:34.287255,9.720873,4.860436,85.405814,0.879092,0.867392
2026-06-12T18:17:34.296201,9.731240,4.865620,85.496895,0.887798,0.870570
2026-06-12T18:17:34.306992,9.741448,4.870724,85.586584,0.889732,0.874486
2026-06-12T18:17:34.316916,9.751908,4.875954,85.678479,0.893279,0.879368
2026-06-12T18:17:34.329372,9.762106,4.881053,85.768079,0.890055,0.882224
2026-06-12T18:17:34.340292,9.772884,4.886442,85.862769,0.890055,0.885679
2026-06-12T18:17:34.348684,9.782635,4.891318,85.948445,0.887475,0.888212
2026-06-12T18:17:34.357554,9.792815,4.896407,86.037881,0.888120,0.889502
2026-06-12T18:17:34.371175,9.803494,4.901747,86.131711,0.882639,0.888765
2026-06-12T18:17:34.382052,9.814437,4.907219,86.227851,0.885218,0.888120
2026-06-12T18:17:34.391248,9.823916,4.911958,86.311127,0.882961,0.886646
2026-06-12T18:17:34.398672,9.834061,4.917031,86.400268,0.872321,0.884113
2026-06-12T18:17:34.412225,9.844409,4.922204,86.491176,0.847171,0.877986
2026-06-12T18:17:34.421013,9.854837,4.927419,86.582801,0.870064,0.875499
2026-06-12T18:17:34.432102,9.865483,4.932741,86.676330,0.874255,0.873518
2026-06-12T18:17:34.441380,9.875889,4.937945,86.767758,0.878125,0.872874
2026-06-12T18:17:34.453820,9.886272,4.943136,86.858983,0.878770,0.871952
2026-06-12T18:17:34.463229,9.896825,4.948412,86.951694,0.878447,0.871307
2026-06-12T18:17:34.473707,9.907456,4.953728,87.045098,0.872643,0.871353
2026-06-12T18:17:34.483031,9.917331,4.958666,87.131859,0.872643,0.874992
2026-06-12T18:17:34.495380,9.927835,4.963917,87.224144,0.871676,0.875223
2026-06-12T18:17:34.507263,9.939495,4.969747,87.326585,0.867162,0.874209
2026-06-12T18:17:34.515561,9.949776,4.974888,87.416914,0.871676,0.873288
2026-06-12T18:17:34.524275,9.959769,4.979884,87.504709,0.870386,0.872090
2026-06-12T18:17:34.534535,9.969541,4.984770,87.590564,0.863615,0.869972
2026-06-12T18:17:34.544965,9.979482,4.989741,87.677902,0.861680,0.868405
2026-06-12T18:17:34.556982,9.990585,4.995292,87.775454,0.870064,0.868037
2026-06-12T18:17:34.568190,10.001313,5.000657,87.869711,0.870064,0.867807
2026-06-12T18:17:34.578591,10.011890,5.005945,87.962635,0.871353,0.868405
2026-06-12T18:17:34.590350,10.022679,5.011340,88.057429,0.871031,0.868313
2026-06-12T18:17:34.600989,10.033091,5.016545,88.148903,0.871676,0.868498
2026-06-12T18:17:34.608260,10.043257,5.021628,88.238220,0.854264,0.867162
2026-06-12T18:17:34.621044,10.053855,5.026927,88.331333,0.844914,0.864767
2026-06-12T18:17:34.630698,10.063797,5.031899,88.418684,0.862325,0.863661
2026-06-12T18:17:34.641235,10.074551,5.037275,88.513162,0.868452,0.863431
2026-06-12T18:17:34.649832,10.084807,5.042403,88.603268,0.840077,0.858963
2026-06-12T18:17:34.663291,10.095438,5.047719,88.696678,0.860713,0.857489
2026-06-12T18:17:34.673678,10.106178,5.053089,88.791035,0.868774,0.857074
2026-06-12T18:17:34.682912,10.116630,5.058315,88.882864,0.873933,0.859884
2026-06-12T18:17:34.691432,10.126738,5.063369,88.971669,0.875868,0.864306
2026-06-12T18:17:34.704366,10.136837,5.068419,89.060399,0.876835,0.866379
2026-06-12T18:17:34.713957,10.147535,5.073768,89.154392,0.877157,0.867622
2026-06-12T18:17:34.723648,10.157561,5.078781,89.242479,0.878125,0.873058
2026-06-12T18:17:34.731938,10.167575,5.083787,89.330454,0.880704,0.875914
2026-06-12T18:17:34.745685,10.178673,5.089337,89.427966,0.878770,0.877342
2026-06-12T18:17:34.754300,10.187723,5.093861,89.507471,0.880382,0.878263
2026-06-12T18:17:34.765307,10.198768,5.099384,89.604516,0.880059,0.878862
2026-06-12T18:17:34.774185,10.208671,5.104336,89.691519,0.881671,0.879553
2026-06-12T18:17:34.784014,10.218598,5.109299,89.778739,0.879737,0.879921
2026-06-12T18:17:34.795458,10.229200,5.114600,89.871884,0.882961,0.880612
2026-06-12T18:17:34.806984,10.239968,5.119984,89.966484,0.883929,0.881073
2026-06-12T18:17:34.815354,10.250218,5.125109,90.056546,0.881349,0.881441
2026-06-12T18:17:34.825219,10.260527,5.130263,90.147112,0.879414,0.881303
2026-06-12T18:17:34.837781,10.270858,5.135429,90.237879,0.882316,0.881625
2026-06-12T18:17:34.848655,10.280929,5.140465,90.326365,0.879737,0.881349
2026-06-12T18:17:34.859190,10.291351,5.145675,90.417927,0.877480,0.881027
2026-06-12T18:17:34.868210,10.302078,5.151039,90.512174,0.881994,0.880888
2026-06-12T18:17:34.878592,10.312284,5.156142,90.601843,0.880382,0.880382
2026-06-12T18:17:34.890355,10.323095,5.161547,90.696826,0.880382,0.880244
2026-06-12T18:17:34.899096,10.333297,5.166649,90.786463,0.881671,0.880566
2026-06-12T18:17:34.908119,10.343080,5.171540,90.872415,0.878125,0.879967
2026-06-12T18:17:34.920384,10.353646,5.176823,90.965243,0.862648,0.877526
2026-06-12T18:17:34.932026,10.364311,5.182155,91.058942,0.869096,0.876328
2026-06-12T18:17:34.940805,10.374677,5.187339,91.150017,0.877480,0.875683
2026-06-12T18:17:34.949122,10.384589,5.192294,91.237098,0.875545,0.874992
2026-06-12T18:17:34.962296,10.395394,5.197697,91.332034,0.877157,0.874532
2026-06-12T18:17:34.973692,10.405991,5.202995,91.425132,0.874900,0.873564
2026-06-12T18:17:34.982589,10.416257,5.208128,91.515326,0.874578,0.873058
2026-06-12T18:17:34.991466,10.426371,5.213185,91.604187,0.873933,0.874670
2026-06-12T18:17:35.001697,10.436550,5.218275,91.693621,0.877802,0.875914
2026-06-12T18:17:35.012620,10.446582,5.223291,91.781760,0.855232,0.872735
2026-06-12T18:17:35.023657,10.457651,5.228825,91.879011,0.835563,0.867024
2026-06-12T18:17:35.032998,10.467061,5.233530,91.961685,0.862003,0.864859
2026-06-12T18:17:35.045473,10.477840,5.238920,92.056384,0.872321,0.864490
2026-06-12T18:17:35.054195,10.488687,5.244344,92.151690,0.876190,0.864720
2026-06-12T18:17:35.065867,10.499492,5.249746,92.246620,0.877802,0.865273
2026-06-12T18:17:35.074293,10.508535,5.254268,92.326070,0.877480,0.865227
2026-06-12T18:17:35.084035,10.518911,5.259455,92.417230,0.862970,0.866333
2026-06-12T18:17:35.096081,10.529512,5.264756,92.510372,0.865227,0.870570
2026-06-12T18:17:35.106977,10.541077,5.270538,92.611974,0.874900,0.872413
2026-06-12T18:17:35.115276,10.549423,5.274711,92.685302,0.874578,0.872735
2026-06-12T18:17:35.125183,10.560056,5.280028,92.778725,0.875545,0.872643
2026-06-12T18:17:35.137235,10.570778,5.285389,92.872928,0.881349,0.873150
2026-06-12T18:17:35.148654,10.581801,5.290901,92.969775,0.875868,0.872920
2026-06-12T18:17:35.157522,10.591879,5.295939,93.058311,0.872321,0.874255
2026-06-12T18:17:35.170174,10.602441,5.301220,93.151107,0.878447,0.876144
2026-06-12T18:17:35.178959,10.612694,5.306347,93.241189,0.881349,0.877065
2026-06-12T18:17:35.191282,10.623579,5.311789,93.336821,0.882961,0.878263
2026-06-12T18:17:35.198671,10.634092,5.317046,93.429186,0.886830,0.879875
2026-06-12T18:17:35.208461,10.644070,5.322035,93.516859,0.885863,0.880520
2026-06-12T18:17:35.220483,10.654297,5.327149,93.606711,0.882639,0.881487
2026-06-12T18:17:35.232005,10.666210,5.333105,93.711370,0.883284,0.883053
2026-06-12T18:17:35.241219,10.675174,5.337587,93.790126,0.886508,0.884205
2026-06-12T18:17:35.250824,10.685438,5.342719,93.880304,0.882316,0.884343
2026-06-12T18:17:35.263379,10.696304,5.348152,93.975773,0.870064,0.882501
2026-06-12T18:17:35.273663,10.706886,5.353443,94.068741,0.878447,0.881303
2026-06-12T18:17:35.283271,10.717225,5.358612,94.159579,0.887153,0.881487
2026-06-12T18:17:35.292229,10.727641,5.363820,94.251089,0.882961,0.881533
2026-06-12T18:17:35.304624,10.738107,5.369053,94.343045,0.886830,0.882040
2026-06-12T18:17:35.315351,10.748980,5.374490,94.438571,0.888120,0.882270
2026-06-12T18:17:35.324714,10.759829,5.379915,94.533894,0.889088,0.883238
2026-06-12T18:17:35.337037,10.769103,5.384551,94.615370,0.890377,0.886140
2026-06-12T18:17:35.345705,10.779743,5.389872,94.708856,0.890377,0.887844
2026-06-12T18:17:35.358159,10.791710,5.395855,94.813990,0.889410,0.888166
2026-06-12T18:17:35.366251,10.801072,5.400536,94.896249,0.889088,0.889041
2026-06-12T18:17:35.375281,10.811494,5.405747,94.987809,0.888443,0.889272
2026-06-12T18:17:35.389298,10.821545,5.410773,95.076119,0.881994,0.888397
2026-06-12T18:17:35.399381,10.832991,5.416495,95.176680,0.877157,0.886692
2026-06-12T18:17:35.407227,10.842448,5.421224,95.259767,0.884573,0.885863
2026-06-12T18:17:35.417828,10.852586,5.426293,95.348834,0.883284,0.884850
2026-06-12T18:17:35.430660,10.863230,5.431615,95.442356,0.863293,0.881119
2026-06-12T18:17:35.441170,10.873821,5.436910,95.535403,0.868774,0.878217
2026-06-12T18:17:35.449510,10.884441,5.442220,95.628710,0.874900,0.876282
2026-06-12T18:17:35.462549,10.894852,5.447426,95.720182,0.852975,0.872137
2026-06-12T18:17:35.469943,10.905220,5.452610,95.811275,0.863615,0.870202
2026-06-12T18:17:35.483160,10.915945,5.457972,95.905495,0.873933,0.868682
2026-06-12T18:17:35.490968,10.926424,5.463212,95.997567,0.868129,0.866517
2026-06-12T18:17:35.504195,10.936600,5.468300,96.086969,0.860068,0.866056
2026-06-12T18:17:35.512315,10.946888,5.473444,96.177358,0.867807,0.865918
2026-06-12T18:17:35.523690,10.958240,5.479120,96.277095,0.875223,0.865964
2026-06-12T18:17:35.532445,10.967770,5.483885,96.360821,0.862325,0.867300
2026-06-12T18:17:35.545422,10.977771,5.488886,96.448693,0.873611,0.868728
2026-06-12T18:17:35.553806,10.988457,5.494229,96.542578,0.878770,0.869419
2026-06-12T18:17:35.565399,10.999097,5.499548,96.636054,0.878125,0.870847
2026-06-12T18:17:35.574283,11.009092,5.504546,96.723874,0.881349,0.873887
2026-06-12T18:17:35.586986,11.019542,5.509771,96.815687,0.882316,0.875960
2026-06-12T18:17:35.595922,11.029715,5.514858,96.905062,0.883929,0.877203
2026-06-12T18:17:35.607015,11.039924,5.519962,96.994759,0.885541,0.880520
2026-06-12T18:17:35.615310,11.050343,5.525172,97.086299,0.888765,0.882685
2026-06-12T18:17:35.628563,11.060671,5.530335,97.177034,0.867162,0.881027
2026-06-12T18:17:35.637272,11.070923,5.535462,97.267108,0.855876,0.877848
2026-06-12T18:17:35.648621,11.081722,5.540861,97.361981,0.877157,0.877249
2026-06-12T18:17:35.656988,11.091448,5.545724,97.447434,0.884896,0.877618
2026-06-12T18:17:35.667470,11.101984,5.550992,97.540000,0.886508,0.877986
2026-06-12T18:17:35.678759,11.112440,5.556220,97.631868,0.890055,0.878631
2026-06-12T18:17:35.691066,11.123230,5.561615,97.726666,0.885863,0.878217
2026-06-12T18:17:35.698809,11.132953,5.566476,97.812087,0.884573,0.880704
2026-06-12T18:17:35.707569,11.142611,5.571306,97.896948,0.885541,0.884942
2026-06-12T18:17:35.720442,11.153218,5.576609,97.990139,0.888120,0.886508
2026-06-12T18:17:35.730622,11.163568,5.581784,98.081066,0.884573,0.886462
2026-06-12T18:17:35.742055,11.174206,5.587103,98.174530,0.888120,0.886692
2026-06-12T18:17:35.748623,11.184059,5.592029,98.261098,0.888443,0.886462
2026-06-12T18:17:35.762186,11.194336,5.597168,98.351392,0.885218,0.886370
2026-06-12T18:17:35.770384,11.204687,5.602343,98.442330,0.879414,0.885633
2026-06-12T18:17:35.783200,11.215836,5.607918,98.540284,0.886508,0.885771
2026-06-12T18:17:35.790317,11.225810,5.612905,98.627913,0.888443,0.885817
2026-06-12T18:17:35.800308,11.235382,5.617691,98.712018,0.889732,0.886554
2026-06-12T18:17:35.812725,11.245605,5.622802,98.801831,0.891022,0.886969
2026-06-12T18:17:35.823966,11.256922,5.628461,98.901261,0.893924,0.887752
2026-06-12T18:17:35.832740,11.266352,5.633176,98.984114,0.871676,0.885817
2026-06-12T18:17:35.842090,11.276342,5.638171,99.071883,0.876512,0.885403
2026-06-12T18:17:35.854307,11.286730,5.643365,99.163146,0.888765,0.885725
2026-06-12T18:17:35.863455,11.296939,5.648470,99.252843,0.894569,0.886600
2026-06-12T18:17:35.873638,11.307389,5.653694,99.344653,0.899083,0.887936
2026-06-12T18:17:35.883183,11.317731,5.658866,99.435518,0.903597,0.889732
2026-06-12T18:17:35.895438,11.328210,5.664105,99.527586,0.902952,0.891022
2026-06-12T18:17:35.904571,11.339594,5.669797,99.627597,0.901985,0.895352
2026-06-12T18:17:35.915423,11.349631,5.674815,99.715784,0.904564,0.899359
2026-06-12T18:17:35.924332,11.359886,5.679943,99.805886,0.902630,0.901340
2026-06-12T18:17:35.934372,11.369064,5.684532,99.886520,0.892957,0.901110
2026-06-12T18:17:35.946195,11.379368,5.689684,99.977047,0.899083,0.901110
2026-06-12T18:17:35.956977,11.389932,5.694966,100.069862,0.904887,0.901294
2026-06-12T18:17:35.965306,11.400072,5.700036,100.158952,0.903275,0.901340
2026-06-12T18:17:35.978579,11.410723,5.705361,100.252526,0.900050,0.901064
2026-06-12T18:17:35.987575,11.420677,5.710338,100.339979,0.899728,0.900373
2026-06-12T18:17:35.995695,11.431068,5.715534,100.431271,0.901340,0.900189
2026-06-12T18:17:36.007461,11.441742,5.720871,100.525059,0.898761,0.901018
2026-06-12T18:17:36.020146,11.452212,5.726106,100.617045,0.900695,0.901248
2026-06-12T18:17:36.029103,11.461870,5.730935,100.701894,0.900050,0.900557
2026-06-12T18:17:36.041165,11.473302,5.736651,100.802336,0.879414,0.897148
2026-06-12T18:17:36.049238,11.483378,5.741689,100.890862,0.879737,0.894247
2026-06-12T18:17:36.058711,11.493902,5.746951,100.983325,0.893279,0.893325
2026-06-12T18:17:36.072212,11.504365,5.752183,101.075249,0.895859,0.892542
2026-06-12T18:17:36.079058,11.514616,5.757308,101.165311,0.898438,0.892496
2026-06-12T18:17:36.091333,11.525220,5.762610,101.258475,0.898116,0.892128
2026-06-12T18:17:36.099798,11.535071,5.767536,101.345028,0.893924,0.891252
2026-06-12T18:17:36.113803,11.545973,5.772986,101.440808,0.891345,0.892957
2026-06-12T18:17:36.123648,11.556387,5.778194,101.532306,0.897148,0.895444
2026-06-12T18:17:36.131991,11.566591,5.783296,101.621959,0.898438,0.896181
2026-06-12T18:17:36.141827,11.576435,5.788218,101.708445,0.903275,0.897241
2026-06-12T18:17:36.153868,11.586889,5.793444,101.800289,0.906177,0.898346
2026-06-12T18:17:36.163735,11.596883,5.798441,101.888093,0.910046,0.900050
2026-06-12T18:17:36.173651,11.606928,5.803464,101.976350,0.904242,0.901524
2026-06-12T18:17:36.184125,11.617897,5.808948,102.072718,0.900373,0.902814
2026-06-12T18:17:36.192368,11.627604,5.813802,102.158005,0.903920,0.903781
2026-06-12T18:17:36.204731,11.637640,5.818820,102.246180,0.903920,0.904564
2026-06-12T18:17:36.216124,11.648580,5.824290,102.342297,0.873933,0.900373
2026-06-12T18:17:36.224015,11.658779,5.829389,102.431901,0.884573,0.897287
2026-06-12T18:17:36.234068,11.668248,5.834124,102.515097,0.901340,0.896043
2026-06-12T18:17:36.245802,11.678730,5.839365,102.607186,0.906177,0.896319
2026-06-12T18:17:36.253943,11.688820,5.844410,102.695833,0.907144,0.897287
2026-06-12T18:17:36.265251,11.699517,5.849758,102.789817,0.911013,0.898300
2026-06-12T18:17:36.274706,11.709746,5.854873,102.879693,0.891667,0.896550
2026-06-12T18:17:36.287046,11.720207,5.860103,102.971595,0.893924,0.899406
2026-06-12T18:17:36.298651,11.731087,5.865543,103.067185,0.911013,0.903183
2026-06-12T18:17:36.307006,11.741670,5.870835,103.160165,0.911658,0.904657
2026-06-12T18:17:36.320147,11.752212,5.876106,103.252785,0.914238,0.905808
2026-06-12T18:17:36.328740,11.762637,5.881318,103.344379,0.915527,0.907006
2026-06-12T18:17:36.340771,11.772963,5.886481,103.435101,0.915205,0.907605
2026-06-12T18:17:36.349275,11.783104,5.891552,103.524200,0.916817,0.911197
2026-06-12T18:17:36.357697,11.793089,5.896544,103.611923,0.921331,0.915113
2026-06-12T18:17:36.370551,11.803452,5.901726,103.702975,0.918107,0.916126
2026-06-12T18:17:36.378496,11.813885,5.906943,103.794638,0.915850,0.916725
2026-06-12T18:17:36.392536,11.824805,5.912402,103.890575,0.917462,0.917186
2026-06-12T18:17:36.399242,11.834367,5.917183,103.974584,0.920686,0.917923
2026-06-12T18:17:36.412421,11.844546,5.922273,104.064015,0.916172,0.918061
2026-06-12T18:17:36.420103,11.855091,5.927546,104.156667,0.921654,0.918752
2026-06-12T18:17:36.432721,11.865476,5.932738,104.247905,0.922943,0.918982
2026-06-12T18:17:36.440927,11.876074,5.938037,104.341019,0.917140,0.918844
2026-06-12T18:17:36.453829,11.886690,5.943345,104.434291,0.917462,0.919074
2026-06-12T18:17:36.462432,11.896823,5.948412,104.523317,0.922621,0.919811
2026-06-12T18:17:36.473649,11.907323,5.953661,104.615562,0.922621,0.920088
2026-06-12T18:17:36.482943,11.917430,5.958715,104.704364,0.924233,0.921239
2026-06-12T18:17:36.495311,11.927784,5.963892,104.795329,0.924233,0.921608
2026-06-12T18:17:36.507048,11.939275,5.969638,104.896290,0.924556,0.921838
2026-06-12T18:17:36.515822,11.949201,5.974600,104.983494,0.919719,0.922206
2026-06-12T18:17:36.524516,11.958470,5.979235,105.064932,0.924556,0.923220
2026-06-12T18:17:36.533503,11.968425,5.984213,105.152396,0.929070,0.924141
2026-06-12T18:17:36.545752,11.978471,5.989236,105.240662,0.924556,0.924417
2026-06-12T18:17:36.553942,11.988752,5.994376,105.330985,0.926490,0.924740
2026-06-12T18:17:36.565325,11.999801,5.999900,105.428057,0.929715,0.925523
2026-06-12T18:17:36.574973,12.010336,6.005168,105.520619,0.932617,0.926674
2026-06-12T18:17:36.587628,12.020635,6.010318,105.611107,0.928747,0.927964
2026-06-12T18:17:36.600411,12.032824,6.016412,105.718197,0.929715,0.928701
2026-06-12T18:17:36.606999,12.041535,6.020768,105.794728,0.929715,0.928793
2026-06-12T18:17:36.616487,12.051208,6.025604,105.879716,0.928425,0.929346
2026-06-12T18:17:36.629219,12.061437,6.030718,105.969582,0.929715,0.929807
2026-06-12T18:17:36.636866,12.072957,6.036479,106.070796,0.931972,0.930129
2026-06-12T18:17:36.649304,12.082254,6.041127,106.152474,0.926490,0.929254
2026-06-12T18:17:36.657497,12.092168,6.046084,106.239580,0.927458,0.929070
2026-06-12T18:17:36.670100,12.103469,6.051735,106.338871,0.928747,0.928932
2026-06-12T18:17:36.678833,12.113745,6.056873,106.429151,0.933261,0.929438
2026-06-12T18:17:36.691306,12.124196,6.062098,106.520968,0.931004,0.929807
2026-06-12T18:17:36.699185,12.134389,6.067194,106.610525,0.936808,0.930820
2026-06-12T18:17:36.712379,12.144566,6.072283,106.699938,0.935841,0.931373
2026-06-12T18:17:36.720737,12.155594,6.077797,106.796826,0.929070,0.931741
2026-06-12T18:17:36.732556,12.165616,6.082808,106.884882,0.931327,0.932294
2026-06-12T18:17:36.742484,12.176565,6.088283,106.981075,0.938098,0.933630
2026-06-12T18:17:36.753692,12.186092,6.093046,107.064779,0.934874,0.933860
2026-06-12T18:17:36.763326,12.197092,6.098546,107.161423,0.937131,0.934735
2026-06-12T18:17:36.773568,12.206515,6.103257,107.244210,0.940355,0.935242
2026-06-12T18:17:36.782441,12.216928,6.108464,107.335702,0.939710,0.935795
2026-06-12T18:17:36.792564,12.227073,6.113536,107.424828,0.939710,0.937315
2026-06-12T18:17:36.803942,12.237959,6.118979,107.520472,0.943257,0.939019
2026-06-12T18:17:36.815306,12.248110,6.124055,107.609660,0.943902,0.939848
2026-06-12T18:17:36.824349,12.258416,6.129208,107.700207,0.942935,0.941000
2026-06-12T18:17:36.834126,12.268536,6.134268,107.789117,0.946481,0.942336
2026-06-12T18:17:36.845971,12.279519,6.139759,107.885608,0.951640,0.943948
2026-06-12T18:17:36.856977,12.289525,6.144762,107.973518,0.951963,0.945698
2026-06-12T18:17:36.865336,12.300079,6.150040,108.066250,0.955832,0.948001
2026-06-12T18:17:36.874457,12.309802,6.154901,108.151669,0.960024,0.950397
2026-06-12T18:17:36.887526,12.320207,6.160103,108.243086,0.965183,0.953437
2026-06-12T18:17:36.896084,12.330488,6.165244,108.333415,0.971954,0.957582
2026-06-12T18:17:36.907363,12.340558,6.170279,108.421891,0.973244,0.961406
2026-06-12T18:17:36.915666,12.350822,6.175411,108.512069,0.971631,0.964261
2026-06-12T18:17:36.929169,12.361532,6.180766,108.606162,0.967117,0.966426
2026-06-12T18:17:36.937983,12.371818,6.185909,108.696529,0.967440,0.968085
2026-06-12T18:17:36.948679,12.382343,6.191171,108.789000,0.964215,0.968683
2026-06-12T18:17:36.957335,12.392349,6.196174,108.876913,0.964860,0.968637
2026-06-12T18:17:36.970270,12.402472,6.201236,108.965854,0.962926,0.967348
2026-06-12T18:17:36.977390,12.412753,6.206377,109.056181,0.964538,0.966104
2026-06-12T18:17:36.990359,12.423711,6.211856,109.152458,0.960346,0.964492
2026-06-12T18:17:36.999711,12.433646,6.216823,109.239745,0.961636,0.963709
2026-06-12T18:17:37.010483,12.444220,6.222110,109.332641,0.961958,0.962926
2026-06-12T18:17:37.020398,12.453774,6.226887,109.416582,0.949383,0.960807
2026-06-12T18:17:37.032760,12.464991,6.232496,109.515137,0.951318,0.958872
2026-06-12T18:17:37.041717,12.474934,6.237467,109.602494,0.964215,0.959056
2026-06-12T18:17:37.050056,12.484911,6.242456,109.690148,0.964538,0.959056
2026-06-12T18:17:37.062447,12.495399,6.247700,109.782297,0.963893,0.959563
2026-06-12T18:17:37.073617,12.506090,6.253045,109.876223,0.964860,0.960024
2026-06-12T18:17:37.083167,12.516679,6.258339,109.969253,0.961636,0.959978
2026-06-12T18:17:37.091756,12.526798,6.263399,110.058159,0.921331,0.955970
2026-06-12T18:17:37.104407,12.537266,6.268633,110.150127,0.949706,0.955740
2026-06-12T18:17:37.115245,12.547607,6.273804,110.240987,0.966472,0.956062
2026-06-12T18:17:37.123603,12.557923,6.278962,110.331617,0.955187,0.954727
2026-06-12T18:17:37.133656,12.568331,6.284165,110.423058,0.955510,0.953529
2026-06-12T18:17:37.145792,12.578569,6.289284,110.513009,0.970019,0.954266
2026-06-12T18:17:37.156954,12.589413,6.294707,110.608284,0.954220,0.953206
2026-06-12T18:17:37.165795,12.600089,6.300045,110.702084,0.899728,0.950120
2026-06-12T18:17:37.174265,12.609769,6.304884,110.787124,0.948094,0.949890
2026-06-12T18:17:37.187538,12.619611,6.309806,110.873597,0.978080,0.951548
2026-06-12T18:17:37.195286,12.630319,6.315160,110.967676,0.987431,0.956154
2026-06-12T18:17:37.207606,12.640714,6.320357,111.059005,0.990978,0.961221
2026-06-12T18:17:37.215303,12.650909,6.325455,111.148576,0.993557,0.964584
2026-06-12T18:17:37.228679,12.661706,6.330853,111.243440,0.968730,0.966657
2026-06-12T18:17:37.238547,12.671200,6.335600,111.326848,0.980015,0.978126
2026-06-12T18:17:37.249178,12.681890,6.340945,111.420765,0.993235,0.984575
2026-06-12T18:17:37.257513,12.691949,6.345975,111.509147,1.000651,0.987799
2026-06-12T18:17:37.266881,12.702472,6.351236,111.601602,1.002263,0.989918
2026-06-12T18:17:37.278830,12.712747,6.356373,111.691871,1.006455,0.992129
2026-06-12T18:17:37.290894,12.723015,6.361507,111.782085,1.008389,0.994248
2026-06-12T18:17:37.299253,12.732980,6.366490,111.869632,1.005487,0.999499
2026-06-12T18:17:37.308063,12.743628,6.371814,111.963191,1.011291,1.003967
2026-06-12T18:17:37.320982,12.753919,6.376960,112.053606,1.013871,1.006915
2026-06-12T18:17:37.332006,12.764352,6.382176,112.145268,1.009357,1.008159
2026-06-12T18:17:37.340456,12.774694,6.387347,112.236126,1.011936,1.009541
2026-06-12T18:17:37.350823,12.785649,6.392824,112.332373,1.013871,1.010600
2026-06-12T18:17:37.362258,12.794389,6.397195,112.409165,1.014516,1.011475
2026-06-12T18:17:37.370036,12.805355,6.402677,112.505509,1.008389,1.011890
2026-06-12T18:17:37.382768,12.815685,6.407842,112.596265,1.019675,1.013088
2026-06-12T18:17:37.390924,12.826215,6.413107,112.688781,1.020319,1.014009
2026-06-12T18:17:37.404055,12.836213,6.418106,112.776622,1.016773,1.015068
2026-06-12T18:17:37.412542,12.846610,6.423305,112.867973,1.018062,1.015944
2026-06-12T18:17:37.423602,12.856783,6.428391,112.957346,1.023544,1.017325
2026-06-12T18:17:37.434230,12.867228,6.433614,113.049112,1.022899,1.018523
2026-06-12T18:17:37.443259,12.877362,6.438681,113.138154,1.025156,1.020918
2026-06-12T18:17:37.453755,12.888075,6.444037,113.232271,1.023544,1.021471
2026-06-12T18:17:37.465251,12.898085,6.449042,113.320218,1.018707,1.021241
2026-06-12T18:17:37.474733,12.908745,6.454372,113.413871,1.019030,1.021563
2026-06-12T18:17:37.484356,12.918704,6.459352,113.501377,1.021932,1.022116
2026-06-12T18:17:37.496190,12.928993,6.464496,113.591768,1.021932,1.021886
2026-06-12T18:17:37.506318,12.938836,6.469418,113.678250,1.019997,1.021471
2026-06-12T18:17:37.515843,12.949435,6.474717,113.771368,1.024834,1.021425
2026-06-12T18:17:37.524182,12.959330,6.479665,113.858306,1.025801,1.021747
2026-06-12T18:17:37.537027,12.969811,6.484906,113.950391,1.017740,1.021609
2026-06-12T18:17:37.545047,12.980523,6.490262,114.044504,1.019352,1.021655
2026-06-12T18:17:37.556938,12.991087,6.495544,114.137321,1.022577,1.021747
2026-06-12T18:17:37.567180,13.001944,6.500972,114.232701,1.003875,1.019168
2026-06-12T18:17:37.578527,13.012630,6.506315,114.326588,0.994847,1.015575
2026-06-12T18:17:37.590250,13.023077,6.511538,114.418371,1.017740,1.014562
2026-06-12T18:17:37.599083,13.032412,6.516206,114.500394,1.022899,1.014147
2026-06-12T18:17:37.607493,13.042857,6.521429,114.592162,1.017095,1.014055
2026-06-12T18:17:37.620499,13.053216,6.526608,114.683173,1.019675,1.014101
2026-06-12T18:17:37.628258,13.063587,6.531793,114.774285,1.021932,1.014009
2026-06-12T18:17:37.641396,13.074220,6.537110,114.867710,1.017095,1.015897
2026-06-12T18:17:37.648632,13.084337,6.542168,114.956592,1.026123,1.020366
2026-06-12T18:17:37.662458,13.094622,6.547311,115.046958,1.034184,1.022715
2026-06-12T18:17:37.671046,13.104948,6.552474,115.137676,1.028703,1.023544
2026-06-12T18:17:37.682916,13.115337,6.557668,115.228955,1.031927,1.025663
2026-06-12T18:17:37.691185,13.126076,6.563038,115.323305,1.034507,1.027782
2026-06-12T18:17:37.700171,13.135067,6.567534,115.402300,1.017095,1.027091
2026-06-12T18:17:37.712149,13.145604,6.572802,115.494870,1.016450,1.026999
2026-06-12T18:17:37.724245,13.156432,6.578216,115.590010,1.035796,1.028380
2026-06-12T18:17:37.731865,13.167217,6.583608,115.684759,1.040311,1.029256
2026-06-12T18:17:37.745326,13.177509,6.588754,115.775185,1.042890,1.031282
2026-06-12T18:17:37.753915,13.187703,6.593852,115.864752,1.043857,1.032987
2026-06-12T18:17:37.765528,13.199327,6.599664,115.966876,1.047404,1.034829
2026-06-12T18:17:37.775672,13.209444,6.604722,116.055759,1.028058,1.036395
2026-06-12T18:17:37.784455,13.219079,6.609539,116.140409,1.044825,1.040449
2026-06-12T18:17:37.795685,13.229338,6.614669,116.230547,1.050951,1.042614
2026-06-12T18:17:37.807505,13.241464,6.620732,116.337083,1.052563,1.044364
2026-06-12T18:17:37.816912,13.252245,6.626123,116.431804,1.055143,1.046114
2026-06-12T18:17:37.825103,13.260399,6.630200,116.503444,1.059979,1.048418
2026-06-12T18:17:37.837663,13.270237,6.635118,116.589876,1.063849,1.050767
2026-06-12T18:17:37.848738,13.281802,6.640901,116.691483,1.067073,1.056340
2026-06-12T18:17:37.857711,13.291447,6.645723,116.776224,1.073522,1.060440
2026-06-12T18:17:37.867119,13.301235,6.650618,116.862221,1.067395,1.062789
2026-06-12T18:17:37.879305,13.312050,6.656025,116.957242,1.014516,1.057354
2026-06-12T18:17:37.887417,13.322064,6.661032,117.045218,1.039343,1.055097
2026-06-12T18:17:37.898650,13.332517,6.666259,117.137062,1.066750,1.056064
2026-06-12T18:17:37.907410,13.342567,6.671284,117.225359,1.073199,1.057400
2026-06-12T18:17:37.921002,13.353746,6.676873,117.323577,1.082227,1.059565
2026-06-12T18:17:37.931944,13.364213,6.682107,117.415537,1.083517,1.060993
2026-06-12T18:17:37.941588,13.374408,6.687204,117.505108,1.079648,1.062743
2026-06-12T18:17:37.949323,13.384654,6.692327,117.595124,1.085452,1.072877
2026-06-12T18:17:37.962150,13.395234,6.697617,117.688083,1.093190,1.080569
2026-06-12T18:17:37.971021,13.404902,6.702451,117.773021,1.093835,1.084438
2026-06-12T18:17:37.981946,13.415626,6.707813,117.867243,1.095125,1.087571
2026-06-12T18:17:37.991463,13.426066,6.713033,117.958962,1.096737,1.089643
2026-06-12T18:17:38.003786,13.436683,6.718342,118.052244,1.099639,1.091947
2026-06-12T18:17:38.012357,13.446914,6.723457,118.142127,1.090933,1.093559
2026-06-12T18:17:38.023659,13.457799,6.728900,118.237764,1.095770,1.095033
2026-06-12T18:17:38.035138,13.467807,6.733904,118.325692,1.096737,1.095539
2026-06-12T18:17:38.043414,13.477826,6.738913,118.413717,1.098994,1.096276
2026-06-12T18:17:38.054552,13.487800,6.743900,118.501351,1.102219,1.097290
2026-06-12T18:17:38.065825,13.499051,6.749525,118.600196,1.105765,1.098580
2026-06-12T18:17:38.073608,13.508639,6.754319,118.684431,1.098027,1.098349
2026-06-12T18:17:38.087158,13.519306,6.759653,118.778149,1.066428,1.094849
2026-06-12T18:17:38.095528,13.530089,6.765045,118.872893,1.088354,1.093789
2026-06-12T18:17:38.106930,13.540686,6.770343,118.965992,1.104476,1.094895
2026-06-12T18:17:38.115298,13.551078,6.775539,119.057294,1.110924,1.096599
2026-06-12T18:17:38.125650,13.560853,6.780426,119.143175,1.114149,1.098303
2026-06-12T18:17:38.137447,13.571221,6.785610,119.234268,1.115116,1.099639
2026-06-12T18:17:38.148610,13.581724,6.790862,119.326545,1.114149,1.101942
2026-06-12T18:17:38.157510,13.592230,6.796115,119.418850,1.117373,1.109220
2026-06-12T18:17:38.167465,13.602097,6.801048,119.505535,1.117696,1.113412
2026-06-12T18:17:38.178989,13.612668,6.806334,119.598418,1.109635,1.114149
2026-06-12T18:17:38.190310,13.622982,6.811491,119.689034,1.106733,1.113550
2026-06-12T18:17:38.198576,13.632385,6.816192,119.771641,1.118985,1.114241
2026-06-12T18:17:38.207987,13.642721,6.821360,119.862450,1.123177,1.115392
2026-06-12T18:17:38.220606,13.653060,6.826530,119.953291,1.106410,1.114287
2026-06-12T18:17:38.228474,13.663234,6.831617,120.042676,1.113504,1.113734
2026-06-12T18:17:38.240242,13.673502,6.836751,120.132891,1.124144,1.114655
2026-06-12T18:17:38.251087,13.684399,6.842200,120.228632,1.101251,1.113458
2026-06-12T18:17:38.259487,13.694240,6.847120,120.315093,1.076746,1.109174
2026-06-12T18:17:38.269789,13.704600,6.852300,120.406109,1.111569,1.108115
2026-06-12T18:17:38.282808,13.715739,6.857869,120.503975,1.127369,1.108713
2026-06-12T18:17:38.291820,13.726044,6.863022,120.594511,1.129303,1.111984
2026-06-12T18:17:38.301063,13.735863,6.867931,120.680783,1.134785,1.115024
2026-06-12T18:17:38.312970,13.746378,6.873189,120.773168,1.132205,1.116175
2026-06-12T18:17:38.324409,13.756770,6.878385,120.864465,1.136074,1.121150
2026-06-12T18:17:38.332717,13.766838,6.883419,120.952927,1.138009,1.129902
2026-06-12T18:17:38.345258,13.777815,6.888908,121.049370,1.138654,1.133771
2026-06-12T18:17:38.354076,13.787871,6.893935,121.137713,1.137687,1.135245
2026-06-12T18:17:38.365289,13.798818,6.899409,121.233890,1.139299,1.136673
2026-06-12T18:17:38.374475,13.808861,6.904431,121.322132,1.139299,1.137318
2026-06-12T18:17:38.383563,13.818872,6.909436,121.410084,1.137364,1.138055
2026-06-12T18:17:38.399660,13.833081,6.916540,121.534920,1.140589,1.138700
2026-06-12T18:17:38.404074,13.838806,6.919403,121.585218,1.141878,1.139253
2026-06-12T18:17:38.415255,13.849840,6.924920,121.682168,1.126724,1.137548
2026-06-12T18:17:38.425151,13.859753,6.929877,121.769260,1.133817,1.136996
2026-06-12T18:17:38.437172,13.870783,6.935391,121.866162,1.140911,1.137226
2026-06-12T18:17:38.449116,13.881686,6.940843,121.961953,1.144458,1.137963
2026-06-12T18:17:38.456955,13.891829,6.945914,122.051070,1.146070,1.139207
2026-06-12T18:17:38.470169,13.902369,6.951184,122.143671,1.150584,1.140635
2026-06-12T18:17:38.478919,13.912569,6.956285,122.233292,1.150262,1.141832
2026-06-12T18:17:38.490284,13.923232,6.961616,122.326973,1.139299,1.143629
2026-06-12T18:17:38.499243,13.933472,6.966736,122.416942,1.146392,1.145425
2026-06-12T18:17:38.508514,13.943662,6.971831,122.506471,1.152196,1.147037
2026-06-12T18:17:38.521176,13.954930,6.977465,122.605470,1.148327,1.147590
2026-06-12T18:17:38.532032,13.964299,6.982149,122.687778,1.157355,1.149202
2026-06-12T18:17:38.541265,13.975203,6.987601,122.783578,1.164771,1.151229
2026-06-12T18:17:38.552342,13.985272,6.992636,122.872043,1.150584,1.151275
2026-06-12T18:17:38.564467,13.996633,6.998316,122.971860,1.150262,1.152841
2026-06-12T18:17:38.574561,14.008195,7.004098,123.073444,1.167673,1.155881
2026-06-12T18:17:38.582577,14.017968,7.008984,123.159306,1.161547,1.157217
2026-06-12T18:17:38.595471,14.028463,7.014231,123.251512,1.159290,1.158783
2026-06-12T18:17:38.604154,14.038930,7.019465,123.343475,1.180248,1.162054
2026-06-12T18:17:38.615687,14.049457,7.024729,123.435965,1.185407,1.165002
2026-06-12T18:17:38.624318,14.060080,7.030040,123.529295,1.192179,1.170944
2026-06-12T18:17:38.636734,14.069541,7.034771,123.612417,1.196048,1.177485
2026-06-12T18:17:38.644835,14.080415,7.040208,123.707957,1.199595,1.182045
2026-06-12T18:17:38.657254,14.090894,7.045447,123.800022,1.198627,1.187342
2026-06-12T18:17:38.665685,14.100851,7.050426,123.887501,1.203464,1.193653
2026-06-12T18:17:38.678722,14.111356,7.055678,123.979795,1.205076,1.197199
2026-06-12T18:17:38.687560,14.121342,7.060671,124.067532,1.203141,1.199733
2026-06-12T18:17:38.698592,14.131947,7.065974,124.160708,1.193791,1.199963
2026-06-12T18:17:38.707298,14.142654,7.071327,124.254777,1.192179,1.199410
2026-06-12T18:17:38.720377,14.152662,7.076331,124.342699,1.199917,1.199456
2026-06-12T18:17:38.728722,14.163399,7.081700,124.437038,1.200884,1.199779
2026-06-12T18:17:38.741479,14.173658,7.086829,124.527172,1.203141,1.199733
2026-06-12T18:17:38.748928,14.183778,7.091889,124.616078,1.201529,1.199226
2026-06-12T18:17:38.762913,14.195058,7.097529,124.715187,1.162837,1.193468
2026-06-12T18:17:38.770334,14.204571,7.102285,124.798762,1.149617,1.187158
2026-06-12T18:17:38.781896,14.214569,7.107285,124.886607,1.185085,1.186144
2026-06-12T18:17:38.790323,14.225054,7.112527,124.978729,1.195725,1.185546
2026-06-12T18:17:38.800192,14.235309,7.117654,125.068821,1.204431,1.186052
2026-06-12T18:17:38.813528,14.245953,7.122976,125.162336,1.206366,1.186513
2026-06-12T18:17:38.823612,14.256836,7.128418,125.257960,1.193791,1.185407
2026-06-12T18:17:38.833119,14.266889,7.133445,125.346281,1.189599,1.189231
2026-06-12T18:17:38.841892,14.277335,7.138667,125.438055,1.206688,1.197384
2026-06-12T18:17:38.854464,14.287435,7.143718,125.526797,1.212170,1.201253
2026-06-12T18:17:38.865290,14.298127,7.149063,125.620730,1.216039,1.204155
2026-06-12T18:17:38.877645,14.310229,7.155114,125.727057,1.220553,1.206458
2026-06-12T18:17:38.886380,14.318496,7.159248,125.799688,1.224422,1.209037
2026-06-12T18:17:38.895703,14.329077,7.164538,125.892650,1.219908,1.212768
2026-06-12T18:17:38.906958,14.339710,7.169855,125.986069,1.223133,1.217559
2026-06-12T18:17:38.915787,14.350453,7.175226,126.080456,1.224745,1.220138
2026-06-12T18:17:38.928461,14.360563,7.180282,126.169285,1.226357,1.222165
2026-06-12T18:17:38.937370,14.370920,7.185460,126.260276,1.227647,1.223823
2026-06-12T18:17:38.948619,14.380905,7.190452,126.348001,1.230549,1.225251
2026-06-12T18:17:38.957445,14.391089,7.195544,126.437478,1.229904,1.226034
2026-06-12T18:17:38.965931,14.401439,7.200720,126.528414,1.214104,1.225205
2026-06-12T18:17:38.978608,14.412093,7.206047,126.622017,1.224745,1.225436
2026-06-12T18:17:38.990412,14.424075,7.212038,126.727288,1.230549,1.226265
2026-06-12T18:17:38.998592,14.432481,7.216240,126.801138,1.214104,1.224514
2026-06-12T18:17:39.007586,14.442777,7.221389,126.891601,1.208300,1.221751
2026-06-12T18:17:39.020658,14.452796,7.226398,126.979625,1.229581,1.221612
2026-06-12T18:17:39.027995,14.463515,7.231758,127.073801,1.218618,1.220000
2026-06-12T18:17:39.040573,14.474104,7.237052,127.166833,1.237642,1.223363
2026-06-12T18:17:39.050909,14.484287,7.242143,127.256297,1.244413,1.226173
2026-06-12T18:17:39.059089,14.493790,7.246895,127.339794,1.236030,1.226956
2026-06-12T18:17:39.070940,14.503933,7.251967,127.428906,1.202174,1.225251
2026-06-12T18:17:39.082915,14.515065,7.257532,127.526707,1.237320,1.229397
2026-06-12T18:17:39.091020,14.525294,7.262647,127.616578,1.247638,1.231977
2026-06-12T18:17:39.103630,14.536300,7.268150,127.713273,1.244091,1.235615
2026-06-12T18:17:39.112394,14.546074,7.273037,127.799149,1.249572,1.237320
2026-06-12T18:17:39.123578,14.556342,7.278171,127.889362,1.257311,1.239162
2026-06-12T18:17:39.133094,14.566673,7.283336,127.980124,1.233128,1.238748
2026-06-12T18:17:39.142507,14.576808,7.288404,128.069174,1.240222,1.244183
2026-06-12T18:17:39.153629,14.587339,7.293669,128.161694,1.257311,1.247039
2026-06-12T18:17:39.165289,14.597434,7.298717,128.250390,1.262147,1.249112
2026-06-12T18:17:39.174236,14.607821,7.303910,128.341644,1.262147,1.251691
2026-06-12T18:17:39.183391,14.618085,7.309042,128.431822,1.266339,1.254086
2026-06-12T18:17:39.195558,14.628448,7.314224,128.522876,1.263115,1.254916
2026-06-12T18:17:39.204020,14.638578,7.319289,128.611872,1.254731,1.258002
2026-06-12T18:17:39.215263,14.649097,7.324549,128.704291,1.262792,1.261226
2026-06-12T18:17:39.226655,14.659661,7.329830,128.797100,1.264727,1.262286
2026-06-12T18:17:39.233728,14.668818,7.334409,128.877554,1.263115,1.262424
2026-06-12T18:17:39.245761,14.679785,7.339892,128.973906,1.267951,1.263253
2026-06-12T18:17:39.256934,14.690227,7.345114,129.065652,1.272143,1.264082
2026-06-12T18:17:39.265318,14.700195,7.350097,129.153226,1.251829,1.262470
2026-06-12T18:17:39.275238,14.710395,7.355198,129.242843,1.259890,1.263207
2026-06-12T18:17:39.287035,14.721076,7.360538,129.336683,1.271176,1.264404
2026-06-12T18:17:39.298599,14.730919,7.365460,129.423165,1.269886,1.265141
2026-06-12T18:17:39.306974,14.741207,7.370604,129.513556,1.264727,1.265372
2026-06-12T18:17:39.317814,14.751805,7.375902,129.606660,1.275045,1.266385
2026-06-12T18:17:39.328650,14.761960,7.380980,129.695881,1.280204,1.267537
2026-06-12T18:17:39.337935,14.772629,7.386315,129.789622,1.273433,1.270623
2026-06-12T18:17:39.348548,14.781728,7.390864,129.869565,1.276012,1.272926
2026-06-12T18:17:39.357541,14.792234,7.396117,129.961863,1.283428,1.274676
2026-06-12T18:17:39.367925,14.802882,7.401441,130.055414,1.280204,1.276150
2026-06-12T18:17:39.379627,14.813673,7.406837,130.150227,1.276335,1.277809
2026-06-12T18:17:39.390312,14.824092,7.412046,130.241765,1.286330,1.279421
2026-06-12T18:17:39.401777,14.834189,7.417094,130.330471,1.288265,1.280572
2026-06-12T18:17:39.411954,14.844738,7.422369,130.423159,1.242801,1.276196
2026-06-12T18:17:39.421423,14.854755,7.427378,130.511166,1.276012,1.276196
2026-06-12T18:17:39.432466,14.865964,7.432982,130.609642,1.295681,1.277947
2026-06-12T18:17:39.440807,14.875414,7.437707,130.692670,1.302130,1.281079
2026-06-12T18:17:39.450528,14.885552,7.442776,130.781742,1.298583,1.284257
2026-06-12T18:17:39.461999,14.895585,7.447792,130.869884,1.305032,1.286929
2026-06-12T18:17:39.473674,14.906756,7.453378,130.968036,1.266662,1.283843
2026-06-12T18:17:39.483339,14.916617,7.458308,131.054671,1.273110,1.288173
2026-06-12T18:17:39.491866,14.926627,7.463314,131.142618,1.301485,1.291812
2026-06-12T18:17:39.504176,14.937450,7.468725,131.237708,1.310191,1.293884
2026-06-12T18:17:39.515698,14.947941,7.473971,131.329881,1.309868,1.294990
2026-06-12T18:17:39.523624,14.959239,7.479620,131.429143,1.312448,1.296971
2026-06-12T18:17:39.534208,14.968660,7.484330,131.511912,1.312770,1.298076
2026-06-12T18:17:39.545726,14.978945,7.489472,131.602273,1.310513,1.304341
2026-06-12T18:17:39.556921,14.989571,7.494786,131.695633,1.316317,1.310513
2026-06-12T18:17:39.565241,14.999781,7.499890,131.785333,1.320509,1.313231
2026-06-12T18:17:39.574548,15.009713,7.504857,131.872599,1.317929,1.314336
2026-06-12T18:17:39.587399,15.020821,7.510410,131.970186,1.323411,1.316271
2026-06-12T18:17:39.598604,15.030714,7.515357,132.057110,1.325345,1.318113
2026-06-12T18:17:39.607575,15.040947,7.520473,132.147011,1.326957,1.320140
2026-06-12T18:17:39.616643,15.051802,7.525901,132.242379,1.329537,1.322858
2026-06-12T18:17:39.629469,15.062213,7.531107,132.333855,1.335663,1.325622
2026-06-12T18:17:39.640251,15.073189,7.536594,132.430284,1.321153,1.325714
2026-06-12T18:17:39.649286,15.083811,7.541905,132.523604,1.280849,1.320416
2026-06-12T18:17:39.658081,15.093899,7.546949,132.612236,1.320509,1.320002
2026-06-12T18:17:39.671295,15.103822,7.551911,132.699425,1.333728,1.321200
2026-06-12T18:17:39.679656,15.114414,7.557207,132.792483,1.338887,1.322904
2026-06-12T18:17:39.691345,15.124873,7.562437,132.884372,1.341789,1.324654
2026-06-12T18:17:39.699291,15.134379,7.567190,132.967889,1.345659,1.326082
2026-06-12T18:17:39.712434,15.144556,7.572278,133.057305,1.321798,1.326174
2026-06-12T18:17:39.720844,15.155074,7.577537,133.149708,1.330182,1.333222
2026-06-12T18:17:39.732998,15.165867,7.582934,133.244537,1.340500,1.336078
2026-06-12T18:17:39.740575,15.175980,7.587990,133.333387,1.322443,1.334465
2026-06-12T18:17:39.754057,15.186191,7.593096,133.423103,1.325023,1.332485
2026-06-12T18:17:39.761961,15.196497,7.598249,133.513647,1.344046,1.332807
2026-06-12T18:17:39.773593,15.207427,7.603714,133.609675,1.345659,1.332807
2026-06-12T18:17:39.783374,15.217810,7.608905,133.700901,1.349205,1.336723
2026-06-12T18:17:39.795300,15.227517,7.613758,133.786179,1.353075,1.339993
2026-06-12T18:17:39.804106,15.238096,7.619048,133.879128,1.358879,1.342619
2026-06-12T18:17:39.815274,15.248214,7.624107,133.968019,1.357266,1.347593
2026-06-12T18:17:39.823661,15.258419,7.629210,134.057683,1.362425,1.352937
2026-06-12T18:17:39.837456,15.270215,7.635108,134.161322,1.363070,1.355654
2026-06-12T18:17:39.846542,15.279100,7.639550,134.239377,1.362748,1.358096
2026-06-12T18:17:39.854374,15.289437,7.644719,134.330204,1.359201,1.359523
2026-06-12T18:17:39.865859,15.299606,7.649803,134.419545,1.362748,1.360905
2026-06-12T18:17:39.874784,15.309834,7.654917,134.509403,1.359523,1.360997
2026-06-12T18:17:39.887555,15.319843,7.659921,134.597339,1.362103,1.361688
2026-06-12T18:17:39.895524,15.330930,7.665465,134.694748,1.373388,1.363255
2026-06-12T18:17:39.906966,15.340821,7.670411,134.781653,1.376290,1.365143
2026-06-12T18:17:39.918802,15.351845,7.675923,134.878508,1.370809,1.366295
2026-06-12T18:17:39.928977,15.362605,7.681303,134.973041,1.372421,1.368183
2026-06-12T18:17:39.940259,15.373177,7.686589,135.065927,1.377580,1.370302
2026-06-12T18:17:39.948597,15.383159,7.691580,135.153629,1.362748,1.370763
2026-06-12T18:17:39.958390,15.393506,7.696753,135.244531,1.374033,1.372467
2026-06-12T18:17:39.970702,15.404086,7.702043,135.337482,1.378547,1.373204
2026-06-12T18:17:39.979024,15.414458,7.707229,135.428609,1.312125,1.364038
2026-06-12T18:17:39.990613,15.425213,7.712606,135.523103,1.262147,1.348515
2026-06-12T18:17:39.999690,15.434943,7.717472,135.608591,1.336630,1.343402
2026-06-12T18:17:40.012002,15.445469,7.722734,135.701065,1.363715,1.341421
2026-06-12T18:17:40.023576,15.455807,7.727904,135.791901,1.378225,1.343632
2026-06-12T18:17:40.032212,15.466335,7.733168,135.884395,1.385641,1.345290
2026-06-12T18:17:40.041474,15.476084,7.738042,135.970051,1.387898,1.346626
2026-06-12T18:17:40.053683,15.486869,7.743435,136.064803,1.386931,1.357312
2026-06-12T18:17:40.062924,15.496456,7.748228,136.149027,1.386286,1.375047
2026-06-12T18:17:40.073826,15.507257,7.753629,136.243931,1.393057,1.383107
2026-06-12T18:17:40.083140,15.517390,7.758695,136.332955,1.390800,1.386977
2026-06-12T18:17:40.092262,15.527619,7.763809,136.422822,1.383706,1.387760
2026-06-12T18:17:40.104472,15.538096,7.769048,136.514877,1.399506,1.389740
2026-06-12T18:17:40.115882,15.548254,7.774127,136.604122,1.401440,1.391675
2026-06-12T18:17:40.123660,15.558577,7.779289,136.694818,1.376290,1.390155
2026-06-12T18:17:40.134933,15.568886,7.784443,136.785389,1.393379,1.391168
2026-06-12T18:17:40.145812,15.579345,7.789672,136.877277,1.398861,1.391998
2026-06-12T18:17:40.158282,15.591105,7.795553,136.980601,1.327280,1.382923
2026-06-12T18:17:40.166407,15.600522,7.800261,137.063334,1.367907,1.380666
2026-06-12T18:17:40.174349,15.609363,7.804681,137.141009,1.392090,1.379607
2026-06-12T18:17:40.187362,15.619713,7.809856,137.231944,1.399828,1.379376
2026-06-12T18:17:40.194933,15.630205,7.815102,137.324124,1.401440,1.382969
2026-06-12T18:17:40.207431,15.641066,7.820533,137.419545,1.404020,1.384489
2026-06-12T18:17:40.215843,15.651075,7.825537,137.507482,1.384674,1.382463
2026-06-12T18:17:40.228712,15.661589,7.830795,137.599863,1.356944,1.386700
2026-06-12T18:17:40.237407,15.671654,7.835827,137.688284,1.390800,1.389971
2026-06-12T18:17:40.248974,15.682935,7.841467,137.787401,1.401440,1.391307
2026-06-12T18:17:40.259147,15.692448,7.846224,137.870980,1.402408,1.391675
2026-06-12T18:17:40.267735,15.702435,7.851217,137.958721,1.403053,1.391905
2026-06-12T18:17:40.280987,15.713404,7.856702,138.055093,1.409824,1.392735
2026-06-12T18:17:40.292327,15.724481,7.862241,138.152419,1.392412,1.393840
2026-06-12T18:17:40.299181,15.734040,7.867020,138.236405,1.385641,1.397940
2026-06-12T18:17:40.309520,15.744035,7.872018,138.324216,1.406922,1.400243
2026-06-12T18:17:40.321156,15.754436,7.877218,138.415601,1.409501,1.401394
2026-06-12T18:17:40.332427,15.765111,7.882555,138.509382,1.401763,1.401302
2026-06-12T18:17:40.343335,15.776065,7.888032,138.605622,1.417562,1.403375
2026-06-12T18:17:40.353648,15.786258,7.893129,138.695183,1.421431,1.405033
2026-06-12T18:17:40.362242,15.796307,7.898153,138.783466,1.422399,1.409317
2026-06-12T18:17:40.373564,15.807208,7.903604,138.879240,1.431427,1.415858
2026-06-12T18:17:40.383310,15.817838,7.908919,138.972633,1.435296,1.419911
2026-06-12T18:17:40.395471,15.828211,7.914105,139.063766,1.433362,1.423320
2026-06-12T18:17:40.403209,15.838080,7.919040,139.150476,1.438843,1.428617
2026-06-12T18:17:40.416470,15.848849,7.924425,139.245095,1.438521,1.431611
2026-06-12T18:17:40.424199,15.859194,7.929597,139.335977,1.381772,1.425946
2026-06-12T18:17:40.437138,15.869501,7.934750,139.426536,1.418207,1.425347
2026-06-12T18:17:40.445916,15.879914,7.939957,139.518021,1.440133,1.426590
2026-06-12T18:17:40.457044,15.890247,7.945124,139.608809,1.439165,1.427143
2026-06-12T18:17:40.466109,15.901203,7.950602,139.705068,1.447549,1.429170
2026-06-12T18:17:40.479179,15.911537,7.955768,139.795853,1.451418,1.430966
2026-06-12T18:17:40.486983,15.921950,7.960975,139.887346,1.450773,1.432717
2026-06-12T18:17:40.498612,15.932358,7.966179,139.978790,1.449161,1.442344
2026-06-12T18:17:40.507584,15.942627,7.971314,140.069011,1.452708,1.447272
2026-06-12T18:17:40.520351,15.952596,7.976298,140.156598,1.453353,1.449161
2026-06-12T18:17:40.529839,15.963792,7.981896,140.254956,1.419497,1.446351
2026-06-12T18:17:40.540297,15.973563,7.986782,140.340807,1.434006,1.444417
2026-06-12T18:17:40.549032,15.983613,7.991806,140.429099,1.449806,1.444186
2026-06-12T18:17:40.562047,15.994371,7.997185,140.523618,1.434974,1.441929
2026-06-12T18:17:40.570444,16.004242,8.002121,140.610350,1.423366,1.438244
2026-06-12T18:17:40.581955,16.014544,8.007272,140.700854,1.456255,1.438751
2026-06-12T18:17:40.590924,16.025391,8.012696,140.796160,1.463026,1.440133
2026-06-12T18:17:40.603655,16.035859,8.017930,140.888129,1.450128,1.444509
2026-06-12T18:17:40.612316,16.046539,8.023269,140.981957,1.458512,1.448009
2026-06-12T18:17:40.623590,16.056727,8.028363,141.071469,1.469475,1.450819
2026-06-12T18:17:40.632035,16.066814,8.033407,141.160097,1.468185,1.455564
2026-06-12T18:17:40.645528,16.078262,8.039131,141.260677,1.471732,1.462473
2026-06-12T18:17:40.654561,16.088097,8.044049,141.347085,1.470442,1.464500
2026-06-12T18:17:40.665959,16.098148,8.049074,141.435383,1.454642,1.463302
2026-06-12T18:17:40.674407,16.108259,8.054129,141.524219,1.452708,1.463671
2026-06-12T18:17:40.683414,16.118506,8.059253,141.614249,1.463026,1.464316
2026-06-12T18:17:40.696052,16.128430,8.064215,141.701436,1.454642,1.462197
2026-06-12T18:17:40.704975,16.138870,8.069435,141.793166,1.454642,1.460262
2026-06-12T18:17:40.715273,16.148963,8.074481,141.881835,1.459157,1.458466
2026-06-12T18:17:40.726280,16.159437,8.079718,141.973861,1.460446,1.457038
2026-06-12T18:17:40.737025,16.169599,8.084800,142.063147,1.458834,1.457637
2026-06-12T18:17:40.745287,16.180397,8.090198,142.158008,1.461091,1.458834
2026-06-12T18:17:40.756967,16.190951,8.095476,142.250739,1.464316,1.459018
2026-06-12T18:17:40.765958,16.201515,8.100758,142.343555,1.409179,1.452524
2026-06-12T18:17:40.778915,16.211692,8.105846,142.432961,1.392735,1.443680
2026-06-12T18:17:40.786732,16.222082,8.111041,142.524246,1.450451,1.442436
2026-06-12T18:17:40.798639,16.232357,8.116178,142.614520,1.459157,1.442252
2026-06-12T18:17:40.806943,16.242453,8.121226,142.703223,1.464960,1.443127
2026-06-12T18:17:40.820369,16.252859,8.126430,142.794653,1.470442,1.444463
2026-06-12T18:17:40.828905,16.263443,8.131722,142.887643,1.463348,1.444324
2026-06-12T18:17:40.840963,16.273685,8.136843,142.977626,1.449806,1.450128
2026-06-12T18:17:40.848698,16.283830,8.141915,143.066753,1.467862,1.460861
2026-06-12T18:17:40.858626,16.294085,8.147043,143.156855,1.478503,1.464868
2026-06-12T18:17:40.870646,16.304626,8.152313,143.249461,1.473989,1.466987
2026-06-12T18:17:40.881970,16.315102,8.157551,143.341510,1.481727,1.469382
2026-06-12T18:17:40.892327,16.325091,8.162546,143.429270,1.484952,1.471455
2026-06-12T18:17:40.899996,16.335192,8.167596,143.518014,1.479470,1.473758
2026-06-12T18:17:40.913154,16.345481,8.172741,143.608410,1.485274,1.478825
2026-06-12T18:17:40.923683,16.356043,8.178021,143.701203,1.491400,1.482188
2026-06-12T18:17:40.933518,16.366466,8.183233,143.792778,1.492368,1.484169
2026-06-12T18:17:40.940910,16.376377,8.188188,143.879855,1.492368,1.486794
2026-06-12T18:17:40.954557,16.386747,8.193373,143.970965,1.494625,1.488637
2026-06-12T18:17:40.962316,16.397085,8.198543,144.061796,1.498494,1.490571
2026-06-12T18:17:40.973608,16.407636,8.203818,144.154495,1.497849,1.493197
2026-06-12T18:17:40.983147,16.417880,8.208940,144.244495,1.498816,1.495131
2026-06-12T18:17:40.995447,16.428941,8.214471,144.341678,1.503975,1.496928
2026-06-12T18:17:41.007043,16.439406,8.219703,144.433617,1.508167,1.499185
2026-06-12T18:17:41.015715,16.449189,8.224595,144.519573,1.507522,1.501350
2026-06-12T18:17:41.023963,16.459186,8.229593,144.607397,1.512681,1.503929
2026-06-12T18:17:41.037251,16.469606,8.234803,144.698953,1.487209,1.502317
2026-06-12T18:17:41.048586,16.480703,8.240352,144.796450,1.398538,1.488130
2026-06-12T18:17:41.056930,16.491097,8.245549,144.887769,1.473666,1.484537
2026-06-12T18:17:41.066742,16.501827,8.250914,144.982037,1.505265,1.484721
2026-06-12T18:17:41.079493,16.511864,8.255932,145.070221,1.515261,1.485735
2026-06-12T18:17:41.087235,16.522060,8.261030,145.159805,1.521065,1.487669
2026-06-12T18:17:41.101116,16.534600,8.267300,145.269973,1.483017,1.483432
2026-06-12T18:17:41.107998,16.543186,8.271593,145.345411,1.456255,1.479010
2026-06-12T18:17:41.120482,16.553248,8.276624,145.433814,1.483339,1.491124
2026-06-12T18:17:41.132211,16.565193,8.282597,145.538762,1.510424,1.496375
2026-06-12T18:17:41.141091,16.574503,8.287251,145.620554,1.510424,1.497112
2026-06-12T18:17:41.149668,16.584796,8.292398,145.710984,1.516550,1.497296
2026-06-12T18:17:41.162668,16.595909,8.297954,145.808622,1.524289,1.497757
2026-06-12T18:17:41.173598,16.606072,8.303036,145.897917,1.522999,1.503469
2026-06-12T18:17:41.181933,16.616209,8.308105,145.986977,1.520097,1.512589
2026-06-12T18:17:41.191736,16.626413,8.313207,146.076628,1.531060,1.519406
2026-06-12T18:17:41.204660,16.636972,8.318486,146.169396,1.533640,1.522723
2026-06-12T18:17:41.214392,16.647397,8.323699,146.260993,1.526868,1.525072
2026-06-12T18:17:41.224376,16.658439,8.329220,146.358005,1.534284,1.527605
2026-06-12T18:17:41.235000,16.667946,8.333973,146.441531,1.537831,1.529540
2026-06-12T18:17:41.245792,16.679101,8.339551,146.539538,1.538476,1.531751
2026-06-12T18:17:41.253941,16.688875,8.344437,146.625406,1.539443,1.534515
2026-06-12T18:17:41.265756,16.699504,8.349752,146.718794,1.529770,1.534331
2026-06-12T18:17:41.274162,16.709424,8.354712,146.805946,1.507522,1.530599
2026-06-12T18:17:41.286901,16.719849,8.359924,146.897537,1.530415,1.531106
2026-06-12T18:17:41.295578,16.730507,8.365254,146.991181,1.539443,1.531843
2026-06-12T18:17:41.306879,16.740134,8.370067,147.075756,1.540411,1.532212
2026-06-12T18:17:41.315147,16.750612,8.375306,147.167816,1.543958,1.532995
2026-06-12T18:17:41.325266,16.760702,8.380351,147.256467,1.549117,1.534377
2026-06-12T18:17:41.337308,16.770729,8.385365,147.344564,1.544602,1.536495
2026-06-12T18:17:41.348630,16.782415,8.391208,147.447235,1.545247,1.541885
2026-06-12T18:17:41.357457,16.791269,8.395635,147.525022,1.550084,1.544695
2026-06-12T18:17:41.367205,16.801237,8.400618,147.612598,1.553308,1.546675
2026-06-12T18:17:41.378659,16.811483,8.405742,147.702619,1.537831,1.546307
2026-06-12T18:17:41.390244,16.822953,8.411476,147.803390,1.541378,1.545938
2026-06-12T18:17:41.398686,16.833339,8.416670,147.894644,1.553953,1.546629
2026-06-12T18:17:41.408065,16.842855,8.421427,147.978247,1.544925,1.546675
2026-06-12T18:17:41.420533,16.853355,8.426677,148.070496,1.534607,1.545155
2026-06-12T18:17:41.431952,16.864397,8.432199,148.167512,1.556855,1.546123
2026-06-12T18:17:41.440359,16.874942,8.437471,148.260160,1.567173,1.548103
2026-06-12T18:17:41.449910,16.885346,8.442673,148.351561,1.564916,1.551972
2026-06-12T18:17:41.462924,16.895757,8.447878,148.443034,1.569430,1.555980
2026-06-12T18:17:41.473624,16.905779,8.452889,148.531082,1.570720,1.558375
2026-06-12T18:17:41.482547,16.916094,8.458047,148.621715,1.536864,1.557224
2026-06-12T18:17:41.490861,16.926073,8.463037,148.709386,1.533317,1.557039
2026-06-12T18:17:41.503840,16.936276,8.468138,148.799026,1.559757,1.557454
2026-06-12T18:17:41.512759,16.947049,8.473524,148.893676,1.557500,1.556072
2026-06-12T18:17:41.523555,16.957174,8.478587,148.982632,1.564271,1.555980
2026-06-12T18:17:41.535417,16.967817,8.483909,149.076143,1.569753,1.556026
2026-06-12T18:17:41.545705,16.978409,8.489205,149.169200,1.566528,1.555427
2026-06-12T18:17:41.554465,16.988831,8.494416,149.260768,1.549761,1.557270
2026-06-12T18:17:41.565247,16.999465,8.499732,149.354192,1.566851,1.562060
2026-06-12T18:17:41.574664,17.010342,8.505171,149.449754,1.566206,1.562981
2026-06-12T18:17:41.587074,17.020444,8.510222,149.538510,1.510424,1.556256
2026-06-12T18:17:41.598605,17.030941,8.515470,149.630732,1.554598,1.554874
2026-06-12T18:17:41.606914,17.041436,8.520718,149.722946,1.577169,1.555934
2026-06-12T18:17:41.616352,17.051910,8.525955,149.814969,1.568785,1.556256
2026-06-12T18:17:41.629238,17.061981,8.530991,149.903450,1.578136,1.560310
2026-06-12T18:17:41.637307,17.072734,8.536367,149.997925,1.586519,1.563120
2026-06-12T18:17:41.649187,17.083357,8.541679,150.091254,1.571365,1.563857
2026-06-12T18:17:41.658350,17.093648,8.546824,150.181667,1.526546,1.566160
2026-06-12T18:17:41.670858,17.103790,8.551895,150.270776,1.561047,1.567081
2026-06-12T18:17:41.681942,17.114413,8.557207,150.364107,1.586197,1.568371
2026-06-12T18:17:41.691238,17.124905,8.562452,150.456285,1.591356,1.571595
2026-06-12T18:17:41.699771,17.135330,8.567665,150.547882,1.597160,1.574313
2026-06-12T18:17:41.712712,17.145689,8.572845,150.638892,1.598772,1.576063
2026-06-12T18:17:41.723611,17.156697,8.578349,150.735608,1.584907,1.577998
2026-06-12T18:17:41.732969,17.166082,8.583041,150.818058,1.595225,1.587809
2026-06-12T18:17:41.743798,17.176074,8.588037,150.905852,1.603608,1.593889
2026-06-12T18:17:41.753842,17.186492,8.593246,150.997383,1.595870,1.595271
2026-06-12T18:17:41.761586,17.196842,8.598421,151.088312,1.606188,1.597390
2026-06-12T18:17:41.773593,17.207108,8.603554,151.178511,1.609735,1.599186
2026-06-12T18:17:41.781944,17.217651,8.608826,151.271139,1.597482,1.599002
2026-06-12T18:17:41.795308,17.227932,8.613966,151.361465,1.598449,1.600937
2026-06-12T18:17:41.803942,17.238731,8.619365,151.456337,1.615861,1.603885
2026-06-12T18:17:41.815245,17.248928,8.624464,151.545932,1.599739,1.603332
2026-06-12T18:17:41.823874,17.258629,8.629315,151.631162,1.594258,1.603102
2026-06-12T18:17:41.836590,17.268768,8.634384,151.720238,1.613604,1.604161
2026-06-12T18:17:41.845604,17.279427,8.639714,151.813890,1.624244,1.606234
2026-06-12T18:17:41.857467,17.289918,8.644959,151.906060,1.575879,1.603148
2026-06-12T18:17:41.866521,17.300862,8.650431,152.002211,1.592968,1.602365
2026-06-12T18:17:41.875089,17.310429,8.655214,152.086262,1.616828,1.602503
2026-06-12T18:17:41.887279,17.320089,8.660045,152.171141,1.590711,1.601213
2026-06-12T18:17:41.899128,17.332050,8.666025,152.276228,1.594903,1.601305
2026-06-12T18:17:41.907785,17.341593,8.670797,152.360068,1.618441,1.601996
2026-06-12T18:17:41.917347,17.351753,8.675877,152.449336,1.626502,1.602319
2026-06-12T18:17:41.928792,17.362218,8.681109,152.541276,1.613282,1.607662
2026-06-12T18:17:41.940191,17.372504,8.686252,152.631643,1.622955,1.611946
2026-06-12T18:17:41.948602,17.382888,8.691444,152.722880,1.624567,1.613051
2026-06-12T18:17:41.957500,17.392919,8.696460,152.811009,1.577169,1.611117
2026-06-12T18:17:41.970667,17.403591,8.701795,152.904770,1.603286,1.612314
2026-06-12T18:17:41.981932,17.414196,8.707098,152.997942,1.626824,1.613512
2026-06-12T18:17:41.990262,17.424771,8.712385,153.090850,1.530415,1.599785
2026-06-12T18:17:41.999751,17.434845,8.717423,153.179363,1.465605,1.578689
2026-06-12T18:17:42.012281,17.445424,8.722712,153.272312,1.562981,1.570121
2026-06-12T18:17:42.023559,17.455958,8.727979,153.364858,1.611347,1.568233
2026-06-12T18:17:42.034354,17.467562,8.733781,153.466808,1.627791,1.575464
2026-06-12T18:17:42.041818,17.475886,8.737943,153.539940,1.638109,1.580439
2026-06-12T18:17:42.053607,17.486486,8.743243,153.633073,1.638109,1.582051
2026-06-12T18:17:42.066297,17.498395,8.749198,153.737704,1.637464,1.597344
2026-06-12T18:17:42.074109,17.507548,8.753774,153.818122,1.639721,1.622218
2026-06-12T18:17:42.083035,17.518054,8.759027,153.910421,1.641011,1.633365
2026-06-12T18:17:42.095527,17.528321,8.764160,154.000624,1.620053,1.634609
2026-06-12T18:17:42.106919,17.539048,8.769524,154.094872,1.625212,1.634240
2026-06-12T18:17:42.115753,17.549419,8.774709,154.185985,1.635530,1.633872
2026-06-12T18:17:42.124186,17.559556,8.779778,154.275047,1.637142,1.633733
2026-06-12T18:17:42.137116,17.570083,8.785042,154.367540,1.634562,1.633319
2026-06-12T18:17:42.148619,17.581089,8.790545,154.464239,1.641334,1.633549
2026-06-12T18:17:42.156930,17.590962,8.795481,154.550976,1.630048,1.631983
2026-06-12T18:17:42.165753,17.601074,8.800537,154.639819,1.611347,1.630739
2026-06-12T18:17:42.178549,17.611317,8.805658,154.729810,1.632628,1.631799
2026-06-12T18:17:42.188278,17.621736,8.810868,154.821351,1.630371,1.631062
2026-06-12T18:17:42.198986,17.631855,8.815927,154.910255,1.613282,1.627653
2026-06-12T18:17:42.207411,17.641923,8.820961,154.998710,1.638754,1.628252
2026-06-12T18:17:42.220593,17.652880,8.826440,155.094983,1.647138,1.629081
2026-06-12T18:17:42.228916,17.663204,8.831602,155.185681,1.637464,1.630140
2026-06-12T18:17:42.240532,17.674207,8.837104,155.282354,1.643591,1.634747
2026-06-12T18:17:42.249566,17.684787,8.842394,155.375312,1.647782,1.636912
2026-06-12T18:17:42.262150,17.694881,8.847440,155.463990,1.626824,1.636405
2026-06-12T18:17:42.272439,17.704734,8.852367,155.550558,1.619730,1.637326
2026-06-12T18:17:42.284389,17.716473,8.858236,155.653693,1.651974,1.639215
2026-06-12T18:17:42.290888,17.726391,8.863195,155.740830,1.655521,1.640412
2026-06-12T18:17:42.301366,17.736366,8.868183,155.828471,1.654231,1.642808
2026-06-12T18:17:42.313265,17.747127,8.873564,155.923018,1.659068,1.645019
2026-06-12T18:17:42.323601,17.757067,8.878534,156.010348,1.661002,1.646907
2026-06-12T18:17:42.332470,17.767057,8.883529,156.098119,1.653909,1.650776
2026-06-12T18:17:42.345329,17.777748,8.888874,156.192049,1.658423,1.656304
2026-06-12T18:17:42.353331,17.788555,8.894277,156.286994,1.662615,1.657824
2026-06-12T18:17:42.365252,17.798904,8.899452,156.377921,1.657456,1.658100
2026-06-12T18:17:42.373678,17.808927,8.904463,156.465974,1.656488,1.658423
2026-06-12T18:17:42.386926,17.819436,8.909718,156.558306,1.663904,1.659114
2026-06-12T18:17:42.395319,17.830696,8.915348,156.657242,1.643591,1.656626
2026-06-12T18:17:42.406913,17.839890,8.919945,156.738012,1.609090,1.650224
2026-06-12T18:17:42.415262,17.850299,8.925150,156.829468,1.652941,1.649441
2026-06-12T18:17:42.425005,17.860467,8.930234,156.918803,1.667129,1.650086
2026-06-12T18:17:42.437081,17.870425,8.935213,157.006290,1.656166,1.649901
2026-06-12T18:17:42.445446,17.880687,8.940343,157.096448,1.665516,1.651191
2026-06-12T18:17:42.457051,17.891560,8.945780,157.191981,1.668418,1.651836
2026-06-12T18:17:42.465970,17.901349,8.950674,157.277979,1.640689,1.651421
2026-06-12T18:17:42.478910,17.911709,8.955854,157.368999,1.661970,1.658976
2026-06-12T18:17:42.487950,17.921930,8.960965,157.458799,1.673900,1.661970
2026-06-12T18:17:42.498596,17.932248,8.966124,157.549456,1.652619,1.659897
2026-06-12T18:17:42.507404,17.942442,8.971221,157.639017,1.661325,1.660634
2026-06-12T18:17:42.520577,17.952738,8.976369,157.729473,1.671965,1.661555
2026-06-12T18:17:42.532447,17.964776,8.982388,157.835242,1.674545,1.662430
2026-06-12T18:17:42.540889,17.973517,8.986758,157.912033,1.647782,1.663444
2026-06-12T18:17:42.549323,17.984240,8.992120,158.006249,1.671320,1.664779
2026-06-12T18:17:42.559080,17.993701,8.996851,158.089373,1.677769,1.665332
2026-06-12T18:17:42.570453,18.004302,9.002151,158.182511,1.641656,1.663766
2026-06-12T18:17:42.581921,18.014867,9.007433,158.275328,1.623922,1.658423
2026-06-12T18:17:42.591294,18.024954,9.012477,158.363949,1.663904,1.657271
2026-06-12T18:17:42.600033,18.035322,9.017661,158.455041,1.676157,1.657502
2026-06-12T18:17:42.612610,18.045569,9.022785,158.545075,1.682606,1.662476
2026-06-12T18:17:42.623610,18.056120,9.028060,158.637769,1.688087,1.664872
2026-06-12T18:17:42.632788,18.066332,9.033166,158.727495,1.663582,1.662845
2026-06-12T18:17:42.641371,18.076668,9.038334,158.818300,1.655843,1.664872
2026-06-12T18:17:42.653634,18.086822,9.043411,158.907516,1.675834,1.672288
2026-06-12T18:17:42.665230,18.097860,9.048930,159.004489,1.682928,1.675005
2026-06-12T18:17:42.673607,18.108404,9.054202,159.097130,1.678091,1.675282
2026-06-12T18:17:42.684984,18.118301,9.059151,159.184083,1.686797,1.675880
2026-06-12T18:17:42.695541,18.128712,9.064356,159.275555,1.687765,1.675834
2026-06-12T18:17:42.703650,18.138696,9.069348,159.363273,1.661325,1.675512
2026-06-12T18:17:42.716248,18.150412,9.075206,159.466206,1.637464,1.672886
2026-06-12T18:17:42.724622,18.159595,9.079798,159.546885,1.669063,1.671919
2026-06-12T18:17:42.735044,18.169569,9.084784,159.634512,1.676157,1.670952
2026-06-12T18:17:42.746089,18.180474,9.090237,159.730320,1.658745,1.668188
2026-06-12T18:17:42.756886,18.190856,9.095428,159.821534,1.667774,1.665470
2026-06-12T18:17:42.765855,18.200832,9.100416,159.909184,1.681961,1.664641
2026-06-12T18:17:42.778429,18.212524,9.106262,160.011909,1.682928,1.667727
2026-06-12T18:17:42.787467,18.222080,9.111040,160.095862,1.684540,1.674453
2026-06-12T18:17:42.800646,18.232814,9.116407,160.190169,1.686152,1.676894
2026-06-12T18:17:42.807300,18.242863,9.121431,160.278460,1.690344,1.678921
2026-06-12T18:17:42.820912,18.253089,9.126544,160.368300,1.691634,1.683619
2026-06-12T18:17:42.827966,18.263444,9.131722,160.459282,1.696793,1.687765
2026-06-12T18:17:42.841221,18.273981,9.136990,160.551855,1.598772,1.675880
2026-06-12T18:17:42.848485,18.284074,9.142037,160.640534,1.481405,1.647091
2026-06-12T18:17:42.862281,18.294436,9.147218,160.731576,1.615539,1.637234
2026-06-12T18:17:42.870578,18.304902,9.152451,160.823525,1.672932,1.635346
2026-06-12T18:17:42.881912,18.315575,9.157788,160.917295,1.685830,1.634701
2026-06-12T18:17:42.891910,18.326766,9.163383,161.015622,1.698083,1.635622
2026-06-12T18:17:42.900784,18.335615,9.167807,161.093361,1.700340,1.636129
2026-06-12T18:17:42.915557,18.347829,9.173915,161.200676,1.545570,1.628528
2026-06-12T18:17:42.923547,18.356474,9.178237,161.276628,1.517840,1.633733
2026-06-12T18:17:42.932371,18.366797,9.183399,161.367327,1.649717,1.638616
2026-06-12T18:17:42.942344,18.376816,9.188408,161.455345,1.686475,1.640551
2026-06-12T18:17:42.953978,18.387710,9.193855,161.551064,1.696793,1.642117
2026-06-12T18:17:42.965255,18.397930,9.198965,161.640852,1.707756,1.643499
2026-06-12T18:17:42.973874,18.408348,9.204174,161.732379,1.708723,1.644696
2026-06-12T18:17:42.983821,18.418437,9.209219,161.821022,1.701629,1.666990
2026-06-12T18:17:42.995328,18.428571,9.214286,161.910060,1.708078,1.694167
2026-06-12T18:17:43.006949,18.439023,9.219511,162.001887,1.708078,1.702505
2026-06-12T18:17:43.015497,18.449626,9.224813,162.095043,1.651974,1.697576
2026-06-12T18:17:43.024677,18.460076,9.230038,162.186857,1.687442,1.696240
2026-06-12T18:17:43.037974,18.470247,9.235124,162.276219,1.710335,1.696609
2026-06-12T18:17:43.048595,18.480859,9.240430,162.369451,1.656488,1.689146
2026-06-12T18:17:43.056901,18.491261,9.245630,162.460841,1.651974,1.682053
2026-06-12T18:17:43.066334,18.501379,9.250689,162.549735,1.701629,1.681132
2026-06-12T18:17:43.078422,18.511986,9.255993,162.642929,1.686475,1.678045
2026-06-12T18:17:43.090335,18.523737,9.261868,162.746168,1.675834,1.681454
2026-06-12T18:17:43.099241,18.533598,9.266799,162.832806,1.715817,1.685508
2026-06-12T18:17:43.110483,18.543252,9.271626,162.917627,1.675512,1.680533
2026-06-12T18:17:43.123596,18.555750,9.277875,163.027433,1.568140,1.667912
2026-06-12T18:17:43.132246,18.565952,9.282976,163.117060,1.678414,1.671689
2026-06-12T18:17:43.142410,18.576075,9.288038,163.206004,1.711947,1.673163
2026-06-12T18:17:43.153579,18.586209,9.293104,163.295033,1.719363,1.677861
2026-06-12T18:17:43.162674,18.596967,9.298484,163.389557,1.736453,1.686521
2026-06-12T18:17:43.173570,18.607427,9.303714,163.481455,1.733228,1.689008
2026-06-12T18:17:43.183071,18.617590,9.308795,163.570748,1.723233,1.695826
2026-06-12T18:17:43.195262,18.627981,9.313991,163.662041,1.735808,1.719778
2026-06-12T18:17:43.204406,18.638354,9.319177,163.753172,1.744514,1.729221
2026-06-12T18:17:43.215787,18.648545,9.324272,163.842709,1.710335,1.728991
2026-06-12T18:17:43.224104,18.658594,9.329297,163.930998,1.701629,1.726457
2026-06-12T18:17:43.234036,18.668665,9.334333,164.019483,1.737742,1.726641
2026-06-12T18:17:43.245769,18.679441,9.339721,164.114156,1.741289,1.727793
2026-06-12T18:17:43.254396,18.688688,9.344344,164.195395,1.736130,1.729635
2026-06-12T18:17:43.265665,18.698780,9.349390,164.284063,1.747738,1.731340
2026-06-12T18:17:43.274252,18.709402,9.354701,164.377389,1.749995,1.732123
2026-06-12T18:17:43.287511,18.719655,9.359827,164.467467,1.737098,1.735946
2026-06-12T18:17:43.295005,18.730428,9.365214,164.562115,1.746126,1.742303
2026-06-12T18:17:43.307461,18.741203,9.370601,164.656782,1.756444,1.744974
2026-06-12T18:17:43.315913,18.751396,9.375698,164.746339,1.594258,1.723970
2026-06-12T18:17:43.328786,18.761438,9.380719,164.834565,1.384029,1.673669
2026-06-12T18:17:43.338317,18.772084,9.386042,164.928100,1.526868,1.642117
2026-06-12T18:17:43.349116,18.783438,9.391719,165.027853,1.669063,1.630555
2026-06-12T18:17:43.357940,18.793543,9.396772,165.116639,1.720331,1.628160
2026-06-12T18:17:43.370365,18.803627,9.401814,165.205235,1.742579,1.627653
2026-06-12T18:17:43.381923,18.814255,9.407127,165.298603,1.739999,1.625304
2026-06-12T18:17:43.391394,18.824787,9.412393,165.391135,1.738387,1.645894
2026-06-12T18:17:43.399408,18.834695,9.417347,165.478189,1.753864,1.698727
2026-06-12T18:17:43.412689,18.845057,9.422529,165.569231,1.756766,1.731570
2026-06-12T18:17:43.420095,18.855309,9.427654,165.659298,1.749028,1.742994
2026-06-12T18:17:43.433146,18.866085,9.433043,165.753976,1.759346,1.748567
2026-06-12T18:17:43.440678,18.876205,9.438102,165.842888,1.766117,1.751930
2026-06-12T18:17:43.454075,18.886909,9.443455,165.936936,1.759023,1.754647
2026-06-12T18:17:43.462207,18.896636,9.448318,166.022392,1.756766,1.757273
2026-06-12T18:17:43.474530,18.906674,9.453337,166.110581,1.762570,1.758517
2026-06-12T18:17:43.483924,18.917504,9.458752,166.205735,1.767407,1.760037
2026-06-12T18:17:43.492795,18.927197,9.463599,166.290897,1.757411,1.761234
2026-06-12T18:17:43.504138,18.937913,9.468957,166.385046,1.768374,1.762524
2026-06-12T18:17:43.515646,18.949886,9.474943,166.490234,1.769341,1.762985
2026-06-12T18:17:43.523847,18.959543,9.479771,166.575077,1.746126,1.761142
2026-06-12T18:17:43.534320,18.969780,9.484890,166.665025,1.747093,1.759760
2026-06-12T18:17:43.546454,18.980354,9.490177,166.757922,1.766117,1.760267
2026-06-12T18:17:43.556891,18.990082,9.495041,166.843393,1.766117,1.760083
2026-06-12T18:17:43.565249,19.000207,9.500103,166.932345,1.769986,1.761879
2026-06-12T18:17:43.578446,19.010786,9.505393,167.025294,1.773533,1.762616
2026-06-12T18:17:43.587352,19.021690,9.510845,167.121092,1.772888,1.763123
2026-06-12T18:17:43.599077,19.031980,9.515990,167.211500,1.753542,1.764182
2026-06-12T18:17:43.607186,19.042101,9.521050,167.300418,1.771921,1.767729
2026-06-12T18:17:43.620067,19.052600,9.526300,167.392664,1.779982,1.769710
2026-06-12T18:17:43.629228,19.062801,9.531400,167.482285,1.760958,1.768973
2026-06-12T18:17:43.641089,19.073282,9.536641,167.574373,1.771598,1.769203
2026-06-12T18:17:43.648639,19.084063,9.542031,167.669088,1.783851,1.770677
2026-06-12T18:17:43.658544,19.093904,9.546952,167.755552,1.765472,1.769618
2026-06-12T18:17:43.671063,19.104442,9.552221,167.848140,1.762248,1.770861
2026-06-12T18:17:43.682311,19.114466,9.557233,167.936206,1.782239,1.772335
2026-06-12T18:17:43.692135,19.124830,9.562415,168.027258,1.781271,1.772520
2026-06-12T18:17:43.699999,19.135197,9.567599,168.118345,1.764182,1.772980
2026-06-12T18:17:43.712909,19.145659,9.572830,168.210264,1.785141,1.774915
2026-06-12T18:17:43.723546,19.155687,9.577844,168.298369,1.779337,1.774270
2026-06-12T18:17:43.732913,19.166311,9.583155,168.391706,1.706144,1.765794
2026-06-12T18:17:43.741153,19.176438,9.588219,168.480678,1.736130,1.762063
2026-06-12T18:17:43.754609,19.186763,9.593381,168.571391,1.776757,1.761280
2026-06-12T18:17:43.762921,19.196859,9.598429,168.660092,1.779337,1.761004
2026-06-12T18:17:43.773614,19.207573,9.603787,168.754230,1.794491,1.765334
2026-06-12T18:17:43.783103,19.217800,9.608900,168.844082,1.802552,1.767821
2026-06-12T18:17:43.795768,19.228092,9.614046,168.934503,1.798683,1.770585
2026-06-12T18:17:43.806907,19.238991,9.619496,169.030264,1.803842,1.784542
2026-06-12T18:17:43.815235,19.249712,9.624856,169.124452,1.806422,1.794583
2026-06-12T18:17:43.824195,19.259587,9.629793,169.211211,1.775145,1.794353
2026-06-12T18:17:43.837893,19.270441,9.635220,169.306572,1.791912,1.796150
2026-06-12T18:17:43.848570,19.280874,9.640437,169.398233,1.806099,1.797808
2026-06-12T18:17:43.856901,19.290801,9.645400,169.485451,1.803520,1.797946
2026-06-12T18:17:43.868221,19.300474,9.650237,169.570439,1.805777,1.798959
2026-06-12T18:17:43.878970,19.311308,9.655654,169.665628,1.808356,1.799604
2026-06-12T18:17:43.887320,19.322129,9.661064,169.760692,1.812548,1.800479
2026-06-12T18:17:43.898581,19.332214,9.666107,169.849301,1.802230,1.804349
2026-06-12T18:17:43.907388,19.342463,9.671231,169.939345,1.809323,1.806836
2026-06-12T18:17:43.920630,19.353225,9.676612,170.033898,1.812870,1.807803
2026-06-12T18:17:43.929325,19.363509,9.681755,170.124256,1.795136,1.806606
2026-06-12T18:17:43.940182,19.373297,9.686648,170.210245,1.776112,1.802368
2026-06-12T18:17:43.949158,19.384428,9.692214,170.308042,1.797071,1.800756
2026-06-12T18:17:43.962385,19.394513,9.697257,170.396652,1.793524,1.798038
2026-06-12T18:17:43.970407,19.404899,9.702449,170.487895,1.806744,1.798683
2026-06-12T18:17:43.981915,19.415492,9.707746,170.580968,1.818997,1.800065
2026-06-12T18:17:43.990882,19.425657,9.712828,170.670272,1.817707,1.800756
2026-06-12T18:17:44.003558,19.435870,9.717935,170.760005,1.820286,1.804349
2026-06-12T18:17:44.014256,19.446648,9.723324,170.854700,1.820286,1.810659
2026-06-12T18:17:44.023851,19.456637,9.728319,170.942462,1.826413,1.814851
2026-06-12T18:17:44.032406,19.466746,9.733373,171.031270,1.820609,1.818720
2026-06-12T18:17:44.044466,19.476883,9.738441,171.120332,1.829315,1.821945
2026-06-12T18:17:44.054486,19.487719,9.743859,171.215537,1.829315,1.823419
2026-06-12T18:17:44.065700,19.498579,9.749290,171.310953,1.829959,1.825169
2026-06-12T18:17:44.074088,19.507170,9.753585,171.386431,1.827702,1.826228
2026-06-12T18:17:44.083331,19.518044,9.759022,171.481968,1.832217,1.827933
2026-06-12T18:17:44.095227,19.527883,9.763941,171.568409,1.832217,1.828762
2026-06-12T18:17:44.104533,19.538218,9.769109,171.659213,1.832217,1.830420
2026-06-12T18:17:44.115222,19.548584,9.774292,171.750292,1.834151,1.831111
2026-06-12T18:17:44.124465,19.558866,9.779433,171.840627,1.838020,1.832355
2026-06-12T18:17:44.133518,19.568862,9.784431,171.928448,1.799328,1.827979
2026-06-12T18:17:44.145897,19.578777,9.789389,172.015562,1.764827,1.818997
2026-06-12T18:17:44.157423,19.589502,9.794751,172.109784,1.812870,1.816233
2026-06-12T18:17:44.165247,19.599866,9.799933,172.200837,1.826735,1.815450
2026-06-12T18:17:44.174242,19.609566,9.804783,172.286061,1.807711,1.811949
2026-06-12T18:17:44.187508,19.619779,9.809890,172.375796,1.832861,1.811765
2026-06-12T18:17:44.199637,19.632058,9.816029,172.483674,1.836731,1.811581
2026-06-12T18:17:44.207476,19.641201,9.820601,172.564007,1.838020,1.817108
2026-06-12T18:17:44.215771,19.651072,9.825536,172.650728,1.838988,1.827702
2026-06-12T18:17:44.228639,19.661684,9.830842,172.743962,1.841567,1.831802
2026-06-12T18:17:44.239588,19.671675,9.835838,172.831744,1.840600,1.833783
2026-06-12T18:17:44.248623,19.682690,9.841345,172.928518,1.846404,1.839310
2026-06-12T18:17:44.257512,19.692781,9.846390,173.017174,1.847049,1.841337
2026-06-12T18:17:44.270662,19.703465,9.851732,173.111043,1.819641,1.838896
2026-06-12T18:17:44.279326,19.713780,9.856890,173.201667,1.819964,1.836316
2026-06-12T18:17:44.290980,19.724765,9.862382,173.298180,1.842534,1.836823
2026-06-12T18:17:44.303030,19.735478,9.867739,173.392303,1.844147,1.837191
2026-06-12T18:17:44.314477,19.746593,9.873296,173.489958,1.844469,1.837744
2026-06-12T18:17:44.320550,19.755426,9.877713,173.567562,1.852852,1.838665
2026-06-12T18:17:44.331873,19.765815,9.882908,173.658842,1.851240,1.839264
2026-06-12T18:17:44.341406,19.776840,9.888420,173.755701,1.778692,1.833414
2026-06-12T18:17:44.354787,19.787435,9.893717,173.848788,1.747093,1.823004
2026-06-12T18:17:44.365176,19.797415,9.898707,173.936469,1.820286,1.819826
2026-06-12T18:17:44.373525,19.807840,9.903920,174.028067,1.811581,1.815173
2026-06-12T18:17:44.382933,19.818331,9.909166,174.120237,1.826413,1.812594
2026-06-12T18:17:44.396375,19.828738,9.914369,174.211669,1.850595,1.812271
2026-06-12T18:17:44.406279,19.838791,9.919396,174.299994,1.852208,1.812410
2026-06-12T18:17:44.415940,19.849438,9.924719,174.393539,1.827058,1.819319
2026-06-12T18:17:44.424126,19.859590,9.929795,174.482732,1.850918,1.834151
2026-06-12T18:17:44.438331,19.870595,9.935298,174.579421,1.827380,1.835165
2026-06-12T18:17:44.446132,19.880469,9.940235,174.666173,1.625212,1.808540
2026-06-12T18:17:44.456952,19.890941,9.945470,174.758170,1.708723,1.791728
2026-06-12T18:17:44.465844,19.901202,9.950601,174.848327,1.809968,1.785924
2026-06-12T18:17:44.478774,19.911447,9.955723,174.938333,1.839955,1.784173
2026-06-12T18:17:44.490266,19.922603,9.961302,175.036354,1.856722,1.788411
2026-06-12T18:17:44.498776,19.933236,9.966618,175.129772,1.806099,1.782008
2026-06-12T18:17:44.506932,19.942047,9.971024,175.207186,1.729359,1.768005
2026-06-12T18:17:44.517287,19.952268,9.976134,175.296985,1.822866,1.796242
2026-06-12T18:17:44.528817,19.963696,9.981848,175.397382,1.859624,1.817799
2026-06-12T18:17:44.540162,19.973373,9.986687,175.482407,1.861881,1.825215
2026-06-12T18:17:44.548624,19.983747,9.991874,175.573552,1.865750,1.828900
2026-06-12T18:17:44.561941,19.995706,9.997853,175.678619,1.870264,1.830835
2026-06-12T18:17:44.570765,20.004661,10.002330,175.757295,1.868007,1.839679
2026-06-12T18:17:44.581892,20.015319,10.007660,175.850939,1.868329,1.859532
2026-06-12T18:17:44.590240,20.025207,10.012603,175.937807,1.872199,1.866579
2026-06-12T18:17:44.600208,20.035561,10.017781,176.028779,1.874133,1.868652
2026-06-12T18:17:44.613077,20.046410,10.023205,176.124099,1.859301,1.868283
2026-06-12T18:17:44.620521,20.055940,10.027970,176.207822,1.859301,1.867362
2026-06-12T18:17:44.633139,20.066332,10.033166,176.299124,1.865105,1.866625
2026-06-12T18:17:44.640924,20.076198,10.038099,176.385808,1.820931,1.859900
2026-06-12T18:17:44.654602,20.086770,10.043385,176.478694,1.782561,1.847647
2026-06-12T18:17:44.664823,20.096931,10.048465,176.567961,1.842534,1.843410
2026-06-12T18:17:44.673562,20.108057,10.054028,176.665714,1.813515,1.834750
2026-06-12T18:17:44.681877,20.117388,10.058694,176.747695,1.806422,1.827196
2026-06-12T18:17:44.695429,20.128104,10.064052,176.841844,1.855432,1.826643
2026-06-12T18:17:44.704580,20.138424,10.069212,176.932517,1.867685,1.827011
2026-06-12T18:17:44.716262,20.149459,10.074729,177.029462,1.868329,1.833783
2026-06-12T18:17:44.723655,20.158872,10.079436,177.112163,1.885096,1.848430
2026-06-12T18:17:44.734072,20.169292,10.084646,177.203719,1.886708,1.854741
2026-06-12T18:17:44.745454,20.179855,10.089927,177.296516,1.879292,1.864138
2026-06-12T18:17:44.757312,20.190941,10.095470,177.393916,1.887676,1.875746
2026-06-12T18:17:44.766272,20.200385,10.100192,177.476891,1.897671,1.881780
2026-06-12T18:17:44.775553,20.210167,10.105083,177.562833,1.890255,1.885004
2026-06-12T18:17:44.787347,20.220448,10.110224,177.653166,1.857367,1.883438
2026-06-12T18:17:44.798517,20.230760,10.115380,177.743764,1.861881,1.880121
2026-06-12T18:17:44.807602,20.240710,10.120355,177.831177,1.882839,1.879569
2026-06-12T18:17:44.816519,20.251460,10.125730,177.925624,1.803197,1.868698
2026-06-12T18:17:44.828431,20.262222,10.131111,178.020179,1.853175,1.863769
2026-06-12T18:17:44.840199,20.272839,10.136419,178.113457,1.884451,1.861881
2026-06-12T18:17:44.850892,20.283644,10.141822,178.208390,1.859301,1.857459
2026-06-12T18:17:44.858055,20.293429,10.146714,178.294357,1.873166,1.859716
2026-06-12T18:17:44.870752,20.303677,10.151839,178.384399,1.893802,1.864276
2026-06-12T18:17:44.881860,20.314205,10.157102,178.476890,1.896059,1.866165
2026-06-12T18:17:44.890210,20.325340,10.162670,178.574726,1.893480,1.879062
2026-06-12T18:17:44.898837,20.334501,10.167250,178.655208,1.899283,1.885649
2026-06-12T18:17:44.912512,20.344675,10.172337,178.744596,1.894769,1.887123
2026-06-12T18:17:44.924112,20.356608,10.178304,178.849439,1.843179,1.884820
2026-06-12T18:17:44.932458,20.366562,10.183281,178.936892,1.884451,1.886432
2026-06-12T18:17:44.942133,20.376633,10.188317,179.025379,1.899928,1.887307
2026-06-12T18:17:44.955692,20.387901,10.193950,179.124369,1.890900,1.886570
2026-06-12T18:17:44.965222,20.397597,10.198798,179.209559,1.902508,1.887860
2026-06-12T18:17:44.973618,20.407800,10.203900,179.299200,1.905732,1.888781
2026-06-12T18:17:44.983919,20.418568,10.209284,179.393808,1.891545,1.888321
2026-06-12T18:17:44.995284,20.428738,10.214369,179.483160,1.895737,1.895829
2026-06-12T18:17:45.004235,20.438774,10.219387,179.571332,1.910569,1.899560
2026-06-12T18:17:45.015505,20.449217,10.224609,179.663085,1.906377,1.900481
2026-06-12T18:17:45.024113,20.459646,10.229823,179.754715,1.851885,1.894908
2026-06-12T18:17:45.037139,20.469380,10.234690,179.840237,1.878970,1.891545
2026-06-12T18:17:45.045682,20.479883,10.239942,179.932512,1.910569,1.892236
2026-06-12T18:17:45.056876,20.490618,10.245309,180.026829,1.878325,1.890347
2026-06-12T18:17:45.065507,20.501199,10.250599,180.119785,1.833506,1.881457
2026-06-12T18:17:45.079079,20.511468,10.255734,180.210008,1.893802,1.879062
2026-06-12T18:17:45.087965,20.521884,10.260942,180.301521,1.912503,1.879937
2026-06-12T18:17:45.098548,20.532341,10.266171,180.393397,1.914116,1.888827
2026-06-12T18:17:45.107446,20.542215,10.271108,180.480151,1.921532,1.894908
2026-06-12T18:17:45.120692,20.552847,10.276423,180.573555,1.897994,1.893111
2026-06-12T18:17:45.129621,20.563197,10.281599,180.664496,1.903798,1.896750
2026-06-12T18:17:45.140884,20.573366,10.286683,180.753835,1.916050,1.908542
2026-06-12T18:17:45.148352,20.583259,10.291629,180.840752,1.918630,1.912089
2026-06-12T18:17:45.158852,20.593762,10.296881,180.933029,1.913148,1.912181
2026-06-12T18:17:45.170814,20.603767,10.301883,181.020932,1.918307,1.912780
2026-06-12T18:17:45.181865,20.614893,10.307447,181.118688,1.905087,1.910431
2026-06-12T18:17:45.191195,20.625388,10.312694,181.210895,1.782884,1.893986
2026-06-12T18:17:45.200530,20.635716,10.317858,181.301629,1.871554,1.889380
2026-06-12T18:17:45.212616,20.646672,10.323336,181.397885,1.913471,1.889012
2026-06-12T18:17:45.224208,20.656921,10.328460,181.487931,1.908634,1.887584
2026-06-12T18:17:45.233103,20.666885,10.333442,181.575474,1.920887,1.888689
2026-06-12T18:17:45.241754,20.677080,10.338540,181.665043,1.928625,1.890163
2026-06-12T18:17:45.256866,20.688956,10.344478,181.769391,1.904120,1.890025
2026-06-12T18:17:45.265681,20.698566,10.349283,181.853822,1.915083,1.908911
2026-06-12T18:17:45.274235,20.708673,10.354337,181.942619,1.925401,1.916603
2026-06-12T18:17:45.284574,20.718902,10.359451,182.032488,1.927980,1.918676
2026-06-12T18:17:45.296491,20.729913,10.364956,182.129226,1.926691,1.921255
2026-06-12T18:17:45.307415,20.739925,10.369963,182.217192,1.932494,1.922914
2026-06-12T18:17:45.315240,20.750071,10.375036,182.306334,1.935719,1.923927
2026-06-12T18:17:45.328401,20.760755,10.380378,182.400201,1.885741,1.921301
2026-06-12T18:17:45.337453,20.770572,10.385286,182.486453,1.918630,1.921808
2026-06-12T18:17:45.348563,20.781128,10.390564,182.579194,1.931850,1.922729
2026-06-12T18:17:45.357430,20.791082,10.395541,182.666645,1.927335,1.922637
2026-06-12T18:17:45.366698,20.801790,10.400895,182.760730,1.936041,1.923973
2026-06-12T18:17:45.378728,20.811618,10.405809,182.847076,1.938943,1.924894
2026-06-12T18:17:45.390190,20.822389,10.411194,182.941704,1.908957,1.921071
2026-06-12T18:17:45.398517,20.832755,10.416377,183.032776,1.907667,1.924203
2026-06-12T18:17:45.408164,20.842821,10.421410,183.121217,1.936686,1.926783
2026-06-12T18:17:45.421045,20.853490,10.426745,183.214956,1.941845,1.928211
2026-06-12T18:17:45.429004,20.863744,10.431872,183.305040,1.941523,1.930237
2026-06-12T18:17:45.441027,20.874758,10.437379,183.401809,1.942490,1.931159
2026-06-12T18:17:45.452515,20.884604,10.442302,183.488318,1.941200,1.931481
2026-06-12T18:17:45.462657,20.895432,10.447716,183.583452,1.934429,1.935120
2026-06-12T18:17:45.473512,20.905912,10.452956,183.675523,1.937009,1.939312
2026-06-12T18:17:45.483263,20.916418,10.458209,183.767831,1.939911,1.939772
2026-06-12T18:17:45.490963,20.926669,10.463334,183.857888,1.913471,1.935719
2026-06-12T18:17:45.504608,20.937389,10.468694,183.952072,1.850273,1.922683
2026-06-12T18:17:45.512094,20.946743,10.473372,184.034259,1.884129,1.914346
2026-06-12T18:17:45.523600,20.958084,10.479042,184.133893,1.910569,1.909970
2026-06-12T18:17:45.532286,20.967905,10.483953,184.220185,1.866072,1.900205
2026-06-12T18:17:45.545820,20.978038,10.489019,184.309206,1.882194,1.892374
2026-06-12T18:17:45.553698,20.988622,10.494311,184.402202,1.913793,1.888643
2026-06-12T18:17:45.565846,21.000564,10.500282,184.507122,1.920887,1.889702
2026-06-12T18:17:45.575041,21.009814,10.504907,184.588385,1.931527,1.901310
2026-06-12T18:17:45.587389,21.019829,10.509915,184.676379,1.941200,1.909463
2026-06-12T18:17:45.595381,21.030658,10.515329,184.771515,1.837053,1.898961
2026-06-12T18:17:45.607575,21.040740,10.520370,184.860095,1.853820,1.897211
2026-06-12T18:17:45.615887,21.050825,10.525413,184.948706,1.919597,1.902554
2026-06-12T18:17:45.625976,21.061317,10.530659,185.040887,1.938621,1.906101
2026-06-12T18:17:45.638808,21.071954,10.535977,185.134342,1.937653,1.908496
2026-06-12T18:17:45.648528,21.082452,10.541226,185.226570,1.945070,1.910431
2026-06-12T18:17:45.657408,21.092767,10.546384,185.317201,1.920242,1.907437
2026-06-12T18:17:45.667333,21.102684,10.551342,185.404325,1.804164,1.902738
2026-06-12T18:17:45.678750,21.113443,10.556721,185.498849,1.898961,1.909187
2026-06-12T18:17:45.690836,21.124106,10.562053,185.592536,1.935396,1.911444
2026-06-12T18:17:45.698497,21.134083,10.567042,185.680195,1.937976,1.911352
2026-06-12T18:17:45.711976,21.144466,10.572233,185.771414,1.946359,1.912596
2026-06-12T18:17:45.721007,21.155100,10.577550,185.864845,1.959579,1.914668
2026-06-12T18:17:45.732790,21.165076,10.582538,185.952486,1.954098,1.919505
2026-06-12T18:17:45.740572,21.175305,10.587653,186.042362,1.784173,1.916649
2026-06-12T18:17:45.751092,21.185643,10.592821,186.133187,1.754832,1.896059
2026-06-12T18:17:45.762139,21.196108,10.598054,186.225130,1.891545,1.889795
2026-06-12T18:17:45.771401,21.206232,10.603116,186.314079,1.931850,1.888919
2026-06-12T18:17:45.781875,21.216444,10.608222,186.403800,1.950229,1.889472
2026-06-12T18:17:45.790798,21.226798,10.613399,186.494767,1.957967,1.889242
2026-06-12T18:17:45.803616,21.237205,10.618603,186.586204,1.899606,1.881457
2026-06-12T18:17:45.815233,21.247913,10.623956,186.680280,1.903153,1.898454
2026-06-12T18:17:45.823610,21.258080,10.629040,186.769608,1.945714,1.925723
2026-06-12T18:17:45.833072,21.268423,10.634212,186.860480,1.933784,1.931757
2026-06-12T18:17:45.846280,21.279311,10.639655,186.956137,1.951841,1.934613
2026-06-12T18:17:45.853456,21.288682,10.644341,187.038469,1.956032,1.935442
2026-06-12T18:17:45.865215,21.299622,10.649811,187.134587,1.949584,1.934245
2026-06-12T18:17:45.874393,21.309825,10.654912,187.224226,1.947004,1.941016
2026-06-12T18:17:45.887468,21.320430,10.660215,187.317407,1.959257,1.949031
2026-06-12T18:17:45.898585,21.330838,10.665419,187.408846,1.954098,1.950229
2026-06-12T18:17:45.907454,21.341379,10.670689,187.501453,1.952163,1.952854
2026-06-12T18:17:45.916330,21.351690,10.675845,187.592048,1.955065,1.953315
2026-06-12T18:17:45.929130,21.361883,10.680941,187.681601,1.958934,1.953729
2026-06-12T18:17:45.936709,21.371898,10.685949,187.769591,1.931205,1.951104
2026-06-12T18:17:45.949805,21.382908,10.691454,187.866319,1.950873,1.951656
2026-06-12T18:17:45.959504,21.392893,10.696446,187.954049,1.957000,1.951334
2026-06-12T18:17:45.970197,21.402590,10.701295,188.039243,1.941200,1.949492
2026-06-12T18:17:45.982637,21.414926,10.707463,188.147627,1.937653,1.947419
2026-06-12T18:17:45.990144,21.424060,10.712030,188.227880,1.953775,1.947234
2026-06-12T18:17:45.999638,21.434415,10.717208,188.318856,1.957322,1.947004
2026-06-12T18:17:46.012147,21.444807,10.722404,188.410158,1.957000,1.950689
2026-06-12T18:17:46.023530,21.455626,10.727813,188.505212,1.965383,1.952762
2026-06-12T18:17:46.031862,21.465829,10.732914,188.594850,1.966028,1.954052
2026-06-12T18:17:46.040773,21.475410,10.737705,188.679031,1.946682,1.954835
2026-06-12T18:17:46.054035,21.486432,10.743216,188.775864,1.961836,1.958289
2026-06-12T18:17:46.062499,21.496908,10.748454,188.867904,1.965061,1.959902
2026-06-12T18:17:46.073634,21.508066,10.754033,188.965935,1.846404,1.944056
2026-06-12T18:17:46.081894,21.517076,10.758538,189.045100,1.778369,1.918538
2026-06-12T18:17:46.095290,21.527431,10.763716,189.136079,1.897349,1.908818
2026-06-12T18:17:46.103750,21.537529,10.768765,189.224799,1.949906,1.906515
2026-06-12T18:17:46.115152,21.548053,10.774027,189.317258,1.961514,1.908634
2026-06-12T18:17:46.123551,21.558389,10.779194,189.408064,1.972154,1.910108
2026-06-12T18:17:46.133790,21.568394,10.784197,189.495965,1.961836,1.909648
2026-06-12T18:17:46.145476,21.578927,10.789464,189.588513,1.942490,1.923374
2026-06-12T18:17:46.156875,21.589508,10.794754,189.681473,1.968607,1.950551
2026-06-12T18:17:46.165261,21.599903,10.799951,189.772801,1.975379,1.961698
2026-06-12T18:17:46.174908,21.610206,10.805103,189.863318,1.943135,1.960731
2026-06-12T18:17:46.187642,21.620924,10.810462,189.957491,1.928948,1.956078
2026-06-12T18:17:46.198548,21.631328,10.815664,190.048897,1.959579,1.954282
2026-06-12T18:17:46.206944,21.640971,10.820486,190.133618,1.963448,1.954512
2026-06-12T18:17:46.215821,21.651333,10.825667,190.224657,1.958289,1.956769
2026-06-12T18:17:46.228690,21.661451,10.830726,190.313555,1.970542,1.957046
2026-06-12T18:17:46.237988,21.671661,10.835831,190.403254,1.968930,1.956125
2026-06-12T18:17:46.250049,21.683601,10.841801,190.508157,1.957322,1.958151
2026-06-12T18:17:46.257178,21.692856,10.846428,190.589470,1.961191,1.962758
2026-06-12T18:17:46.270227,21.702885,10.851443,190.677584,1.970220,1.964278
2026-06-12T18:17:46.281868,21.714204,10.857102,190.777029,1.894124,1.954374
2026-06-12T18:17:46.291442,21.724341,10.862170,190.866091,1.940878,1.951887
2026-06-12T18:17:46.299188,21.734914,10.867457,190.958986,1.964738,1.951058
2026-06-12T18:17:46.313566,21.745740,10.872870,191.054097,1.960547,1.949860
2026-06-12T18:17:46.324128,21.756425,10.878212,191.147974,1.964738,1.950919
2026-06-12T18:17:46.332770,21.765486,10.882743,191.227584,1.973444,1.952670
2026-06-12T18:17:46.340496,21.776267,10.888134,191.322307,1.976668,1.953591
2026-06-12T18:17:46.354380,21.786787,10.893394,191.414732,1.967963,1.964139
2026-06-12T18:17:46.362888,21.797068,10.898534,191.505060,1.976991,1.969298
2026-06-12T18:17:46.373618,21.807738,10.903869,191.598805,1.978603,1.971279
2026-06-12T18:17:46.382994,21.817844,10.908922,191.687594,1.931527,1.967133
2026-06-12T18:17:46.393662,21.827742,10.913871,191.774551,1.906377,1.958796
2026-06-12T18:17:46.404268,21.838705,10.919353,191.870875,1.960547,1.956954
2026-06-12T18:17:46.415726,21.848459,10.924229,191.956566,1.973122,1.956447
2026-06-12T18:17:46.424247,21.858606,10.929303,192.045718,1.979248,1.958059
2026-06-12T18:17:46.434588,21.868727,10.934363,192.134639,1.980860,1.958612
2026-06-12T18:17:46.447452,21.879666,10.939833,192.230747,1.975056,1.958105
2026-06-12T18:17:46.456889,21.889883,10.944941,192.320512,1.966995,1.963172
2026-06-12T18:17:46.465995,21.900378,10.950189,192.412723,1.977958,1.973398
2026-06-12T18:17:46.478474,21.911087,10.955544,192.506807,1.970542,1.974826
2026-06-12T18:17:46.487414,21.921437,10.960718,192.597740,1.885741,1.962343
2026-06-12T18:17:46.498567,21.932219,10.966109,192.692466,1.851240,1.944056
2026-06-12T18:17:46.507317,21.942078,10.971039,192.779086,1.918307,1.935120
2026-06-12T18:17:46.520184,21.952380,10.976190,192.869596,1.955065,1.932264
2026-06-12T18:17:46.529385,21.962604,10.981302,192.959423,1.974411,1.933324
2026-06-12T18:17:46.541167,21.973332,10.986666,193.053681,1.978603,1.933416
2026-06-12T18:17:46.548550,21.983492,10.991746,193.142947,1.982150,1.935074
2026-06-12T18:17:46.558515,21.993556,10.996778,193.231361,1.981183,1.948708
2026-06-12T18:17:46.571230,22.003382,11.001691,193.317697,1.986986,1.968101
2026-06-12T18:17:46.579131,22.014207,11.007103,193.412799,1.977636,1.976576
2026-06-12T18:17:46.591116,22.024812,11.012406,193.505977,1.981827,1.980399
2026-06-12T18:17:46.599818,22.034931,11.017466,193.594882,1.983440,1.981689
2026-06-12T18:17:46.611925,22.045331,11.022666,193.686254,1.938943,1.976024
2026-06-12T18:17:46.623995,22.056502,11.028251,193.784394,1.919597,1.967087
2026-06-12T18:17:46.632480,22.066442,11.033221,193.871727,1.967318,1.965107
2026-06-12T18:17:46.642008,22.076570,11.038285,193.960709,1.983440,1.964600
2026-06-12T18:17:46.653750,22.087592,11.043796,194.057549,1.971509,1.963725
2026-06-12T18:17:46.666897,22.100196,11.050098,194.168288,1.978281,1.963218
2026-06-12T18:17:46.674701,22.110047,11.055024,194.254837,1.983762,1.963264
2026-06-12T18:17:46.684605,22.117692,11.058846,194.322001,1.850273,1.950597
2026-06-12T18:17:46.695724,22.128481,11.064240,194.416791,1.819641,1.936318
2026-06-12T18:17:46.703660,22.138447,11.069223,194.504348,1.941523,1.932633
2026-06-12T18:17:46.715653,22.149377,11.074689,194.600384,1.960547,1.929362
2026-06-12T18:17:46.724468,22.160074,11.080037,194.694359,1.975379,1.929915
2026-06-12T18:17:46.738139,22.170664,11.085332,194.787399,1.984407,1.930790
2026-06-12T18:17:46.748847,22.181694,11.090847,194.884311,1.963771,1.927934
2026-06-12T18:17:46.757486,22.190485,11.095243,194.961551,1.939588,1.940694
2026-06-12T18:17:46.767788,22.200600,11.100300,195.050413,1.976991,1.963172
2026-06-12T18:17:46.779705,22.212200,11.106100,195.152330,1.984407,1.969298
2026-06-12T18:17:46.788514,22.221607,11.110803,195.234975,1.973122,1.971095
2026-06-12T18:17:46.799052,22.233237,11.116619,195.337161,1.980538,1.971832
2026-06-12T18:17:46.810555,22.243169,11.121585,195.424423,1.990211,1.972661
2026-06-12T18:17:46.821100,22.253352,11.126676,195.513885,1.976991,1.974550
2026-06-12T18:17:46.829086,22.264223,11.132111,195.609393,1.984729,1.980998
2026-06-12T18:17:46.841329,22.274938,11.137469,195.703538,2.002463,1.984637
2026-06-12T18:17:46.849964,22.285059,11.142530,195.792460,1.996982,1.986434
2026-06-12T18:17:46.863759,22.295925,11.147962,195.887920,1.994080,1.989428
2026-06-12T18:17:46.873941,22.306224,11.153112,195.978412,2.006010,1.993067
2026-06-12T18:17:46.883028,22.316784,11.158392,196.071187,2.011814,1.996153
2026-06-12T18:17:46.891718,22.327054,11.163527,196.161415,2.005688,2.000252
2026-06-12T18:17:46.904645,22.337817,11.168908,196.255978,2.008912,2.003707
2026-06-12T18:17:46.915589,22.348398,11.174199,196.348945,2.008267,2.004536
2026-06-12T18:17:46.923531,22.358191,11.179096,196.434983,1.986986,2.003108
2026-06-12T18:17:46.933077,22.368078,11.184039,196.521846,1.986986,2.002095
2026-06-12T18:17:46.945871,22.378508,11.189254,196.613486,1.999884,2.001220
2026-06-12T18:17:46.956884,22.389557,11.194779,196.710559,1.918307,1.987862
2026-06-12T18:17:46.965262,22.399669,11.199834,196.799399,1.873488,1.968976
2026-06-12T18:17:46.974461,22.409706,11.204853,196.887579,1.964093,1.962573
2026-06-12T18:17:46.987579,22.420223,11.210112,196.979985,1.987309,1.959579
2026-06-12T18:17:46.998553,22.430682,11.215341,197.071871,1.984407,1.959211
2026-06-12T18:17:47.006874,22.440953,11.220476,197.162113,1.995370,1.960408
2026-06-12T18:17:47.017272,22.451673,11.225837,197.256298,1.997304,1.960040
2026-06-12T18:17:47.028681,22.462528,11.231264,197.351670,1.992145,1.970588
2026-06-12T18:17:47.038137,22.472033,11.236017,197.435179,1.997304,1.988276
2026-06-12T18:17:47.049567,22.482429,11.241214,197.526513,2.002786,1.993804
2026-06-12T18:17:47.057551,22.492934,11.246467,197.618807,1.991823,1.994449
2026-06-12T18:17:47.067836,22.502859,11.251430,197.706009,1.996982,1.996245
2026-06-12T18:17:47.078363,22.513056,11.256528,197.795599,2.000529,1.996982
2026-06-12T18:17:47.090838,22.523882,11.261941,197.890710,1.998272,1.997120
2026-06-12T18:17:47.099120,22.533858,11.266929,197.978364,1.886708,1.982058
2026-06-12T18:17:47.112049,22.544258,11.272129,198.069733,1.926368,1.971924
2026-06-12T18:17:47.121304,22.554952,11.277476,198.163688,1.985374,1.969437
2026-06-12T18:17:47.132453,22.566087,11.283044,198.261520,1.967640,1.965982
2026-06-12T18:17:47.141718,22.576517,11.288259,198.353158,1.954420,1.959902
2026-06-12T18:17:47.153730,22.587556,11.293778,198.450142,1.990211,1.958428
2026-06-12T18:17:47.165649,22.599428,11.299714,198.554443,1.983762,1.956355
2026-06-12T18:17:47.173858,22.608667,11.304333,198.635614,1.999239,1.972431
2026-06-12T18:17:47.183192,22.618354,11.309177,198.720722,2.006978,1.983946
2026-06-12T18:17:47.196303,22.629505,11.314753,198.818699,1.981827,1.983440
2026-06-12T18:17:47.203923,22.639072,11.319536,198.902754,2.000851,1.988184
2026-06-12T18:17:47.215177,22.649335,11.324668,198.992920,2.007622,1.995784
2026-06-12T18:17:47.224663,22.660096,11.330048,199.087463,2.010847,1.998732
2026-06-12T18:17:47.237004,22.670427,11.335214,199.178234,2.006010,2.001911
2026-06-12T18:17:47.248550,22.680929,11.340465,199.270502,2.013426,2.003937
2026-06-12T18:17:47.258133,22.692095,11.346047,199.368598,1.997627,2.002602
2026-06-12T18:17:47.266260,22.701388,11.350694,199.450244,1.987631,2.003431
2026-06-12T18:17:47.279207,22.712197,11.356099,199.545217,1.997304,2.002924
2026-06-12T18:17:47.290164,22.722406,11.361203,199.634907,2.008267,2.003016
2026-06-12T18:17:47.298591,22.732820,11.366410,199.726407,1.990856,2.000160
2026-06-12T18:17:47.307420,22.742870,11.371435,199.814699,2.009557,2.000667
2026-06-12T18:17:47.320488,22.752908,11.376454,199.902892,2.015361,2.000943
2026-06-12T18:17:47.329633,22.763495,11.381748,199.995909,2.008267,2.002463
2026-06-12T18:17:47.340558,22.773649,11.386824,200.085116,2.010847,2.005780
2026-06-12T18:17:47.348970,22.783820,11.391910,200.174480,2.016973,2.008590
2026-06-12T18:17:47.358787,22.793804,11.396902,200.262202,2.013104,2.009281
2026-06-12T18:17:47.370888,22.804433,11.402217,200.355584,2.010202,2.012044
2026-06-12T18:17:47.381844,22.814762,11.407381,200.446332,2.014071,2.012689
2026-06-12T18:17:47.391522,22.825310,11.412655,200.539000,2.012781,2.012321
2026-06-12T18:17:47.400122,22.835536,11.417768,200.628851,2.008590,2.012367
2026-06-12T18:17:47.412822,22.845764,11.422882,200.718706,2.014716,2.012920
2026-06-12T18:17:47.423555,22.856082,11.428041,200.809357,2.016651,2.012873
2026-06-12T18:17:47.432536,22.866414,11.433207,200.900133,1.924111,2.000160
2026-06-12T18:17:47.441740,22.876934,11.438467,200.992562,1.958289,1.992744
2026-06-12T18:17:47.453934,22.887351,11.443675,201.084084,2.001174,1.990902
2026-06-12T18:17:47.465198,22.897584,11.448792,201.173991,1.995370,1.988414
2026-06-12T18:17:47.474002,22.907927,11.453964,201.264862,1.983762,1.984868
2026-06-12T18:17:47.482967,22.918446,11.459223,201.357275,2.007622,1.983854
2026-06-12T18:17:47.495286,22.928901,11.464450,201.449135,2.009879,1.982887
2026-06-12T18:17:47.504594,22.939013,11.469507,201.537978,1.942490,1.985512
2026-06-12T18:17:47.518574,22.950797,11.475398,201.641507,1.993758,1.990579
2026-06-12T18:17:47.524081,22.959871,11.479935,201.721229,2.014071,1.992422
2026-06-12T18:17:47.534310,22.969033,11.484516,201.801726,2.012136,1.994817
2026-06-12T18:17:47.546103,22.979357,11.489678,201.892431,2.015038,1.999285
2026-06-12T18:17:47.557059,22.990870,11.495435,201.993581,2.019875,2.001035
2026-06-12T18:17:47.567414,23.000912,11.500456,202.081812,2.019230,2.002371
2026-06-12T18:17:47.578199,23.010656,11.505328,202.167424,1.978281,2.007484
2026-06-12T18:17:47.587434,23.020819,11.510409,202.256706,2.004076,2.008958
2026-06-12T18:17:47.598580,23.031478,11.515739,202.350362,2.012136,2.008682
2026-06-12T18:17:47.607506,23.041741,11.520871,202.440527,1.974411,2.003293
2026-06-12T18:17:47.616493,23.051765,11.525882,202.528595,2.000529,2.001220
2026-06-12T18:17:47.628715,23.062325,11.531163,202.621377,2.015361,2.000575
2026-06-12T18:17:47.640718,23.072845,11.536423,202.713803,2.008912,1.999101
2026-06-12T18:17:47.649103,23.083339,11.541669,202.805994,2.016006,2.004490
2026-06-12T18:17:47.657919,23.093320,11.546660,202.893694,2.017295,2.006379
2026-06-12T18:17:47.670348,23.103880,11.551940,202.986470,2.000851,2.004767
2026-06-12T18:17:47.678770,23.114127,11.557064,203.076499,2.000206,2.008452
2026-06-12T18:17:47.690221,23.124665,11.562333,203.169085,2.011492,2.010018
2026-06-12T18:17:47.699548,23.134789,11.567394,203.258028,2.006010,2.008682
2026-06-12T18:17:47.712559,23.145243,11.572622,203.349880,1.986342,2.005457
2026-06-12T18:17:47.720530,23.155368,11.577684,203.438832,2.008267,2.004352
2026-06-12T18:17:47.732765,23.166609,11.583304,203.537591,2.016328,2.004214
2026-06-12T18:17:47.741297,23.176709,11.588354,203.626331,2.003108,2.004536
2026-06-12T18:17:47.754515,23.187104,11.593552,203.717656,2.003753,2.005043
2026-06-12T18:17:47.765227,23.197829,11.598914,203.811884,2.013749,2.005365
2026-06-12T18:17:47.773556,23.207818,11.603909,203.899649,1.948294,1.997120
2026-06-12T18:17:47.782995,23.218423,11.609211,203.992820,1.918307,1.987401
2026-06-12T18:17:47.795776,23.228821,11.614410,204.084174,1.990533,1.984868
2026-06-12T18:17:47.806904,23.239196,11.619598,204.175328,2.012459,1.984315
2026-06-12T18:17:47.815806,23.249596,11.624798,204.266705,2.011492,1.985512
2026-06-12T18:17:47.824599,23.260085,11.630042,204.358855,2.017940,1.987539
2026-06-12T18:17:47.837008,23.270448,11.635224,204.449904,2.018263,1.988184
2026-06-12T18:17:47.848842,23.281570,11.640785,204.547619,1.981827,1.992975
2026-06-12T18:17:47.856887,23.291236,11.645618,204.632544,2.009557,2.006010
2026-06-12T18:17:47.866697,23.302062,11.651031,204.727657,2.019875,2.010202
2026-06-12T18:17:47.878850,23.312493,11.656247,204.819306,2.007945,2.009557
2026-06-12T18:17:47.886892,23.322079,11.661039,204.903520,2.016006,2.010202
2026-06-12T18:17:47.899080,23.332491,11.666246,204.995005,2.019553,2.010432
2026-06-12T18:17:47.907441,23.342942,11.671471,205.086827,1.995370,2.007162
2026-06-12T18:17:47.920567,23.353438,11.676719,205.179037,1.975701,2.006287
2026-06-12T18:17:47.928313,23.363804,11.681902,205.270110,2.006655,2.005872
2026-06-12T18:17:47.940223,23.374681,11.687341,205.365678,1.996660,2.002556
2026-06-12T18:17:47.949018,23.384564,11.692282,205.452505,1.987631,1.999654
2026-06-12T18:17:47.962483,23.394895,11.697447,205.543270,2.011169,1.998963
2026-06-12T18:17:47.973755,23.406710,11.703355,205.647076,2.007945,1.997304
2026-06-12T18:17:47.982595,23.416206,11.708103,205.730507,1.772243,1.965429
2026-06-12T18:17:47.990793,23.425409,11.712705,205.811364,1.730649,1.930422
2026-06-12T18:17:48.001078,23.435676,11.717838,205.901566,1.924434,1.918676
2026-06-12T18:17:48.012946,23.446687,11.723343,205.998305,1.989243,1.917616
2026-06-12T18:17:48.024199,23.457318,11.728659,206.091706,2.008590,1.920610
2026-06-12T18:17:48.032551,23.467195,11.733598,206.178488,2.013749,1.920979
2026-06-12T18:17:48.045283,23.477666,11.738833,206.270486,1.994402,1.919044
2026-06-12T18:17:48.053838,23.487730,11.743865,206.358905,2.008912,1.952854
2026-06-12T18:17:48.065732,23.498450,11.749225,206.453086,2.021165,1.994356
2026-06-12T18:17:48.074211,23.508429,11.754215,206.540764,2.010202,2.006609
2026-06-12T18:17:48.084222,23.518627,11.759314,206.630363,2.008912,2.009419
2026-06-12T18:17:48.095281,23.528507,11.764253,206.717160,2.016973,2.010616
2026-06-12T18:17:48.108391,23.540457,11.770228,206.822153,2.005688,2.009465
2026-06-12T18:17:48.115486,23.550660,11.775330,206.911794,1.973444,2.006471
2026-06-12T18:17:48.125613,23.560680,11.780340,206.999833,2.005688,2.006010
2026-06-12T18:17:48.137419,23.571208,11.785604,207.092325,2.018263,2.005596
2026-06-12T18:17:48.149057,23.581522,11.790761,207.182947,2.014071,2.006148
2026-06-12T18:17:48.156880,23.591857,11.795928,207.273745,2.019553,2.007668
2026-06-12T18:17:48.170173,23.602329,11.801164,207.365747,2.025356,2.008866
2026-06-12T18:17:48.179095,23.612812,11.806406,207.457853,2.020842,2.011031
2026-06-12T18:17:48.190753,23.622994,11.811497,207.547308,2.016651,2.017203
2026-06-12T18:17:48.198550,23.633435,11.816717,207.639039,2.024067,2.019829
2026-06-12T18:17:48.211912,23.644433,11.822216,207.735666,2.020520,2.020151
2026-06-12T18:17:48.220583,23.654063,11.827031,207.820276,1.849306,1.996613
2026-06-12T18:17:48.228910,23.664293,11.832147,207.910156,1.913471,1.981459
2026-06-12T18:17:48.241378,23.674685,11.837342,208.001452,1.993435,1.976899
2026-06-12T18:17:48.249117,23.684537,11.842268,208.088015,2.012459,1.975701
2026-06-12T18:17:48.263048,23.695210,11.847605,208.181789,2.014071,1.975333
2026-06-12T18:17:48.271209,23.705076,11.852538,208.268465,2.023744,1.975287
2026-06-12T18:17:48.282356,23.715691,11.857845,208.361728,2.010524,1.973859
2026-06-12T18:17:48.291332,23.725864,11.862932,208.451105,1.951196,1.988414
2026-06-12T18:17:48.300842,23.735958,11.867979,208.539789,1.997304,2.000391
2026-06-12T18:17:48.313492,23.746324,11.873162,208.630867,2.016328,2.003661
2026-06-12T18:17:48.324060,23.757128,11.878564,208.725788,2.015361,2.004076
2026-06-12T18:17:48.333224,23.767693,11.883847,208.818612,2.021487,2.005135
2026-06-12T18:17:48.342617,23.777594,11.888797,208.905597,2.019230,2.004490
2026-06-12T18:17:48.355344,23.788703,11.894351,209.003195,1.876390,1.985328
2026-06-12T18:17:48.365535,23.799077,11.899539,209.094346,1.966350,1.987493
2026-06-12T18:17:48.374172,23.809274,11.904637,209.183932,2.006655,1.988829
2026-06-12T18:17:48.383489,23.818353,11.909177,209.263700,2.002141,1.986802
2026-06-12T18:17:48.395764,23.828424,11.914212,209.352181,2.014071,1.986618
2026-06-12T18:17:48.404057,23.839411,11.919706,209.448712,2.026001,1.987263
2026-06-12T18:17:48.415165,23.849050,11.924525,209.533397,2.026646,1.988322
2026-06-12T18:17:48.424678,23.859413,11.929706,209.624441,1.975056,2.002417
2026-06-12T18:17:48.437409,23.869520,11.934760,209.713244,1.970865,2.003062
2026-06-12T18:17:48.445805,23.879616,11.939808,209.801946,2.009879,2.003523
2026-06-12T18:17:48.457344,23.890060,11.945030,209.893698,1.986342,2.001266
2026-06-12T18:17:48.465706,23.900061,11.950031,209.981573,1.981183,1.996567
2026-06-12T18:17:48.475526,23.910932,11.955466,210.077084,2.016328,1.995186
2026-06-12T18:17:48.487595,23.920967,11.960483,210.165245,2.024067,1.994817
2026-06-12T18:17:48.499098,23.931519,11.965760,210.257957,2.013104,2.000252
2026-06-12T18:17:48.507345,23.941861,11.970930,210.348815,2.022454,2.007622
2026-06-12T18:17:48.516703,23.951961,11.975980,210.437550,2.003753,2.006747
2026-06-12T18:17:48.530292,23.962696,11.981348,210.531867,1.854142,1.987862
2026-06-12T18:17:48.537139,23.971857,11.985928,210.612354,1.949906,1.983394
2026-06-12T18:17:48.548500,23.982238,11.991119,210.703564,2.005043,1.981781
2026-06-12T18:17:48.557963,23.993076,11.996538,210.798784,2.006010,1.979202
2026-06-12T18:17:48.570886,24.003563,12.001782,210.890921,2.017940,1.979893
2026-06-12T18:17:48.579498,24.013368,12.006684,210.977067,2.020520,1.979616
2026-06-12T18:17:48.590912,24.023778,12.011889,211.068527,2.007300,1.980123
2026-06-12T18:17:48.598858,24.033678,12.016839,211.155504,2.011169,2.002556
2026-06-12T18:17:48.611954,24.044463,12.022232,211.250263,2.026969,2.013564
2026-06-12T18:17:48.621844,24.055491,12.027746,211.347150,2.019553,2.015637
2026-06-12T18:17:48.631821,24.064932,12.032466,211.430093,2.026646,2.018585
2026-06-12T18:17:48.643220,24.075278,12.037639,211.520996,2.029871,2.020290
2026-06-12T18:17:48.653712,24.085876,12.042938,211.614102,2.020197,2.020243
2026-06-12T18:17:48.664192,24.096445,12.048223,211.706967,1.984729,2.017019
2026-06-12T18:17:48.673594,24.107231,12.053615,211.801726,2.019230,2.018171
2026-06-12T18:17:48.682029,24.117129,12.058565,211.888691,2.026001,2.018032
2026-06-12T18:17:48.691848,24.127314,12.063657,211.978176,2.016006,2.017526
2026-06-12T18:17:48.704007,24.137567,12.068784,212.068256,2.022454,2.016927
2026-06-12T18:17:48.715276,24.147814,12.073907,212.158281,2.028903,2.016789
2026-06-12T18:17:48.723535,24.158426,12.079213,212.251521,1.955710,2.007576
2026-06-12T18:17:48.733183,24.168680,12.084340,212.341609,1.795136,1.980492
2026-06-12T18:17:48.745446,24.179097,12.089549,212.433132,1.905410,1.964232
2026-06-12T18:17:48.756867,24.189279,12.094639,212.522584,1.976024,1.957092
2026-06-12T18:17:48.765254,24.199487,12.099744,212.612273,1.986986,1.952946
2026-06-12T18:17:48.776471,24.210117,12.105059,212.705669,2.016651,1.952117
2026-06-12T18:17:48.787436,24.220256,12.110128,212.794747,2.025356,1.951610
2026-06-12T18:17:48.796481,24.229838,12.114919,212.878930,1.989566,1.956447
2026-06-12T18:17:48.806832,24.239930,12.119965,212.967597,1.988921,1.984131
2026-06-12T18:17:48.815239,24.250286,12.125143,213.058583,2.016651,2.000022
2026-06-12T18:17:48.825538,24.260232,12.130116,213.145964,1.987309,2.001634
2026-06-12T18:17:48.837201,24.270675,12.135338,213.237717,1.993758,2.002602
2026-06-12T18:17:48.848537,24.280875,12.140438,213.327332,2.016651,2.002602
2026-06-12T18:17:48.857689,24.291558,12.145779,213.421191,2.016973,2.001404
2026-06-12T18:17:48.866417,24.301890,12.150945,213.511964,2.020842,2.005872
2026-06-12T18:17:48.879349,24.312108,12.156054,213.601737,2.026324,2.011215
2026-06-12T18:17:48.890196,24.322705,12.161353,213.694844,2.029226,2.013012
2026-06-12T18:17:48.898577,24.333099,12.166549,213.786162,2.021165,2.017848
2026-06-12T18:17:48.907873,24.343697,12.171848,213.879271,2.019875,2.021579
2026-06-12T18:17:48.921057,24.353209,12.176605,213.962846,2.026324,2.022961
2026-06-12T18:17:48.928281,24.364198,12.182099,214.059395,1.940233,2.011998
2026-06-12T18:17:48.941220,24.374176,12.187088,214.147060,1.773855,1.976714
2026-06-12T18:17:48.949005,24.383966,12.191983,214.233070,1.923144,1.961974
2026-06-12T18:17:48.958908,24.393919,12.196960,214.320519,1.994725,1.957046
2026-06-12T18:17:48.970639,24.404671,12.202336,214.414981,2.010847,1.955572
2026-06-12T18:17:48.982367,24.415944,12.207972,214.514026,2.010524,1.954236
2026-06-12T18:17:48.991412,24.425418,12.212709,214.597260,2.011169,1.952071
2026-06-12T18:17:49.000620,24.435852,12.217926,214.688930,1.739999,1.923466
2026-06-12T18:17:49.012337,24.446883,12.223442,214.785849,1.665516,1.907989
2026-06-12T18:17:49.023994,24.457955,12.228977,214.883123,1.901863,1.904949
2026-06-12T18:17:49.033290,24.467057,12.233528,214.963091,1.985697,1.903659
2026-06-12T18:17:49.045613,24.477818,12.238909,215.057636,2.009557,1.903475
2026-06-12T18:17:49.054571,24.487623,12.243812,215.143782,2.022454,1.905179
2026-06-12T18:17:49.065598,24.498192,12.249096,215.236641,2.007622,1.904673
2026-06-12T18:17:49.074120,24.507702,12.253851,215.320194,1.909279,1.928856
2026-06-12T18:17:49.084483,24.517932,12.258966,215.410073,1.981183,1.973951
2026-06-12T18:17:49.095304,24.528541,12.264270,215.503278,2.009557,1.989336
2026-06-12T18:17:49.104390,24.538648,12.269324,215.592078,2.019230,1.994126
2026-06-12T18:17:49.115213,24.549206,12.274603,215.684836,2.025679,1.996429
2026-06-12T18:17:49.123817,24.559315,12.279657,215.773654,2.027936,1.997212
2026-06-12T18:17:49.137387,24.569651,12.284826,215.864468,2.026324,1.999884
2026-06-12T18:17:49.147732,24.580193,12.290097,215.957085,2.025034,2.016420
2026-06-12T18:17:49.157387,24.590111,12.295056,216.044223,2.028258,2.023145
2026-06-12T18:17:49.167684,24.600539,12.300270,216.135842,2.020520,2.024712
2026-06-12T18:17:49.178552,24.610786,12.305393,216.225873,1.990856,2.020658
2026-06-12T18:17:49.188253,24.621263,12.310631,216.317915,2.016006,2.019276
2026-06-12T18:17:49.199003,24.631735,12.315867,216.409921,2.017618,2.017802
2026-06-12T18:17:49.209136,24.641484,12.320742,216.495580,1.951196,2.007070
2026-06-12T18:17:49.216856,24.652080,12.326040,216.588670,1.965706,1.998594
2026-06-12T18:17:49.229459,24.662240,12.331120,216.677936,2.009557,1.995923
2026-06-12T18:17:49.240705,24.673075,12.336537,216.773129,2.017618,1.995508
2026-06-12T18:17:49.248523,24.683206,12.341603,216.862141,2.023744,2.000206
2026-06-12T18:17:49.258457,24.693872,12.346936,216.955846,2.025679,2.001588
2026-06-12T18:17:49.270885,24.704133,12.352066,217.045996,2.016328,2.001404
2026-06-12T18:17:49.281852,24.714396,12.357198,217.136169,2.024067,2.011814
2026-06-12T18:17:49.291404,24.724582,12.362291,217.225656,2.027291,2.020612
2026-06-12T18:17:49.299606,24.734891,12.367446,217.316236,1.970865,2.015084
2026-06-12T18:17:49.312906,24.745433,12.372717,217.408856,1.948616,2.005227
2026-06-12T18:17:49.320354,24.756229,12.378114,217.503701,2.004720,2.002509
2026-06-12T18:17:49.332924,24.766211,12.383106,217.591408,2.008267,2.000022
2026-06-12T18:17:49.340607,24.775867,12.387934,217.676241,2.012136,1.999423
2026-06-12T18:17:49.354276,24.786425,12.393213,217.769003,2.024712,1.999515
2026-06-12T18:17:49.363223,24.797311,12.398655,217.864643,2.028903,1.999746
2026-06-12T18:17:49.373980,24.807060,12.403530,217.950299,2.018908,2.006609
2026-06-12T18:17:49.382191,24.818185,12.409093,218.048042,2.013749,2.015914
2026-06-12T18:17:49.393016,24.827264,12.413632,218.127808,2.025034,2.018816
2026-06-12T18:17:49.404156,24.837955,12.418977,218.221731,1.985697,2.015591
2026-06-12T18:17:49.415652,24.848300,12.424150,218.312624,1.893480,1.998640
2026-06-12T18:17:49.428539,24.861373,12.430687,218.427482,1.977958,1.991961
2026-06-12T18:17:49.436988,24.869395,12.434698,218.497962,1.973766,1.984084
2026-06-12T18:17:49.445654,24.879586,12.439793,218.587494,1.964416,1.976300
2026-06-12T18:17:49.457910,24.890379,12.445190,218.682326,2.008590,1.975563
2026-06-12T18:17:49.465138,24.900621,12.450310,218.772306,2.024712,1.975517
2026-06-12T18:17:49.475374,24.910692,12.455346,218.860787,2.022454,1.980768
2026-06-12T18:17:49.487539,24.920977,12.460489,218.951150,2.033095,2.000713
2026-06-12T18:17:49.499487,24.932327,12.466163,219.050868,2.034062,2.008728
2026-06-12T18:17:49.507461,24.941665,12.470832,219.132908,2.010847,2.014025
2026-06-12T18:17:49.520194,24.952436,12.476218,219.227541,2.012136,2.020842
2026-06-12T18:17:49.529292,24.963101,12.481551,219.321248,2.028258,2.023652
2026-06-12T18:17:49.540151,24.973376,12.486688,219.411517,2.026324,2.023882
2026-06-12T18:17:49.548799,24.983575,12.491788,219.501128,2.029548,2.024896
2026-06-12T18:17:49.558563,24.993871,12.496935,219.591583,2.032128,2.024758
2026-06-12T18:17:49.571213,25.003969,12.501984,219.680300,2.032450,2.024527
2026-06-12T18:17:49.581824,25.014480,12.507240,219.772653,1.958289,2.017019
2026-06-12T18:17:49.593195,25.025632,12.512816,219.870628,2.003431,2.015775
2026-06-12T18:17:49.599918,25.034848,12.517424,219.951605,2.021165,2.014762
2026-06-12T18:17:49.612866,25.045190,12.522595,220.042464,2.026324,2.014762
2026-06-12T18:17:49.620712,25.055425,12.527712,220.132384,2.027613,2.014486
2026-06-12T18:17:49.631987,25.066811,12.533406,220.232423,2.032772,2.014578
2026-06-12T18:17:49.641395,25.076164,12.538082,220.314593,2.020197,2.012827
2026-06-12T18:17:49.654256,25.086676,12.543338,220.406954,1.985697,2.016743
2026-06-12T18:17:49.665201,25.097499,12.548749,220.502039,2.016973,2.018677
2026-06-12T18:17:49.673510,25.107828,12.553914,220.592787,2.025356,2.019276
2026-06-12T18:17:49.682369,25.117448,12.558724,220.677306,2.020842,2.018493
2026-06-12T18:17:49.694656,25.127607,12.563803,220.766563,2.030838,2.018954
2026-06-12T18:17:49.704851,25.138185,12.569092,220.859499,2.031160,2.018723
2026-06-12T18:17:49.715808,25.148877,12.574438,220.953436,2.021487,2.018908
2026-06-12T18:17:49.724205,25.158852,12.579426,221.041079,2.026646,2.024758
2026-06-12T18:17:49.736951,25.169460,12.584730,221.134281,2.030515,2.026692
2026-06-12T18:17:49.746307,25.179619,12.589810,221.223533,1.937976,2.014209
2026-06-12T18:17:49.757790,25.190000,12.595000,221.314741,1.894124,1.996107
2026-06-12T18:17:49.765249,25.200084,12.600042,221.403334,1.987309,1.989888
2026-06-12T18:17:49.775089,25.210426,12.605213,221.494192,2.018585,1.988092
2026-06-12T18:17:49.787275,25.220786,12.610393,221.585215,2.011169,1.986618
2026-06-12T18:17:49.798552,25.231513,12.615756,221.679460,1.982472,1.980307
2026-06-12T18:17:49.807536,25.241438,12.620719,221.766662,2.002141,1.976254
2026-06-12T18:17:49.820191,25.252772,12.626386,221.866239,1.963448,1.979893
2026-06-12T18:17:49.828786,25.262109,12.631055,221.948275,2.002463,1.995370
2026-06-12T18:17:49.840218,25.272536,12.636268,222.039882,2.026646,2.000989
2026-06-12T18:17:49.848643,25.282931,12.641466,222.131214,2.020197,2.001220
2026-06-12T18:17:49.857752,25.293344,12.646672,222.222698,2.008912,2.000897
2026-06-12T18:17:49.871231,25.303736,12.651868,222.314001,2.026969,2.007254
2026-06-12T18:17:49.879458,25.313896,12.656948,222.403267,2.019875,2.009787
2026-06-12T18:17:49.890238,25.324100,12.662050,222.492913,1.921532,2.003799
2026-06-12T18:17:49.899135,25.334575,12.667287,222.584943,1.985374,2.001358
2026-06-12T18:17:49.912648,25.345083,12.672542,222.677273,2.020520,2.000483
2026-06-12T18:17:49.921613,25.355439,12.677720,222.768256,2.026969,2.001450
2026-06-12T18:17:49.933817,25.365997,12.682999,222.861015,2.033095,2.004905
2026-06-12T18:17:49.943310,25.376088,12.688044,222.949672,2.035352,2.006102
2026-06-12T18:17:49.953357,25.386537,12.693268,223.041472,2.033740,2.008083
2026-06-12T18:17:49.962652,25.397101,12.698551,223.134291,2.030193,2.023606
2026-06-12T18:17:49.973502,25.407799,12.703900,223.228284,2.033417,2.030469
2026-06-12T18:17:49.982521,25.417872,12.708936,223.316778,2.011169,2.029134
2026-06-12T18:17:49.995476,25.428321,12.714161,223.408586,2.023099,2.028581
2026-06-12T18:17:50.004170,25.438606,12.719303,223.498944,2.033095,2.028581
2026-06-12T18:17:50.015196,25.448913,12.724456,223.589497,2.031483,2.028028
2026-06-12T18:17:50.023619,25.458731,12.729366,223.675760,2.030193,2.027521
2026-06-12T18:17:50.034107,25.469246,12.734623,223.768139,2.035674,2.028304
2026-06-12T18:17:50.046255,25.479371,12.739686,223.857101,2.035674,2.028627
2026-06-12T18:17:50.054360,25.489413,12.744707,223.945327,2.014394,2.029087
2026-06-12T18:17:50.065919,25.500058,12.750029,224.038851,2.029548,2.030009
2026-06-12T18:17:50.075399,25.510427,12.755213,224.129947,2.032772,2.029963
2026-06-12T18:17:50.087229,25.521080,12.760540,224.223545,2.021487,2.028535
2026-06-12T18:17:50.099239,25.531783,12.765892,224.317583,2.022132,2.027383
2026-06-12T18:17:50.106889,25.542080,12.771040,224.408051,2.035030,2.027291
2026-06-12T18:17:50.117123,25.551838,12.775919,224.493780,2.029871,2.026462
2026-06-12T18:17:50.128708,25.562208,12.781104,224.584892,2.034707,2.029364
2026-06-12T18:17:50.140153,25.572806,12.786403,224.678002,2.034707,2.030101
2026-06-12T18:17:50.148495,25.582886,12.791443,224.766566,2.033740,2.030239
2026-06-12T18:17:50.157997,25.593436,12.796718,224.859256,2.032128,2.031759
2026-06-12T18:17:50.173523,25.605937,12.802969,224.969088,2.038899,2.034154
2026-06-12T18:17:50.178685,25.613649,12.806824,225.036838,2.037931,2.034569
2026-06-12T18:17:50.191015,25.624394,12.812197,225.131243,2.034385,2.035214
2026-06-12T18:17:50.199361,25.634673,12.817337,225.221555,2.032772,2.034937
2026-06-12T18:17:50.212889,25.645192,12.822596,225.313971,2.036642,2.035214
2026-06-12T18:17:50.221114,25.655707,12.827854,225.406357,1.885096,2.013979
2026-06-12T18:17:50.232588,25.666406,12.833203,225.500355,1.815772,1.983071
2026-06-12T18:17:50.241812,25.676592,12.838296,225.589850,1.966673,1.972753
2026-06-12T18:17:50.254040,25.686941,12.843471,225.680772,2.014716,1.969437
2026-06-12T18:17:50.262733,25.697422,12.848711,225.772852,2.013426,1.966443
2026-06-12T18:17:50.274191,25.707640,12.853820,225.862625,2.026001,1.965475
2026-06-12T18:17:50.283021,25.717705,12.858853,225.951058,2.034707,1.965199
2026-06-12T18:17:50.295367,25.728081,12.864040,226.042215,1.930882,1.971740
2026-06-12T18:17:50.306955,25.739482,12.869741,226.142387,1.860913,1.978188
2026-06-12T18:17:50.323515,25.758409,12.879204,226.308672,2.015361,1.985144
2026-06-12T18:17:50.332457,25.767512,12.883756,226.388656,2.013749,1.985006
2026-06-12T18:17:50.346388,25.778981,12.889490,226.489414,2.029548,1.987309
2026-06-12T18:17:50.353275,25.788944,12.894472,226.576947,2.008912,1.984868
2026-06-12T18:17:50.365369,25.799781,12.899890,226.672160,1.934752,1.970588
2026-06-12T18:17:50.374123,25.808909,12.904454,226.752358,1.980860,1.977728
2026-06-12T18:17:50.386960,25.819840,12.909920,226.848393,2.023099,2.000897
2026-06-12T18:17:50.399501,25.832428,12.916214,226.958996,2.019230,2.001450
2026-06-12T18:17:50.407634,25.841326,12.920663,227.037168,2.030515,2.003845
2026-06-12T18:17:50.416353,25.851371,12.925686,227.125426,2.034707,2.004582
2026-06-12T18:17:50.428678,25.861829,12.930914,227.217301,1.875101,1.985466
2026-06-12T18:17:50.438068,25.872548,12.936274,227.311484,1.888643,1.978879
2026-06-12T18:17:50.449176,25.882629,12.941314,227.400047,1.990533,1.980261
2026-06-12T18:17:50.457347,25.892308,12.946154,227.485086,2.014716,1.979064
2026-06-12T18:17:50.470745,25.902879,12.951440,227.577966,1.938943,1.967594
2026-06-12T18:17:50.479509,25.913331,12.956665,227.669788,1.981183,1.960547
2026-06-12T18:17:50.491397,25.923685,12.961843,227.760764,2.021165,1.958612
2026-06-12T18:17:50.498527,25.934072,12.967036,227.852018,2.028258,1.980492
2026-06-12T18:17:50.508878,25.944322,12.972161,227.942072,2.036964,2.001680
2026-06-12T18:17:50.520386,25.954879,12.977440,228.034826,2.037609,2.008405
2026-06-12T18:17:50.532672,25.965054,12.982527,228.124224,2.016973,2.008728
2026-06-12T18:17:50.540412,25.974948,12.987474,228.211150,2.022132,2.020612
2026-06-12T18:17:50.550339,25.985304,12.992652,228.302133,2.035030,2.028304
2026-06-12T18:17:50.564048,25.996354,12.998177,228.399214,2.032128,2.029871
2026-06-12T18:17:50.573987,26.006213,13.003107,228.485836,2.022132,2.028995
2026-06-12T18:17:50.582359,26.016289,13.008144,228.574362,2.033095,2.028443
2026-06-12T18:17:50.591229,26.026513,13.013256,228.664188,1.998594,2.022869
2026-06-12T18:17:50.604051,26.036764,13.018382,228.754249,1.874133,2.002463
2026-06-12T18:17:50.615668,26.047915,13.023957,228.852219,1.970865,1.995139
2026-06-12T18:17:50.624249,26.058735,13.029367,228.947284,2.019553,1.992928
2026-06-12T18:17:50.637378,26.069965,13.034982,229.045949,2.028903,1.992468
2026-06-12T18:17:50.645464,26.078872,13.039436,229.124204,2.038254,1.994771
2026-06-12T18:17:50.656869,26.089906,13.044953,229.221151,2.036964,1.995324
2026-06-12T18:17:50.665388,26.099597,13.049799,229.306295,2.016328,1.997857
2026-06-12T18:17:50.674524,26.110507,13.055253,229.402142,2.029226,2.020013
2026-06-12T18:17:50.687631,26.120254,13.060127,229.487776,2.036642,2.029410
2026-06-12T18:17:50.694756,26.129657,13.064828,229.570389,1.925723,2.016006
2026-06-12T18:17:50.707024,26.140077,13.070038,229.661937,1.896382,1.997074
2026-06-12T18:17:50.715222,26.150224,13.075112,229.751087,1.996982,1.991178
2026-06-12T18:17:50.727984,26.160053,13.080026,229.837445,2.026001,1.989612
2026-06-12T18:17:50.737395,26.171066,13.085533,229.934208,2.004720,1.987954
2026-06-12T18:17:50.749214,26.181637,13.090819,230.027083,2.026969,1.987631
2026-06-12T18:17:50.760137,26.192697,13.096348,230.124249,2.033740,1.987217
2026-06-12T18:17:50.770272,26.202631,13.101315,230.211526,2.012459,1.999608
2026-06-12T18:17:50.778095,26.212847,13.106423,230.301283,2.029548,2.018631
2026-06-12T18:17:50.790913,26.223460,13.111730,230.394528,2.038254,2.024527
2026-06-12T18:17:50.799260,26.234096,13.117048,230.487978,2.024389,2.024297
2026-06-12T18:17:50.808574,26.243899,13.121950,230.574105,2.032128,2.028212
2026-06-12T18:17:50.820645,26.254689,13.127344,230.668898,2.036642,2.029594
2026-06-12T18:17:50.831891,26.264408,13.132204,230.754290,2.028258,2.028811
2026-06-12T18:17:50.840713,26.274691,13.137346,230.844639,2.028258,2.031068
2026-06-12T18:17:50.849893,26.285077,13.142538,230.935883,2.039544,2.032496
2026-06-12T18:17:50.862137,26.295199,13.147599,231.024811,2.031483,2.031529
2026-06-12T18:17:50.872419,26.305349,13.152675,231.113994,2.013426,2.029963
2026-06-12T18:17:50.882604,26.315697,13.157849,231.204906,2.030838,2.029778
2026-06-12T18:17:50.890841,26.326213,13.163107,231.297300,2.039544,2.030193
2026-06-12T18:17:50.903823,26.336875,13.168438,231.390974,2.013104,2.028028
2026-06-12T18:17:50.912579,26.347094,13.173547,231.480750,2.014071,2.026001
2026-06-12T18:17:50.924473,26.357602,13.178801,231.573080,2.032772,2.025034
2026-06-12T18:17:50.932425,26.367947,13.183974,231.663969,2.033095,2.025264
2026-06-12T18:17:50.945780,26.378163,13.189081,231.753717,2.030515,2.027706
2026-06-12T18:17:50.954118,26.388427,13.194213,231.843895,2.033095,2.028028
2026-06-12T18:17:50.965982,26.398981,13.199490,231.936622,2.039221,2.027982
2026-06-12T18:17:50.973789,26.409184,13.204592,232.026264,1.951841,2.019230
2026-06-12T18:17:50.986945,26.419309,13.209655,232.115223,1.958612,2.011307
2026-06-12T18:17:50.996214,26.429888,13.214944,232.208169,2.017940,2.009189
2026-06-12T18:17:51.006936,26.440388,13.220194,232.300418,2.032128,2.009050
2026-06-12T18:17:51.015149,26.450671,13.225335,232.390762,2.033417,2.009465
2026-06-12T18:17:51.028500,26.460916,13.230458,232.480773,2.039221,2.010340
2026-06-12T18:17:51.037771,26.471386,13.235693,232.572761,2.011814,2.006425
2026-06-12T18:17:51.049534,26.481881,13.240940,232.664967,2.018908,2.016006
2026-06-12T18:17:51.057591,26.492206,13.246103,232.755685,2.035674,2.027015
2026-06-12T18:17:51.066811,26.501545,13.250772,232.837730,2.000529,2.024527
2026-06-12T18:17:51.078400,26.511938,13.255969,232.929041,1.912503,2.007438
2026-06-12T18:17:51.090152,26.522585,13.261292,233.022583,1.962804,1.997350
2026-06-12T18:17:51.098487,26.533080,13.266540,233.114791,2.011492,1.993389
2026-06-12T18:17:51.107872,26.543070,13.271535,233.202562,2.017618,1.994218
2026-06-12T18:17:51.120859,26.553688,13.276844,233.295855,2.032450,1.996153
2026-06-12T18:17:51.132225,26.564358,13.282179,233.389599,2.038899,1.996613
2026-06-12T18:17:51.140195,26.574550,13.287275,233.479144,2.037287,2.001865
2026-06-12T18:17:51.149745,26.584553,13.292277,233.567028,2.033417,2.019138
2026-06-12T18:17:51.162551,26.594687,13.297343,233.656061,2.035352,2.029502
2026-06-12T18:17:51.173273,26.605718,13.302859,233.752980,2.038899,2.033417
2026-06-12T18:17:51.182867,26.616411,13.308206,233.846926,2.015683,2.033141
2026-06-12T18:17:51.191909,26.626315,13.313158,233.933941,2.028258,2.032542
2026-06-12T18:17:51.204100,26.636556,13.318278,234.023911,2.036319,2.032174
2026-06-12T18:17:51.215409,26.647702,13.323851,234.121845,2.019875,2.029686
2026-06-12T18:17:51.223535,26.657924,13.328962,234.211647,1.986342,2.022961
2026-06-12T18:17:51.234484,26.666910,13.333455,234.290602,2.019875,2.020750
2026-06-12T18:17:51.245015,26.678101,13.339051,234.388924,1.892190,1.999792
2026-06-12T18:17:51.257149,26.689898,13.344949,234.492566,1.763537,1.963771
2026-06-12T18:17:51.265237,26.698531,13.349266,234.568420,1.930560,1.949814
2026-06-12T18:17:51.274534,26.708834,13.354417,234.658933,1.998594,1.944425
2026-06-12T18:17:51.287426,26.719950,13.359975,234.756599,2.022132,1.944747
2026-06-12T18:17:51.298437,26.730626,13.365313,234.850398,2.032128,1.951288
2026-06-12T18:17:51.306794,26.740682,13.370341,234.938748,2.028258,1.952486
2026-06-12T18:17:51.315749,26.751091,13.375546,235.030201,1.991178,1.966627
2026-06-12T18:17:51.328526,26.761802,13.380901,235.124303,2.025679,2.004076
2026-06-12T18:17:51.337436,26.771821,13.385911,235.212330,1.996660,2.013518
2026-06-12T18:17:51.348512,26.782087,13.391044,235.302527,1.893157,1.998456
2026-06-12T18:17:51.357459,26.792215,13.396108,235.391508,1.985697,1.993251
2026-06-12T18:17:51.367312,26.802505,13.401252,235.481912,2.022777,1.991915
2026-06-12T18:17:51.379543,26.813209,13.406605,235.575956,2.021810,1.990994
2026-06-12T18:17:51.391028,26.823903,13.411952,235.669912,2.030515,1.996613
2026-06-12T18:17:51.399019,26.834207,13.417103,235.760440,2.036642,1.998180
2026-06-12T18:17:51.412884,26.845080,13.422540,235.855964,2.030193,2.002970
2026-06-12T18:17:51.423589,26.856448,13.428224,235.955845,2.025034,2.021810
2026-06-12T18:17:51.431778,26.864457,13.432228,236.026208,2.032772,2.028535
2026-06-12T18:17:51.440176,26.875046,13.437523,236.119248,2.021487,2.028350
2026-06-12T18:17:51.450166,26.885316,13.442658,236.209471,1.904120,2.011538
2026-06-12T18:17:51.462520,26.895860,13.447930,236.302116,1.940233,1.998640
2026-06-12T18:17:51.473505,26.906478,13.453239,236.395402,2.008267,1.994587
2026-06-12T18:17:51.483025,26.916614,13.458307,236.484452,2.026001,1.993988
2026-06-12T18:17:51.491688,26.926848,13.463424,236.574363,2.031805,1.994955
2026-06-12T18:17:51.504468,26.938006,13.469003,236.672399,2.036319,1.995462
2026-06-12T18:17:51.515583,26.947867,13.473934,236.759037,2.034062,1.997258
2026-06-12T18:17:51.524031,26.958109,13.479054,236.849019,2.036642,2.016190
2026-06-12T18:17:51.534868,26.968924,13.484462,236.944035,2.037931,2.030147
2026-06-12T18:17:51.545960,26.978467,13.489234,237.027883,2.035030,2.033970
2026-06-12T18:17:51.554561,26.988522,13.494261,237.116221,2.029548,2.034477
2026-06-12T18:17:51.565740,26.999698,13.499849,237.214417,2.036642,2.035168
2026-06-12T18:17:51.574585,27.009727,13.504863,237.302525,2.036964,2.035260
2026-06-12T18:17:51.587737,27.019835,13.509918,237.391338,2.030193,2.034707
2026-06-12T18:17:51.596280,27.030425,13.515212,237.484372,2.035352,2.034523
2026-06-12T18:17:51.607434,27.040578,13.520289,237.573575,2.039544,2.034753
2026-06-12T18:17:51.617961,27.051355,13.525677,237.668260,2.024389,2.033233
2026-06-12T18:17:51.628904,27.062094,13.531047,237.762618,2.018585,2.031667
2026-06-12T18:17:51.640155,27.072669,13.536335,237.855526,2.031805,2.030976
2026-06-12T18:17:51.649000,27.081857,13.540929,237.936248,2.034062,2.030561
2026-06-12T18:17:51.657137,27.092243,13.546121,238.027493,2.028581,2.030331
2026-06-12T18:17:51.669562,27.102528,13.551264,238.117863,2.036642,2.030515
2026-06-12T18:17:51.679539,27.113190,13.556595,238.211532,2.038254,2.030331
2026-06-12T18:17:51.690677,27.123563,13.561781,238.302668,2.026001,2.030561
2026-06-12T18:17:51.699106,27.133812,13.566906,238.392717,2.027936,2.031897
2026-06-12T18:17:51.712158,27.144441,13.572220,238.486099,2.037287,2.032680
2026-06-12T18:17:51.720267,27.154580,13.577290,238.575182,1.951518,2.020888
2026-06-12T18:17:51.732701,27.165018,13.582509,238.666885,1.962804,2.011492
2026-06-12T18:17:51.740068,27.175580,13.587790,238.759678,2.018908,2.008958
2026-06-12T18:17:51.750597,27.185911,13.592955,238.850443,2.012459,2.005273
2026-06-12T18:17:51.762868,27.196926,13.598463,238.947223,2.024067,2.004997
2026-06-12T18:17:51.773479,27.207088,13.603544,239.036507,2.035352,2.006056
2026-06-12T18:17:51.782716,27.218086,13.609043,239.133128,2.036319,2.005918
2026-06-12T18:17:51.792114,27.227301,13.613650,239.214089,2.036319,2.018032
2026-06-12T18:17:51.804526,27.237910,13.618955,239.307305,2.037931,2.028765
2026-06-12T18:17:51.817219,27.249690,13.624845,239.410796,2.040833,2.031897
2026-06-12T18:17:51.824595,27.259059,13.629529,239.493110,2.027936,2.034108
2026-06-12T18:17:51.837266,27.269470,13.634735,239.584582,2.027936,2.034661
2026-06-12T18:17:51.846050,27.279975,13.639988,239.676879,2.035997,2.034753
2026-06-12T18:17:51.856812,27.290220,13.645110,239.766887,1.963448,2.024343
2026-06-12T18:17:51.865485,27.300607,13.650303,239.858142,1.927013,2.008728
2026-06-12T18:17:51.878422,27.311075,13.655538,239.950117,2.006978,2.004306
2026-06-12T18:17:51.887369,27.320898,13.660449,240.036418,2.029871,2.002740
2026-06-12T18:17:51.898896,27.332203,13.666102,240.135745,2.021487,2.001819
2026-06-12T18:17:51.907300,27.342076,13.671038,240.222480,2.028581,2.001911
2026-06-12T18:17:51.917177,27.352555,13.676277,240.314546,2.017618,1.999285
2026-06-12T18:17:51.929126,27.363322,13.681661,240.409148,1.978281,2.001404
2026-06-12T18:17:51.941461,27.373782,13.686891,240.501046,2.016006,2.014117
2026-06-12T18:17:51.950566,27.383682,13.691841,240.588028,2.030838,2.017526
2026-06-12T18:17:51.958446,27.393781,13.696890,240.676753,1.930882,2.003385
2026-06-12T18:17:51.971031,27.403772,13.701886,240.764532,1.994080,1.999469
2026-06-12T18:17:51.978681,27.413966,13.706983,240.854094,2.025679,1.999055
2026-06-12T18:17:51.990996,27.424714,13.712357,240.948530,2.025679,2.000206
2026-06-12T18:17:51.999322,27.435275,13.717637,241.041313,2.029871,2.007576
2026-06-12T18:17:52.012524,27.444655,13.722327,241.123724,2.038254,2.010755
2026-06-12T18:17:52.021219,27.455371,13.727685,241.217871,2.019875,2.009189
2026-06-12T18:17:52.032209,27.466398,13.733199,241.314754,2.004076,2.019645
2026-06-12T18:17:52.042892,27.476306,13.738153,241.401805,2.027291,2.024389
2026-06-12T18:17:52.053748,27.486370,13.743185,241.490228,2.019875,2.023560
2026-06-12T18:17:52.063453,27.496529,13.748265,241.579482,1.967963,2.015315
2026-06-12T18:17:52.074070,27.507876,13.753938,241.679172,2.015683,2.013288
2026-06-12T18:17:52.083212,27.517615,13.758808,241.764739,2.033095,2.012551
2026-06-12T18:17:52.095370,27.528059,13.764029,241.856495,1.994080,2.008866
2026-06-12T18:17:52.104155,27.538894,13.769447,241.951690,1.985697,2.006241
2026-06-12T18:17:52.117149,27.550071,13.775035,242.049888,2.023099,2.005642
2026-06-12T18:17:52.125607,27.559301,13.779651,242.130985,2.024389,2.006287
2026-06-12T18:17:52.137166,27.569829,13.784914,242.223477,2.023422,2.014209
2026-06-12T18:17:52.146281,27.580398,13.790199,242.316334,2.036964,2.017249
2026-06-12T18:17:52.156819,27.590617,13.795309,242.406121,2.036964,2.017802
2026-06-12T18:17:52.165162,27.600476,13.800238,242.492738,2.029226,2.022823
2026-06-12T18:17:52.175447,27.610771,13.805386,242.583191,2.033095,2.029594
2026-06-12T18:17:52.187877,27.621331,13.810666,242.675968,2.036642,2.031529
2026-06-12T18:17:52.195599,27.631124,13.815562,242.762006,1.924756,2.017295
2026-06-12T18:17:52.207347,27.641567,13.820783,242.853754,1.809323,1.986710
2026-06-12T18:17:52.216194,27.652092,13.826046,242.946230,1.962481,1.976070
2026-06-12T18:17:52.229742,27.662882,13.831441,243.041022,2.006655,1.971740
2026-06-12T18:17:52.240578,27.672773,13.836387,243.127930,2.026001,1.971279
2026-06-12T18:17:52.251101,27.683191,13.841596,243.219462,2.035674,1.971648
2026-06-12T18:17:52.258412,27.693639,13.846819,243.311249,2.035997,1.971555
2026-06-12T18:17:52.270517,27.704076,13.852038,243.402954,2.032450,1.986940
2026-06-12T18:17:52.282752,27.715199,13.857599,243.500674,2.034385,2.019092
2026-06-12T18:17:52.290141,27.725323,13.862661,243.589619,2.035352,2.029502
2026-06-12T18:17:52.300084,27.735207,13.867604,243.676462,1.986342,2.026600
2026-06-12T18:17:52.312289,27.745889,13.872945,243.770313,1.976668,2.019553
2026-06-12T18:17:52.324036,27.756251,13.878126,243.861354,2.016973,2.016881
2026-06-12T18:17:52.332907,27.766425,13.883212,243.950737,1.996660,2.011261
2026-06-12T18:17:52.341369,27.777307,13.888653,244.046341,2.001174,2.006793
2026-06-12T18:17:52.354799,27.787622,13.893811,244.136973,2.028903,2.006010
2026-06-12T18:17:52.365562,27.797784,13.898892,244.226254,2.031160,2.005411
2026-06-12T18:17:52.374226,27.808189,13.904094,244.317668,2.026646,2.011169
2026-06-12T18:17:52.383324,27.818508,13.909254,244.408332,2.030515,2.018862
2026-06-12T18:17:52.396596,27.829259,13.914630,244.502788,2.018908,2.019138
2026-06-12T18:17:52.403530,27.838595,13.919297,244.584806,1.980215,2.016789
2026-06-12T18:17:52.417635,27.850649,13.925325,244.690717,2.022454,2.019829
2026-06-12T18:17:52.425095,27.860064,13.930032,244.773428,2.032450,2.020336
2026-06-12T18:17:52.437969,27.870599,13.935300,244.865990,2.029871,2.020151
2026-06-12T18:17:52.448531,27.882457,13.941229,244.970175,2.034707,2.021303
2026-06-12T18:17:52.457932,27.892337,13.946168,245.056977,2.035997,2.022086
2026-06-12T18:17:52.470044,27.902858,13.951429,245.149413,2.034062,2.024251
2026-06-12T18:17:52.479607,27.912433,13.956216,245.233535,2.035030,2.032082
2026-06-12T18:17:52.490079,27.923234,13.961617,245.328435,2.038899,2.034431
2026-06-12T18:17:52.498452,27.933026,13.966513,245.414465,2.038254,2.035260
2026-06-12T18:17:52.508858,27.943618,13.971809,245.507519,2.036642,2.036227
2026-06-12T18:17:52.520663,27.954276,13.977138,245.601158,2.037609,2.036642
2026-06-12T18:17:52.532502,27.964966,13.982483,245.695079,2.038899,2.037056
2026-06-12T18:17:52.542392,27.975816,13.987908,245.790411,2.027291,2.036089
2026-06-12T18:17:52.552003,27.985715,13.992857,245.877378,2.036319,2.036273
2026-06-12T18:17:52.563373,27.996213,13.998107,245.969616,2.037609,2.036089
2026-06-12T18:17:52.573464,28.006392,14.003196,246.059044,2.015038,2.032772
2026-06-12T18:17:52.583150,28.016892,14.008446,246.151292,1.944425,2.019599
2026-06-12T18:17:52.591442,28.026772,14.013386,246.238101,1.969897,2.009926
2026-06-12T18:17:52.604583,28.037081,14.018541,246.328673,2.004076,2.004951
2026-06-12T18:17:52.615728,28.047937,14.023968,246.424046,2.018908,2.003753
2026-06-12T18:17:52.624086,28.058219,14.029109,246.514385,2.033095,2.003293
2026-06-12T18:17:52.632567,28.067902,14.033951,246.599460,2.025034,2.001496
2026-06-12T18:17:52.645741,28.078337,14.039168,246.691138,2.019553,2.002141
2026-06-12T18:17:52.654060,28.088686,14.044343,246.782060,2.031160,2.014532
2026-06-12T18:17:52.665784,28.099626,14.049813,246.878183,2.029871,2.023099
2026-06-12T18:17:52.674048,28.109064,14.054532,246.961100,2.010524,2.024021
2026-06-12T18:17:52.684518,28.119203,14.059602,247.050181,2.024067,2.024758
2026-06-12T18:17:52.695165,28.129877,14.064939,247.143960,2.032772,2.024712
2026-06-12T18:17:52.706826,28.140644,14.070322,247.238556,2.027613,2.025080
2026-06-12T18:17:52.715259,28.150553,14.075276,247.325612,2.033095,2.027015
2026-06-12T18:17:52.725145,28.160292,14.080146,247.411184,2.035997,2.027706
2026-06-12T18:17:52.737802,28.170688,14.085344,247.502521,2.036642,2.028673
2026-06-12T18:17:52.745582,28.180821,14.090410,247.591541,2.036642,2.032404
2026-06-12T18:17:52.757267,28.191336,14.095668,247.683924,2.038254,2.034431
2026-06-12T18:17:52.766216,28.201530,14.100765,247.773489,2.000529,2.029824
2026-06-12T18:17:52.779291,28.212580,14.106290,247.870576,1.710658,1.984545
2026-06-12T18:17:52.787297,28.222853,14.111426,247.960828,1.773210,1.947419
2026-06-12T18:17:52.798541,28.233434,14.116717,248.053795,1.961514,1.936778
2026-06-12T18:17:52.808030,28.243753,14.121877,248.144458,2.011169,1.933139
2026-06-12T18:17:52.820660,28.253639,14.126820,248.231312,2.029226,1.932080
2026-06-12T18:17:52.828325,28.263517,14.131758,248.318093,2.037609,1.931988
2026-06-12T18:17:52.840459,28.274774,14.137387,248.416999,2.014394,1.933968
2026-06-12T18:17:52.852160,28.284249,14.142125,248.500248,2.021810,1.978419
2026-06-12T18:17:52.862095,28.294584,14.147292,248.591043,2.032772,2.015499
2026-06-12T18:17:52.870135,28.305038,14.152519,248.682892,2.032450,2.025633
2026-06-12T18:17:52.882310,28.316310,14.158155,248.781924,2.035674,2.029134
2026-06-12T18:17:52.891104,28.325357,14.162678,248.861408,2.040833,2.030792
2026-06-12T18:17:52.903517,28.335759,14.167879,248.952799,2.037609,2.030792
2026-06-12T18:17:52.912036,28.346549,14.173275,249.047603,2.031483,2.033233
2026-06-12T18:17:52.924023,28.357210,14.178605,249.141269,2.033095,2.034845
2026-06-12T18:17:52.932873,28.367318,14.183659,249.230070,2.039221,2.035767
2026-06-12T18:17:52.942174,28.377743,14.188872,249.321667,1.984084,2.028857
2026-06-12T18:17:52.953981,28.387190,14.193595,249.404669,1.985374,2.021671
2026-06-12T18:17:52.965180,28.398121,14.199060,249.500700,2.024712,2.019368
2026-06-12T18:17:52.974165,28.408366,14.204183,249.590710,2.024067,2.017434
2026-06-12T18:17:52.983220,28.418772,14.209386,249.682137,2.031483,2.017434
2026-06-12T18:17:52.995299,28.428587,14.214294,249.768372,2.036964,2.017986
2026-06-12T18:17:53.006828,28.438928,14.219464,249.859227,2.038576,2.017894
2026-06-12T18:17:53.015136,28.449226,14.224613,249.949701,2.016651,2.022547
2026-06-12T18:17:53.024201,28.459881,14.229940,250.043311,2.001496,2.024850
2026-06-12T18:17:53.037100,28.469866,14.234933,250.131044,2.030193,2.025633
2026-06-12T18:17:53.044657,28.480211,14.240106,250.221930,2.011814,2.023882
2026-06-12T18:17:53.056815,28.490520,14.245260,250.312500,1.905087,2.005826
2026-06-12T18:17:53.065742,28.500662,14.250331,250.401611,1.981505,1.997903
2026-06-12T18:17:53.078599,28.511146,14.255573,250.493721,2.020520,1.995324
2026-06-12T18:17:53.087417,28.521886,14.260943,250.588076,2.028581,1.997028
2026-06-12T18:17:53.098955,28.532374,14.266187,250.680224,2.033095,2.001542
2026-06-12T18:17:53.106777,28.542228,14.271114,250.766803,2.026646,2.001035
2026-06-12T18:17:53.120187,28.552628,14.276314,250.858170,1.919919,1.987908
2026-06-12T18:17:53.128943,28.563092,14.281546,250.950107,1.975379,1.997949
2026-06-12T18:17:53.140114,28.573451,14.286726,251.041122,2.017618,2.003108
2026-06-12T18:17:53.148620,28.583691,14.291845,251.131086,1.954420,1.993665
2026-06-12T18:17:53.158457,28.593890,14.296945,251.220696,1.835763,1.966120
2026-06-12T18:17:53.170343,28.603914,14.301957,251.308766,1.969575,1.957046
2026-06-12T18:17:53.182883,28.615713,14.307856,251.412423,2.018585,1.955894
2026-06-12T18:17:53.190141,28.624691,14.312346,251.491307,2.002141,1.967640
2026-06-12T18:17:53.199558,28.634874,14.317437,251.580774,2.016006,1.973444
2026-06-12T18:17:53.212040,28.645867,14.322933,251.677351,2.033740,1.975747
2026-06-12T18:17:53.223476,28.656168,14.328084,251.767858,1.966995,1.977544
2026-06-12T18:17:53.231811,28.666455,14.333227,251.858235,1.981827,1.998410
2026-06-12T18:17:53.241169,28.676852,14.338426,251.949583,2.022454,2.005964
2026-06-12T18:17:53.254928,28.687234,14.343617,252.040795,1.991178,2.002049
2026-06-12T18:17:53.261907,28.696597,14.348298,252.123056,2.011814,2.003431
2026-06-12T18:17:53.273475,28.707342,14.353671,252.217464,2.032128,2.005734
2026-06-12T18:17:53.282842,28.718389,14.359195,252.314522,2.023422,2.004260
2026-06-12T18:17:53.295517,28.727897,14.363949,252.398055,2.023744,2.012367
2026-06-12T18:17:53.303432,28.738449,14.369225,252.490763,2.035997,2.020105
2026-06-12T18:17:53.315670,28.748696,14.374348,252.580792,1.973122,2.013058
2026-06-12T18:17:53.323931,28.759066,14.379533,252.671903,1.898316,1.999792
2026-06-12T18:17:53.337402,28.769815,14.384908,252.766341,1.996660,1.997627
2026-06-12T18:17:53.346284,28.780108,14.390054,252.856768,2.026001,1.996752
2026-06-12T18:17:53.356813,28.790587,14.395294,252.948839,2.015683,1.995646
2026-06-12T18:17:53.365674,28.800659,14.400329,253.037327,2.016651,1.994633
2026-06-12T18:17:53.375601,28.810864,14.405432,253.126988,2.023744,1.992882
2026-06-12T18:17:53.387432,28.820767,14.410384,253.213995,2.029226,2.000897
2026-06-12T18:17:53.400639,28.833192,14.416596,253.323153,2.035030,2.020428
2026-06-12T18:17:53.406643,28.842050,14.421025,253.400978,2.037931,2.026324
2026-06-12T18:17:53.417473,28.852335,14.426168,253.491346,2.023422,2.025955
2026-06-12T18:17:53.429260,28.862445,14.431222,253.580166,2.010847,2.025264
2026-06-12T18:17:53.440737,28.873391,14.436695,253.676336,2.032772,2.027567
2026-06-12T18:17:53.449103,28.884386,14.442193,253.772936,2.031805,2.028719
2026-06-12T18:17:53.462342,28.895253,14.447626,253.868412,2.027936,2.028535
2026-06-12T18:17:53.470249,28.904973,14.452487,253.953815,2.036319,2.028719
2026-06-12T18:17:53.481816,28.916090,14.458045,254.051485,2.035030,2.028304
2026-06-12T18:17:53.491559,28.925835,14.462918,254.137101,2.032772,2.029640
2026-06-12T18:17:53.503829,28.935913,14.467957,254.225645,2.034707,2.033049
2026-06-12T18:17:53.513419,28.946438,14.473219,254.318120,2.039866,2.034062
2026-06-12T18:17:53.523506,28.957212,14.478606,254.412778,1.977958,2.026370
2026-06-12T18:17:53.532908,28.967394,14.483697,254.502229,1.983762,2.020059
2026-06-12T18:17:53.545466,28.977806,14.488903,254.593711,2.022454,2.018079
2026-06-12T18:17:53.554075,28.988523,14.494261,254.687866,1.957000,2.006931
2026-06-12T18:17:53.565499,28.998668,14.499334,254.776998,1.868329,1.983440
2026-06-12T18:17:53.573761,29.008920,14.504460,254.867074,1.980538,1.975701
2026-06-12T18:17:53.587233,29.019403,14.509701,254.959170,2.017618,1.972523
2026-06-12T18:17:53.595761,29.030082,14.515041,255.052995,2.016651,1.978050
2026-06-12T18:17:53.607280,29.040895,14.520448,255.148000,2.032450,1.985006
2026-06-12T18:17:53.616228,29.051312,14.525656,255.239518,2.034385,1.986710
2026-06-12T18:17:53.629051,29.061203,14.530602,255.326424,1.889288,1.977037
2026-06-12T18:17:53.640177,29.072904,14.536452,255.429227,1.936364,1.986756
2026-06-12T18:17:53.648428,29.081836,14.540918,255.507696,2.009235,1.990856
2026-06-12T18:17:53.658050,29.092732,14.546366,255.603429,2.019230,1.991086
2026-06-12T18:17:53.667873,29.103179,14.551589,255.695213,2.030838,1.993113
2026-06-12T18:17:53.678085,29.113181,14.556590,255.783088,2.036642,1.993712
2026-06-12T18:17:53.690794,29.124267,14.562134,255.880492,2.039221,1.994402
2026-06-12T18:17:53.699506,29.133697,14.566848,255.963335,2.037609,2.015591
2026-06-12T18:17:53.708965,29.143576,14.571788,256.050136,2.039866,2.030377
2026-06-12T18:17:53.720252,29.154028,14.577014,256.141964,2.041156,2.034937
2026-06-12T18:17:53.732537,29.164701,14.582351,256.235738,2.016651,2.034569
2026-06-12T18:17:53.740218,29.175379,14.587689,256.329547,2.022454,2.033371
2026-06-12T18:17:53.753143,29.185645,14.592822,256.419743,2.035997,2.033279
2026-06-12T18:17:53.762903,29.195860,14.597930,256.509492,2.013426,2.029594
2026-06-12T18:17:53.774074,29.206444,14.603222,256.602485,2.029548,2.028443
2026-06-12T18:17:53.781824,29.216497,14.608249,256.690807,2.038254,2.028212
2026-06-12T18:17:53.794725,29.227113,14.613557,256.784078,2.030193,2.026646
2026-06-12T18:17:53.804188,29.237304,14.618652,256.873610,2.034707,2.029226
2026-06-12T18:17:53.815414,29.247617,14.623809,256.964223,2.039544,2.031667
2026-06-12T18:17:53.823437,29.258088,14.629044,257.056215,2.032128,2.031114
2026-06-12T18:17:53.832951,29.268198,14.634099,257.145035,2.011492,2.030838
2026-06-12T18:17:53.845961,29.278789,14.639394,257.238088,2.031483,2.031114
2026-06-12T18:17:53.856796,29.289194,14.644597,257.329507,2.040833,2.031483
2026-06-12T18:17:53.865849,29.299608,14.649804,257.420999,2.027291,2.031068
2026-06-12T18:17:53.874307,29.309976,14.654988,257.512096,2.033417,2.030884
2026-06-12T18:17:53.886961,29.320071,14.660036,257.600788,2.039866,2.030930
2026-06-12T18:17:53.898477,29.330870,14.665435,257.695660,2.038576,2.031851
2026-06-12T18:17:53.907410,29.341081,14.670541,257.785380,2.036642,2.035444
2026-06-12T18:17:53.916207,29.351552,14.675776,257.877371,2.040833,2.036780
2026-06-12T18:17:53.929106,29.361900,14.680950,257.968291,2.039866,2.036642
2026-06-12T18:17:53.940302,29.372885,14.686442,258.064799,2.015361,2.034937
2026-06-12T18:17:53.948895,29.383773,14.691886,258.160460,2.032450,2.034799
2026-06-12T18:17:53.957459,29.392776,14.696388,258.239559,2.038576,2.034615
2026-06-12T18:17:53.970378,29.403433,14.701717,258.333193,2.035352,2.034154
2026-06-12T18:17:53.981797,29.414080,14.707040,258.426734,2.041156,2.034799
2026-06-12T18:17:53.991009,29.424539,14.712269,258.518623,2.040189,2.034707
2026-06-12T18:17:53.999535,29.434833,14.717417,258.609069,1.977958,2.025863
2026-06-12T18:17:54.013057,29.445209,14.722604,258.700224,1.983762,2.021349
2026-06-12T18:17:54.020086,29.455847,14.727923,258.793690,2.019230,2.019460
2026-06-12T18:17:54.032902,29.465858,14.732929,258.881646,2.034062,2.018816
2026-06-12T18:17:54.040621,29.476068,14.738034,258.971350,2.037931,2.019184
2026-06-12T18:17:54.053527,29.485664,14.742832,259.055657,2.042123,2.019322
2026-06-12T18:17:54.062669,29.496814,14.748407,259.153617,1.975056,2.010018
2026-06-12T18:17:54.074173,29.507277,14.753639,259.245547,1.952163,2.006333
2026-06-12T18:17:54.082358,29.516939,14.758470,259.330435,2.011814,2.010340
2026-06-12T18:17:54.092254,29.527176,14.763588,259.420371,2.030515,2.011952
2026-06-12T18:17:54.103736,29.539292,14.769646,259.526825,1.861558,1.987309
2026-06-12T18:17:54.116775,29.549706,14.774853,259.618319,1.921532,1.970680
2026-06-12T18:17:54.123962,29.558899,14.779449,259.699082,2.003753,1.965199
2026-06-12T18:17:54.137299,29.569366,14.784683,259.791044,2.007300,1.969805
2026-06-12T18:17:54.146185,29.579808,14.789904,259.882788,2.015361,1.978833
2026-06-12T18:17:54.157375,29.589950,14.794975,259.971891,2.030838,1.981551
2026-06-12T18:17:54.165101,29.600389,14.800194,260.063606,2.033417,1.981966
2026-06-12T18:17:54.175368,29.610908,14.805454,260.156026,2.035674,2.006839
2026-06-12T18:17:54.188235,29.621353,14.810677,260.247798,2.039544,2.023698
2026-06-12T18:17:54.198981,29.631442,14.815721,260.336438,2.023744,2.026554
2026-06-12T18:17:54.208000,29.642392,14.821196,260.432636,1.990211,2.024113
2026-06-12T18:17:54.217260,29.652211,14.826106,260.518909,2.015683,2.024159
2026-06-12T18:17:54.228855,29.662282,14.831141,260.607386,2.034062,2.024619
2026-06-12T18:17:54.237277,29.672531,14.836266,260.697438,1.979893,2.016973
2026-06-12T18:17:54.248879,29.682925,14.841463,260.788756,2.012136,2.013610
2026-06-12T18:17:54.257722,29.692691,14.846345,260.874558,2.031160,2.012413
2026-06-12T18:17:54.270519,29.703313,14.851657,260.967883,2.031160,2.013472
2026-06-12T18:17:54.281841,29.714400,14.857200,261.065286,2.032128,2.019460
2026-06-12T18:17:54.291266,29.724199,14.862099,261.151380,2.037931,2.022639
2026-06-12T18:17:54.299095,29.734643,14.867322,261.243141,2.026324,2.021533
2026-06-12T18:17:54.312737,29.744914,14.872457,261.333381,2.007945,2.025541
2026-06-12T18:17:54.320817,29.755077,14.877538,261.422667,2.029226,2.027982
2026-06-12T18:17:54.332850,29.765781,14.882890,261.516710,2.038576,2.029041
2026-06-12T18:17:54.340798,29.776422,14.888211,261.610204,2.030193,2.028903
2026-06-12T18:17:54.354410,29.786928,14.893464,261.702510,2.033740,2.029134
2026-06-12T18:17:54.362472,29.796620,14.898310,261.787656,2.037287,2.029041
2026-06-12T18:17:54.373429,29.807065,14.903532,261.879424,2.002463,2.025633
2026-06-12T18:17:54.382439,29.817197,14.908598,261.968444,1.953130,2.017802
2026-06-12T18:17:54.394111,29.827302,14.913651,262.057227,2.001174,2.013795
2026-06-12T18:17:54.404083,29.839149,14.919574,262.161308,2.019875,2.011123
2026-06-12T18:17:54.415094,29.847787,14.923894,262.237206,2.024389,2.010294
2026-06-12T18:17:54.423925,29.857622,14.928811,262.323612,2.032772,2.010156
2026-06-12T18:17:54.433889,29.868264,14.934132,262.417109,2.033095,2.009557
2026-06-12T18:17:54.445354,29.879072,14.939536,262.512072,1.964738,2.004168
2026-06-12T18:17:54.454493,29.889498,14.944749,262.603667,2.012459,2.012643
2026-06-12T18:17:54.467836,29.900750,14.950375,262.702528,2.034385,2.017388
2026-06-12T18:17:54.474783,29.909819,14.954910,262.782209,2.033740,2.019368
2026-06-12T18:17:54.487330,29.920256,14.960128,262.873901,2.037287,2.021211
2026-06-12T18:17:54.495258,29.930193,14.965096,262.961204,2.039221,2.022132
2026-06-12T18:17:54.506840,29.940464,14.970232,263.051451,2.038899,2.022961
2026-06-12T18:17:54.515688,29.950419,14.975209,263.138906,2.038576,2.033509
2026-06-12T18:17:54.528441,29.960902,14.980451,263.231007,2.041156,2.037609
2026-06-12T18:17:54.537139,29.971218,14.985609,263.321648,2.042446,2.038761
2026-06-12T18:17:54.548444,29.981543,14.990771,263.412358,2.021165,2.036964
2026-06-12T18:17:54.556737,29.992077,14.996038,263.504906,1.973444,2.027844
2026-06-12T18:17:54.570147,30.002895,15.001447,263.599951,2.011169,2.023836
2026-06-12T18:17:54.578568,30.012935,15.006467,263.688163,2.030838,2.022685
2026-06-12T18:17:54.590936,30.023853,15.011927,263.784091,2.023099,2.020474
2026-06-12T18:17:54.598476,30.034153,15.017077,263.874581,2.038254,2.020059
2026-06-12T18:17:54.608456,30.043709,15.021855,263.958540,2.030515,2.018355
2026-06-12T18:17:54.621871,30.054346,15.027173,264.051993,2.017618,2.017848
2026-06-12T18:17:54.631788,30.064523,15.032261,264.141404,2.034062,2.026508
2026-06-12T18:17:54.642953,30.075106,15.037553,264.234390,2.036964,2.030193
2026-06-12T18:17:54.653348,30.085434,15.042717,264.325123,2.029548,2.030009
2026-06-12T18:17:54.663188,30.095762,15.047881,264.415866,2.033740,2.031529
2026-06-12T18:17:54.673446,30.105897,15.052949,264.504912,2.040833,2.031897
2026-06-12T18:17:54.681952,30.116194,15.058097,264.595380,2.038254,2.033003
2026-06-12T18:17:54.692205,30.126065,15.063032,264.682101,2.041478,2.036411
2026-06-12T18:17:54.703046,30.136642,15.068321,264.775028,2.041156,2.037425
2026-06-12T18:17:54.715157,30.147393,15.073697,264.869489,2.020842,2.035122
2026-06-12T18:17:54.723763,30.157059,15.078530,264.954414,2.030838,2.035306
2026-06-12T18:17:54.732740,30.167779,15.083889,265.048592,2.040511,2.036273
2026-06-12T18:17:54.741615,30.176533,15.088267,265.125509,2.037931,2.035859
2026-06-12T18:17:54.753367,30.186700,15.093350,265.214834,2.024389,2.033878
2026-06-12T18:17:54.763411,30.196818,15.098409,265.303726,2.033417,2.032726
2026-06-12T18:17:54.773441,30.207278,15.103639,265.395626,2.039866,2.032542
2026-06-12T18:17:54.783123,30.217713,15.108856,265.487303,1.945392,2.021764
2026-06-12T18:17:54.795266,30.228086,15.114043,265.578438,1.987631,2.015591
2026-06-12T18:17:54.803284,30.238872,15.119436,265.673202,2.026324,2.013564
2026-06-12T18:17:54.815182,30.249525,15.124762,265.766796,2.019875,2.010985
2026-06-12T18:17:54.824172,30.259601,15.129800,265.855322,2.031483,2.011998
2026-06-12T18:17:54.837209,30.269905,15.134953,265.945855,2.040189,2.012966
2026-06-12T18:17:54.844887,30.280344,15.140172,266.037570,2.041156,2.013150
2026-06-12T18:17:54.857462,30.290811,15.145405,266.129529,2.038899,2.026508
2026-06-12T18:17:54.866125,30.301217,15.150609,266.220956,2.042123,2.034293
2026-06-12T18:17:54.879402,30.311683,15.155841,266.312907,2.035997,2.035674
2026-06-12T18:17:54.888078,30.321673,15.160836,266.400676,2.031483,2.037333
2026-06-12T18:17:54.899255,30.331906,15.165953,266.490583,2.036964,2.038116
2026-06-12T18:17:54.907840,30.342435,15.171217,266.583088,2.040189,2.038116
2026-06-12T18:17:54.920505,30.352927,15.176464,266.675273,2.012781,2.034062
2026-06-12T18:17:54.928806,30.363109,15.181555,266.764731,2.035352,2.033556
2026-06-12T18:17:54.941092,30.373625,15.186812,266.857118,2.039866,2.033233
2026-06-12T18:17:54.948477,30.383959,15.191980,266.947917,1.996337,2.027567
2026-06-12T18:17:54.961895,30.394462,15.197231,267.040191,1.994402,2.022270
2026-06-12T18:17:54.970743,30.404807,15.202403,267.131076,2.027936,2.020980
2026-06-12T18:17:54.982445,30.415089,15.207545,267.221417,2.013426,2.017157
2026-06-12T18:17:54.992419,30.425436,15.212718,267.312317,1.859624,1.995278
2026-06-12T18:17:55.002039,30.435909,15.217954,267.404334,1.915405,1.978142
2026-06-12T18:17:55.012120,30.445938,15.222969,267.492448,1.996015,1.971878
2026-06-12T18:17:55.024456,30.456736,15.228368,267.587322,2.014394,1.974457
2026-06-12T18:17:55.031774,30.466676,15.233338,267.674651,2.027936,1.979248
2026-06-12T18:17:55.043693,30.476825,15.238413,267.763818,2.035030,1.980261
2026-06-12T18:17:55.053192,30.487447,15.243723,267.857136,2.034707,1.983301
2026-06-12T18:17:55.063017,30.497451,15.248725,267.945032,2.033740,2.008175
2026-06-12T18:17:55.073433,30.507708,15.253854,268.035149,2.042768,2.026370
2026-06-12T18:17:55.083533,30.518196,15.259098,268.127295,2.037609,2.032312
2026-06-12T18:17:55.095137,30.528526,15.264263,268.218048,2.009879,2.031667
2026-06-12T18:17:55.103912,30.538568,15.269284,268.306278,2.024389,2.031160
2026-06-12T18:17:55.115167,30.549213,15.274606,268.399802,2.036642,2.031391
2026-06-12T18:17:55.124529,30.559419,15.279709,268.489471,2.026646,2.030239
2026-06-12T18:17:55.137160,30.570204,15.285102,268.584223,2.035352,2.030469
2026-06-12T18:17:55.148482,30.580836,15.290418,268.677642,2.040511,2.030147
2026-06-12T18:17:55.157442,30.591334,15.295667,268.769868,2.030515,2.029134
2026-06-12T18:17:55.165991,30.601427,15.300713,268.858543,2.033740,2.032542
2026-06-12T18:17:55.178613,30.611564,15.305782,268.947612,2.037287,2.034385
2026-06-12T18:17:55.187466,30.621875,15.310938,269.038200,2.022454,2.032358
2026-06-12T18:17:55.200653,30.633634,15.316817,269.141509,1.979893,2.025679
2026-06-12T18:17:55.207487,30.642819,15.321409,269.222206,2.020197,2.023514
2026-06-12T18:17:55.220437,30.653171,15.326585,269.313160,2.034062,2.022593
2026-06-12T18:17:55.228971,30.663353,15.331676,269.402616,2.029871,2.022501
2026-06-12T18:17:55.241232,30.673693,15.336846,269.493458,2.037287,2.023007
2026-06-12T18:17:55.248881,30.683863,15.341931,269.582812,2.042768,2.023790
2026-06-12T18:17:55.262238,30.694567,15.347284,269.676861,2.010847,2.022132
2026-06-12T18:17:55.270586,30.704755,15.352377,269.766365,2.024712,2.028535
2026-06-12T18:17:55.282472,30.715657,15.357829,269.862155,2.038899,2.031206
2026-06-12T18:17:55.291119,30.725406,15.362703,269.947800,2.034385,2.031252
2026-06-12T18:17:55.302689,30.735223,15.367612,270.034056,2.033740,2.031805
2026-06-12T18:17:55.312759,30.745565,15.372783,270.124918,2.040189,2.032220
2026-06-12T18:17:55.321606,30.755900,15.377950,270.215717,2.039866,2.031805
2026-06-12T18:17:55.332380,30.766035,15.383017,270.304761,2.041801,2.036227
2026-06-12T18:17:55.342316,30.776448,15.388224,270.396253,2.041801,2.038668
2026-06-12T18:17:55.353549,30.787187,15.393593,270.490599,2.026324,2.036872
2026-06-12T18:17:55.365608,30.798330,15.399165,270.588497,2.019553,2.034753
2026-06-12T18:17:55.374008,30.808654,15.404327,270.679206,2.036319,2.035122
2026-06-12T18:17:55.386814,30.819084,15.409542,270.770837,2.016328,2.031713
2026-06-12T18:17:55.395452,30.829596,15.414798,270.863195,1.921532,2.014808
2026-06-12T18:17:55.406834,30.839789,15.419895,270.952754,1.961191,2.003293
2026-06-12T18:17:55.417438,30.851926,15.425963,271.059381,2.022777,2.000575
2026-06-12T18:17:55.424404,30.859643,15.429821,271.127184,2.030193,2.001128
2026-06-12T18:17:55.437291,30.869482,15.434741,271.213625,2.036642,2.003569
2026-06-12T18:17:55.445983,30.880376,15.440188,271.309339,2.039221,2.003983
2026-06-12T18:17:55.457351,30.890773,15.445386,271.400685,2.040511,2.007438
2026-06-12T18:17:55.465573,30.900966,15.450483,271.490238,2.036642,2.023882
2026-06-12T18:17:55.478613,30.911703,15.455852,271.584579,2.040189,2.035168
2026-06-12T18:17:55.487362,30.921676,15.460838,271.672195,2.041801,2.037885
2026-06-12T18:17:55.498962,30.932323,15.466162,271.765738,2.033740,2.038392
2026-06-12T18:17:55.506795,30.942429,15.471214,271.854524,2.038576,2.038668
2026-06-12T18:17:55.518080,30.953844,15.476922,271.954822,2.039866,2.038761
2026-06-12T18:17:55.532183,30.964956,15.482478,272.052445,2.016006,2.035260
2026-06-12T18:17:55.541351,30.974885,15.487443,272.139682,2.026969,2.033878
2026-06-12T18:17:55.549475,30.984457,15.492228,272.223774,2.039866,2.033832
2026-06-12T18:17:55.561958,30.995345,15.497673,272.319440,2.022777,2.031114
2026-06-12T18:17:55.570263,31.005254,15.502627,272.406494,2.013749,2.028258
2026-06-12T18:17:55.581796,31.015792,15.507896,272.499085,2.032772,2.027429
2026-06-12T18:17:55.590785,31.026084,15.513042,272.589504,2.040189,2.027475
2026-06-12T18:17:55.603618,31.036409,15.518204,272.680216,2.040833,2.031022
2026-06-12T18:17:55.612681,31.046821,15.523411,272.771700,2.043735,2.033417
2026-06-12T18:17:55.624192,31.057373,15.528687,272.864407,2.008590,2.028949
2026-06-12T18:17:55.632416,31.067890,15.533945,272.956809,1.843824,2.003385
2026-06-12T18:17:55.645367,31.078362,15.539181,273.048813,1.831894,1.977405
2026-06-12T18:17:55.653661,31.088862,15.544431,273.141063,1.979570,1.969805
2026-06-12T18:17:55.665171,31.099219,15.549609,273.232055,2.017295,1.966535
2026-06-12T18:17:55.674238,31.109564,15.554782,273.322943,2.034062,1.965567
2026-06-12T18:17:55.687209,31.120200,15.560100,273.416394,2.038576,1.964830
2026-06-12T18:17:55.698511,31.130763,15.565381,273.509192,2.036642,1.968838
2026-06-12T18:17:55.707488,31.140546,15.570273,273.595146,2.032772,1.995830
2026-06-12T18:17:55.715759,31.150836,15.575418,273.685556,2.036642,2.025080
2026-06-12T18:17:55.728555,31.161842,15.580921,273.782254,2.038899,2.033556
2026-06-12T18:17:55.737322,31.171700,15.585850,273.868859,2.026969,2.034937
2026-06-12T18:17:55.749220,31.181785,15.590892,273.957464,2.037287,2.035398
2026-06-12T18:17:55.756774,31.192089,15.596044,274.047991,2.040511,2.035674
2026-06-12T18:17:55.767344,31.202781,15.601391,274.141937,2.016328,2.032772
2026-06-12T18:17:55.779563,31.213386,15.606693,274.235111,1.947004,2.020520
2026-06-12T18:17:55.790776,31.223476,15.611738,274.323753,1.999561,2.015223
2026-06-12T18:17:55.798480,31.233919,15.616960,274.415510,2.023099,2.012966
2026-06-12T18:17:55.811948,31.244365,15.622182,274.507279,2.033095,2.013841
2026-06-12T18:17:55.820350,31.254676,15.627338,274.597874,2.040511,2.014301
2026-06-12T18:17:55.831874,31.265233,15.632616,274.690624,2.021487,2.011584
2026-06-12T18:17:55.840253,31.275593,15.637796,274.781644,1.956032,2.002970
2026-06-12T18:17:55.850080,31.285451,15.642725,274.868253,1.985697,2.008498
2026-06-12T18:17:55.862154,31.295674,15.647837,274.958075,2.022777,2.011814
2026-06-12T18:17:55.870501,31.305935,15.652968,275.048228,1.996015,2.007945
2026-06-12T18:17:55.881845,31.316618,15.658309,275.142085,1.986986,2.001358
2026-06-12T18:17:55.891237,31.326566,15.663283,275.229488,2.026001,1.999285
2026-06-12T18:17:55.903985,31.336897,15.668448,275.320250,2.034707,2.001174
2026-06-12T18:17:55.915129,31.347589,15.673794,275.414187,2.029226,2.011630
2026-06-12T18:17:55.923472,31.357692,15.678846,275.502949,2.035352,2.018723
2026-06-12T18:17:55.932453,31.367791,15.683895,275.591679,2.029871,2.019737
2026-06-12T18:17:55.945152,31.378429,15.689215,275.685148,1.800618,1.991823
2026-06-12T18:17:55.953692,31.388484,15.694242,275.773484,1.910246,1.980860
2026-06-12T18:17:55.965197,31.398819,15.699410,275.864289,1.989566,1.975655
2026-06-12T18:17:55.973439,31.408665,15.704333,275.950794,1.942812,1.962527
2026-06-12T18:17:55.986839,31.419346,15.709673,276.044632,1.975379,1.954835
2026-06-12T18:17:55.996192,31.429905,15.714952,276.137400,2.021487,1.952854
2026-06-12T18:17:56.007397,31.440232,15.720116,276.228138,2.026324,1.952347
2026-06-12T18:17:56.015147,31.450420,15.725210,276.317645,1.998272,1.980584
2026-06-12T18:17:56.028619,31.461085,15.730543,276.411348,1.995370,1.992744
2026-06-12T18:17:56.037020,31.471437,15.735719,276.502298,2.017295,1.996706
2026-06-12T18:17:56.049525,31.482452,15.741226,276.599073,2.027936,2.008866
2026-06-12T18:17:56.056829,31.492605,15.746303,276.688275,2.035352,2.017434
2026-06-12T18:17:56.070170,31.502804,15.751402,276.777879,1.987954,2.012643
2026-06-12T18:17:56.079109,31.512942,15.756471,276.866951,1.891545,1.993389
2026-06-12T18:17:56.090433,31.524260,15.762130,276.966390,1.993435,1.992698
2026-06-12T18:17:56.098673,31.533969,15.766985,277.051693,2.020842,1.996337
2026-06-12T18:17:56.108553,31.543963,15.771982,277.139500,2.026324,1.997627
2026-06-12T18:17:56.120427,31.554201,15.777100,277.229441,2.032128,1.998226
2026-06-12T18:17:56.131872,31.564704,15.782352,277.321718,2.037609,1.998548
2026-06-12T18:17:56.140232,31.574865,15.787432,277.410995,2.023099,2.003569
2026-06-12T18:17:56.149584,31.584830,15.792415,277.498547,2.029548,2.023284
2026-06-12T18:17:56.161902,31.594892,15.797446,277.586947,2.035674,2.029318
2026-06-12T18:17:56.171281,31.605810,15.802905,277.682874,2.027291,2.030239
2026-06-12T18:17:56.182735,31.616097,15.808048,277.773248,1.952163,2.019645
2026-06-12T18:17:56.191041,31.626429,15.813214,277.864024,1.959579,2.009281
2026-06-12T18:17:56.203740,31.636614,15.818307,277.953515,2.005688,2.004720
2026-06-12T18:17:56.211731,31.647153,15.823576,278.046103,2.007945,2.002556
2026-06-12T18:17:56.223455,31.657698,15.828849,278.138755,2.022454,2.001542
2026-06-12T18:17:56.232226,31.667429,15.833715,278.224248,2.034707,2.001404
2026-06-12T18:17:56.245516,31.678219,15.839109,278.319041,1.980538,1.994725
2026-06-12T18:17:56.256227,31.688694,15.844347,278.411075,1.975056,1.997995
2026-06-12T18:17:56.265137,31.699842,15.849921,278.509022,2.020520,2.006701
2026-06-12T18:17:56.274087,31.709099,15.854549,278.590350,1.996660,2.005411
2026-06-12T18:17:56.286573,31.719465,15.859732,278.681421,1.897994,1.989704
2026-06-12T18:17:56.296142,31.729825,15.864913,278.772449,1.989888,1.985052
2026-06-12T18:17:56.307473,31.739936,15.869968,278.861282,2.019553,1.982887
2026-06-12T18:17:56.315221,31.750213,15.875106,278.951567,2.031160,1.990119
2026-06-12T18:17:56.328491,31.760575,15.880287,279.042605,2.035674,1.998778
2026-06-12T18:17:56.337632,31.770880,15.885440,279.133149,2.039221,2.001450
2026-06-12T18:17:56.349318,31.781394,15.890697,279.225523,2.018263,2.004536
2026-06-12T18:17:56.356868,31.791583,15.895792,279.315043,2.029226,2.023284
2026-06-12T18:17:56.366790,31.802072,15.901036,279.407194,2.036642,2.029963
2026-06-12T18:17:56.379133,31.812454,15.906227,279.498410,2.027613,2.031114
2026-06-12T18:17:56.390111,31.822896,15.911448,279.590146,2.025356,2.030285
2026-06-12T18:17:56.398414,31.833445,15.916723,279.682833,2.034062,2.030055
2026-06-12T18:17:56.408216,31.843506,15.921753,279.771225,2.037609,2.029824
2026-06-12T18:17:56.420797,31.853462,15.926731,279.858694,2.020842,2.030193
2026-06-12T18:17:56.431830,31.864174,15.932087,279.952807,2.033740,2.030838
2026-06-12T18:17:56.440623,31.874337,15.937169,280.042101,2.036964,2.030884
2026-06-12T18:17:56.449184,31.884477,15.942238,280.131187,2.033417,2.031713
2026-06-12T18:17:56.462094,31.894957,15.947478,280.223262,2.034062,2.032957
2026-06-12T18:17:56.470931,31.905213,15.952606,280.313372,2.039866,2.033786
2026-06-12T18:17:56.481790,31.915937,15.957969,280.407594,2.013749,2.030377
2026-06-12T18:17:56.490931,31.926337,15.963168,280.498963,1.999884,2.027383
2026-06-12T18:17:56.503841,31.936790,15.968395,280.590804,2.031160,2.027015
2026-06-12T18:17:56.511634,31.946985,15.973493,280.680377,2.037931,2.027153
2026-06-12T18:17:56.523400,31.957289,15.978645,280.770904,2.027291,2.026278
2026-06-12T18:17:56.532400,31.967238,15.983619,280.858309,2.035352,2.026462
2026-06-12T18:17:56.545672,31.977836,15.988918,280.951429,2.031805,2.025310
2026-06-12T18:17:56.554020,31.987878,15.993939,281.039649,1.989566,2.021856
2026-06-12T18:17:56.565104,31.998365,15.999182,281.131785,2.017940,2.024435
2026-06-12T18:17:56.574106,32.008527,16.004264,281.221073,2.036319,2.025172
2026-06-12T18:17:56.586339,32.019075,16.009538,281.313747,2.030515,2.024113
2026-06-12T18:17:56.595240,32.029570,16.014785,281.405946,2.032128,2.024804
2026-06-12T18:17:56.606787,32.040093,16.020047,281.498404,2.035674,2.024850
2026-06-12T18:17:56.615009,32.050684,16.025342,281.591453,2.018908,2.023007
2026-06-12T18:17:56.628446,32.061091,16.030545,281.682884,1.798038,1.995646
2026-06-12T18:17:56.637151,32.071303,16.035652,281.772610,1.891545,1.977590
2026-06-12T18:17:56.648447,32.082218,16.041109,281.868507,1.998272,1.972154
2026-06-12T18:17:56.656761,32.092340,16.046170,281.957439,2.019230,1.970542
2026-06-12T18:17:56.670100,32.102304,16.051152,282.044979,2.030838,1.970358
2026-06-12T18:17:56.679216,32.112546,16.056273,282.134962,2.039221,1.970865
2026-06-12T18:17:56.690719,32.122788,16.061394,282.224950,2.038899,1.973720
2026-06-12T18:17:56.698487,32.133416,16.066708,282.318325,2.039866,2.008267
2026-06-12T18:17:56.708143,32.143917,16.071958,282.410581,2.043090,2.029917
2026-06-12T18:17:56.721282,32.153825,16.076913,282.497633,2.012459,2.031943
2026-06-12T18:17:56.731877,32.163957,16.081979,282.586652,2.016973,2.031621
2026-06-12T18:17:56.740246,32.174434,16.087217,282.678698,2.033417,2.031989
2026-06-12T18:17:56.749154,32.184627,16.092313,282.768251,2.023099,2.029686
2026-06-12T18:17:56.762123,32.194867,16.097433,282.858216,1.990856,2.022823
2026-06-12T18:17:56.769851,32.205477,16.102739,282.951441,2.030515,2.021487
2026-06-12T18:17:56.781875,32.215825,16.107913,283.042356,2.023422,2.018677
2026-06-12T18:17:56.790798,32.226103,16.113051,283.132653,2.006010,2.017756
2026-06-12T18:17:56.804233,32.236369,16.118185,283.222851,2.029226,2.019506
2026-06-12T18:17:56.812351,32.246815,16.123407,283.314622,2.037931,2.020151
2026-06-12T18:17:56.823457,32.257385,16.128692,283.407488,2.037609,2.022224
2026-06-12T18:17:56.831911,32.267692,16.133846,283.498047,2.037287,2.028857
2026-06-12T18:17:56.845452,32.278225,16.139113,283.590589,2.041156,2.030377
2026-06-12T18:17:56.854148,32.288085,16.144043,283.677219,2.035030,2.032035
2026-06-12T18:17:56.865243,32.298376,16.149188,283.767630,1.950873,2.024159
2026-06-12T18:17:56.873498,32.308605,16.154303,283.857505,2.009557,2.021349
2026-06-12T18:17:56.886834,32.318902,16.159451,283.947968,2.029548,2.020151
2026-06-12T18:17:56.895540,32.329598,16.164799,284.041944,2.028581,2.018862
2026-06-12T18:17:56.907162,32.339833,16.169917,284.131866,2.037931,2.018954
2026-06-12T18:17:56.915132,32.349253,16.174626,284.214625,2.038576,2.018585
2026-06-12T18:17:56.924499,32.359520,16.179760,284.304828,2.026646,2.017388
2026-06-12T18:17:56.937320,32.370538,16.185269,284.401636,2.036319,2.029594
2026-06-12T18:17:56.945070,32.380179,16.190089,284.486334,2.039221,2.033832
2026-06-12T18:17:56.956792,32.390570,16.195285,284.577627,2.037609,2.034983
2026-06-12T18:17:56.965752,32.400600,16.200300,284.665749,2.041156,2.036780
2026-06-12T18:17:56.978615,32.411395,16.205698,284.760599,2.044703,2.037747
2026-06-12T18:17:56.987182,32.421688,16.210844,284.851029,2.029226,2.036411
2026-06-12T18:17:56.998418,32.432234,16.216117,284.943685,1.981183,2.029917
2026-06-12T18:17:57.006769,32.441395,16.220698,285.024169,2.003431,2.025218
2026-06-12T18:17:57.017154,32.451792,16.225896,285.115513,2.029548,2.023836
2026-06-12T18:17:57.031722,32.464173,16.232087,285.224297,1.989888,2.017019
2026-06-12T18:17:57.040044,32.472659,16.236330,285.298850,2.020520,2.014071
2026-06-12T18:17:57.048445,32.483515,16.241757,285.394226,2.036642,2.012920
2026-06-12T18:17:57.058355,32.493438,16.246719,285.481411,2.033740,2.013564
2026-06-12T18:17:57.070620,32.504165,16.252083,285.575657,2.034062,2.021119
2026-06-12T18:17:57.078563,32.513595,16.256797,285.658502,2.037287,2.025955
2026-06-12T18:17:57.090904,32.524181,16.262090,285.751511,2.040189,2.027475
2026-06-12T18:17:57.099170,32.534325,16.267163,285.840639,2.037609,2.034293
2026-06-12T18:17:57.112578,32.544740,16.272370,285.932143,2.039544,2.037010
2026-06-12T18:17:57.121777,32.555092,16.277546,286.023093,2.040833,2.037609
2026-06-12T18:17:57.131981,32.566492,16.283246,286.123249,1.949584,2.025587
2026-06-12T18:17:57.142744,32.576830,16.288415,286.214074,1.918630,2.009096
2026-06-12T18:17:57.154122,32.586615,16.293308,286.300050,2.005688,2.004582
2026-06-12T18:17:57.165111,32.597473,16.298737,286.395444,2.015038,2.000989
2026-06-12T18:17:57.175845,32.608055,16.304028,286.488414,2.027291,1.999515
2026-06-12T18:17:57.182924,32.617669,16.308835,286.572883,2.036642,1.999101
2026-06-12T18:17:57.195248,32.628086,16.314043,286.664404,2.028258,1.997304
2026-06-12T18:17:57.203771,32.638597,16.319298,286.756748,2.029871,2.008774
2026-06-12T18:17:57.215680,32.648905,16.324453,286.847318,2.037609,2.025771
2026-06-12T18:17:57.224458,32.659321,16.329661,286.938829,2.016973,2.027383
2026-06-12T18:17:57.236822,32.669415,16.334708,287.027514,1.973766,2.021487
2026-06-12T18:17:57.245605,32.679441,16.339721,287.115598,2.011169,2.019184
2026-06-12T18:17:57.257482,32.690206,16.345103,287.210175,2.034707,2.018908
2026-06-12T18:17:57.265699,32.699885,16.349943,287.295219,2.034385,2.019783
2026-06-12T18:17:57.274964,32.710319,16.355159,287.386884,2.034707,2.020474
2026-06-12T18:17:57.287119,32.721202,16.360601,287.482505,2.039221,2.020704
2026-06-12T18:17:57.298982,32.731418,16.365709,287.572262,2.035997,2.023422
2026-06-12T18:17:57.307550,32.741885,16.370942,287.664217,2.029226,2.031345
2026-06-12T18:17:57.318544,32.752036,16.376018,287.753405,2.040511,2.035536
2026-06-12T18:17:57.329248,32.761823,16.380911,287.839387,2.039221,2.036181
2026-06-12T18:17:57.337351,32.772594,16.386297,287.934022,1.949906,2.024113
2026-06-12T18:17:57.349235,32.783047,16.391523,288.025857,2.002141,2.019460
2026-06-12T18:17:57.358348,32.793035,16.396517,288.113614,2.027291,2.017756
2026-06-12T18:17:57.370538,32.803512,16.401756,288.205661,2.016328,2.014946
2026-06-12T18:17:57.381726,32.814046,16.407023,288.298210,2.035030,2.015775
2026-06-12T18:17:57.390725,32.824845,16.412423,288.393093,2.039866,2.015683
2026-06-12T18:17:57.399508,32.834703,16.417352,288.479705,2.033417,2.014854
2026-06-12T18:17:57.412880,32.845862,16.422931,288.577746,2.039221,2.027613
2026-06-12T18:17:57.423425,32.856439,16.428220,288.670672,2.039866,2.033003
2026-06-12T18:17:57.433011,32.865769,16.432884,288.752640,2.038254,2.034569
2026-06-12T18:17:57.441252,32.876503,16.438251,288.846947,2.039221,2.037839
2026-06-12T18:17:57.454492,32.887215,16.443607,288.941059,2.043735,2.039083
2026-06-12T18:17:57.462169,32.897083,16.448542,289.027761,1.997627,2.033049
2026-06-12T18:17:57.473739,32.907492,16.453746,289.119209,1.972477,2.024343
2026-06-12T18:17:57.482642,32.917412,16.458706,289.206365,2.020197,2.021625
2026-06-12T18:17:57.495232,32.927759,16.463879,289.297273,2.036319,2.021119
2026-06-12T18:17:57.504467,32.937911,16.468956,289.386471,2.022132,2.018816
2026-06-12T18:17:57.515106,32.948464,16.474232,289.479183,2.024067,2.016651
2026-06-12T18:17:57.523433,32.958445,16.479222,289.566874,2.036319,2.015591
2026-06-12T18:17:57.534117,32.968675,16.484337,289.656755,1.915083,2.003799
2026-06-12T18:17:57.545108,32.979294,16.489647,289.750047,1.765794,1.974273
2026-06-12T18:17:57.554588,32.989184,16.494592,289.836947,1.886064,1.955111
2026-06-12T18:17:57.565122,32.999586,16.499793,289.928330,1.985697,1.947879
2026-06-12T18:17:57.574536,33.009706,16.504853,290.017246,2.022454,1.947925
2026-06-12T18:17:57.587431,33.020535,16.510267,290.112384,2.034707,1.949445
2026-06-12T18:17:57.595116,33.030578,16.515289,290.200624,2.037287,1.949584
2026-06-12T18:17:57.607646,33.041226,16.520613,290.294172,2.001496,1.961928
2026-06-12T18:17:57.615783,33.050923,16.525462,290.379371,2.018908,1.998087
2026-06-12T18:17:57.628548,33.061435,16.530717,290.471724,2.035997,2.019506
2026-06-12T18:17:57.639670,33.073020,16.536510,290.573512,1.995370,2.020888
2026-06-12T18:17:57.649229,33.082692,16.541346,290.658486,2.000206,2.017710
2026-06-12T18:17:57.657074,33.092607,16.546304,290.745600,2.031160,2.017203
2026-06-12T18:17:57.671147,33.103286,16.551643,290.839425,2.021810,2.014992
2026-06-12T18:17:57.678963,33.113175,16.556588,290.926308,2.027613,2.018723
2026-06-12T18:17:57.691276,33.123689,16.561844,291.018676,2.039544,2.021671
2026-06-12T18:17:57.698897,33.133761,16.566880,291.107167,2.041801,2.022501
2026-06-12T18:17:57.708735,33.143958,16.571979,291.196760,2.037287,2.028489
2026-06-12T18:17:57.720676,33.154671,16.577335,291.290882,2.040833,2.034293
2026-06-12T18:17:57.732414,33.164832,16.582416,291.380158,2.045025,2.036273
2026-06-12T18:17:57.742753,33.174846,16.587423,291.468138,1.997304,2.032772
2026-06-12T18:17:57.749999,33.184827,16.592413,291.555822,1.976024,2.025402
2026-06-12T18:17:57.762606,33.194927,16.597463,291.644562,2.022132,2.022915
2026-06-12T18:17:57.770462,33.205946,16.602973,291.741378,2.021165,2.019967
2026-06-12T18:17:57.782610,33.216054,16.608027,291.830185,1.996660,2.014163
2026-06-12T18:17:57.791618,33.226336,16.613168,291.920522,2.029871,2.012597
2026-06-12T18:17:57.803811,33.237464,16.618732,292.018288,2.038899,2.011722
2026-06-12T18:17:57.815143,33.248230,16.624115,292.112870,2.036642,2.017342
2026-06-12T18:17:57.823467,33.258299,16.629150,292.201339,2.039866,2.026462
2026-06-12T18:17:57.833915,33.268628,16.634314,292.292084,2.044058,2.029594
2026-06-12T18:17:57.845272,33.279355,16.639678,292.386336,2.031483,2.031068
2026-06-12T18:17:57.854558,33.289237,16.644619,292.473155,2.039544,2.037194
2026-06-12T18:17:57.865103,33.299650,16.649825,292.564642,2.042446,2.038991
2026-06-12T18:17:57.874493,33.309192,16.654596,292.648472,2.041156,2.039313
2026-06-12T18:17:57.887385,33.319799,16.659899,292.741663,2.039544,2.039728
2026-06-12T18:17:57.898415,33.331261,16.665630,292.842369,2.041156,2.039912
2026-06-12T18:17:57.907355,33.340371,16.670185,292.922404,2.041478,2.039544
2026-06-12T18:17:57.915565,33.350276,16.675138,293.009429,2.035352,2.040096
2026-06-12T18:17:57.925022,33.360080,16.680040,293.095570,2.039221,2.040050
2026-06-12T18:17:57.937122,33.370869,16.685434,293.190358,2.042768,2.040096
2026-06-12T18:17:57.948456,33.381107,16.690553,293.280303,1.938621,2.025449
2026-06-12T18:17:57.956781,33.391711,16.695856,293.373476,1.919275,2.008267
2026-06-12T18:17:57.969685,33.402469,16.701235,293.467993,2.004076,2.002970
2026-06-12T18:17:57.978918,33.412840,16.706420,293.559103,2.027613,2.000989
2026-06-12T18:17:57.990592,33.423095,16.711547,293.649206,2.024067,1.999377
2026-06-12T18:17:57.998504,33.433635,16.716818,293.741811,2.032772,1.998456
2026-06-12T18:17:58.008014,33.443658,16.721829,293.829871,2.037609,1.997719
2026-06-12T18:17:58.020395,33.453544,16.726772,293.916725,2.029871,2.010755
2026-06-12T18:17:58.028516,33.463365,16.731683,294.003013,2.036642,2.027521
2026-06-12T18:17:58.040215,33.474274,16.737137,294.098854,2.034707,2.031897
2026-06-12T18:17:58.049222,33.484163,16.742082,294.185738,2.024067,2.031391
2026-06-12T18:17:58.062235,33.494540,16.747270,294.276912,2.030193,2.032266
2026-06-12T18:17:58.070220,33.505175,16.752588,294.370347,2.039544,2.033233
2026-06-12T18:17:58.081856,33.515668,16.757834,294.462538,1.983762,2.025541
2026-06-12T18:17:58.090889,33.526192,16.763096,294.554994,2.000529,2.021349
2026-06-12T18:17:58.103704,33.536427,16.768214,294.644922,2.027613,2.020059
2026-06-12T18:17:58.112256,33.547335,16.773668,294.740760,2.029871,2.019368
2026-06-12T18:17:58.123439,33.557795,16.778898,294.832655,2.007945,2.017065
2026-06-12T18:17:58.132607,33.567658,16.783829,294.919308,2.032772,2.017434
2026-06-12T18:17:58.144790,33.577615,16.788808,295.006791,2.007945,2.012920
2026-06-12T18:17:58.154300,33.588718,16.794359,295.104340,1.970865,2.011077
2026-06-12T18:17:58.165234,33.598665,16.799332,295.191729,2.010524,2.012505
2026-06-12T18:17:58.174703,33.608647,16.804324,295.279432,2.033095,2.013288
2026-06-12T18:17:58.186178,33.618614,16.809307,295.367001,2.021165,2.012044
2026-06-12T18:17:58.195043,33.629189,16.814594,295.459910,1.974734,2.007300
2026-06-12T18:17:58.206751,33.639768,16.819884,295.552853,2.020197,2.005504
2026-06-12T18:17:58.215118,33.649810,16.824905,295.641079,2.032450,2.009004
2026-06-12T18:17:58.227788,33.660093,16.830046,295.731426,2.024712,2.016697
2026-06-12T18:17:58.236990,33.670649,16.835324,295.824168,2.042768,2.021303
2026-06-12T18:17:58.248450,33.680687,16.840344,295.912363,1.967640,2.011952
2026-06-12T18:17:58.256804,33.691388,16.845694,296.006383,1.792879,1.979340
2026-06-12T18:17:58.266150,33.701675,16.850838,296.096763,1.872844,1.964784
2026-06-12T18:17:58.278645,33.712076,16.856038,296.188143,1.996660,1.961422
2026-06-12T18:17:58.290103,33.722529,16.861265,296.279979,2.022777,1.960040
2026-06-12T18:17:58.298468,33.733225,16.866612,296.373950,2.027936,1.960500
2026-06-12T18:17:58.307874,33.743339,16.871670,296.462814,2.038899,1.959948
2026-06-12T18:17:58.320261,33.753797,16.876898,296.554693,2.026646,1.968377
2026-06-12T18:17:58.331763,33.763961,16.881980,296.643991,2.029548,2.002187
2026-06-12T18:17:58.340103,33.774447,16.887223,296.736118,2.042123,2.026370
2026-06-12T18:17:58.349329,33.784791,16.892395,296.827001,2.042768,2.032957
2026-06-12T18:17:58.361930,33.794805,16.897402,296.914980,2.031483,2.034200
2026-06-12T18:17:58.369813,33.805345,16.902673,297.007585,2.038899,2.035767
2026-06-12T18:17:58.381760,33.815587,16.907794,297.097571,2.040511,2.035997
2026-06-12T18:17:58.390099,33.825683,16.912841,297.186268,2.015361,2.034385
2026-06-12T18:17:58.400506,33.835776,16.917888,297.274950,2.023744,2.033556
2026-06-12T18:17:58.412007,33.846179,16.923090,297.366348,2.036964,2.032819
2026-06-12T18:17:58.423440,33.856184,16.928092,297.454249,2.014071,2.028719
2026-06-12T18:17:58.432018,33.866709,16.933355,297.546720,2.022454,2.027429
2026-06-12T18:17:58.441809,33.877095,16.938548,297.637970,2.033095,2.026600
2026-06-12T18:17:58.454904,33.887402,16.943701,297.728520,2.033740,2.025633
2026-06-12T18:17:58.462236,33.897599,16.948799,297.818110,2.033740,2.028258
2026-06-12T18:17:58.473464,33.907810,16.953905,297.907821,2.037931,2.030285
2026-06-12T18:17:58.486099,33.918423,16.959212,298.001071,2.035030,2.030009
2026-06-12T18:17:58.495147,33.928584,16.964292,298.090342,2.021810,2.031114
2026-06-12T18:17:58.504130,33.939761,16.969881,298.188541,2.028581,2.031989
2026-06-12T18:17:58.515394,33.949628,16.974814,298.275231,2.023422,2.030608
2026-06-12T18:17:58.524060,33.959545,16.979773,298.362361,1.964416,2.020704
2026-06-12T18:17:58.537147,33.969649,16.984825,298.451130,1.999884,2.015868
2026-06-12T18:17:58.546169,33.979651,16.989826,298.539009,2.025356,2.014071
2026-06-12T18:17:58.556740,33.989766,16.994883,298.627872,2.023744,2.012459
2026-06-12T18:17:58.565625,34.000496,17.000248,298.722142,2.026646,2.013150
2026-06-12T18:17:58.575404,34.010548,17.005274,298.810462,2.035030,2.014071
2026-06-12T18:17:58.587519,34.020619,17.010309,298.898939,2.025679,2.014394
2026-06-12T18:17:58.598810,34.031401,17.015701,298.993672,1.982472,2.016973
2026-06-12T18:17:58.606830,34.041381,17.020691,299.081354,2.018263,2.019599
2026-06-12T18:17:58.616797,34.051903,17.025951,299.173798,2.033417,2.020750
2026-06-12T18:17:58.629076,34.062657,17.031328,299.268280,2.021487,2.020428
2026-06-12T18:17:58.640840,34.073295,17.036648,299.361747,2.031483,2.021119
2026-06-12T18:17:58.648704,34.084349,17.042175,299.458866,2.036642,2.021349
2026-06-12T18:17:58.661775,34.094237,17.047119,299.545738,2.030838,2.022086
2026-06-12T18:17:58.670280,34.104688,17.052344,299.637556,1.985697,2.022547
2026-06-12T18:17:58.682609,34.115083,17.057541,299.728884,2.022777,2.023191
2026-06-12T18:17:58.690587,34.125472,17.062736,299.820164,2.020520,2.021349
2026-06-12T18:17:58.699965,34.135315,17.067658,299.906642,1.948616,2.010939
2026-06-12T18:17:58.712907,34.145674,17.072837,299.997652,2.003753,2.006978
2026-06-12T18:17:58.723778,34.156714,17.078357,300.094648,2.031805,2.006287
2026-06-12T18:17:58.731770,34.166073,17.083037,300.176876,2.029226,2.006056
2026-06-12T18:17:58.740708,34.176088,17.088044,300.264868,2.038254,2.013564
2026-06-12T18:17:58.754125,34.186811,17.093405,300.359073,2.045670,2.016835
2026-06-12T18:17:58.765082,34.197421,17.098710,300.452288,2.041801,2.019875
2026-06-12T18:17:58.774033,34.208227,17.104113,300.547229,2.045348,2.033694
2026-06-12T18:17:58.782618,34.217805,17.108903,300.631386,2.046315,2.039774
2026-06-12T18:17:58.795693,34.228335,17.114167,300.723897,2.020197,2.038116
2026-06-12T18:17:58.802982,34.238438,17.119219,300.812662,2.034707,2.038899
2026-06-12T18:17:58.815108,34.249221,17.124610,300.907395,2.047282,2.040189
2026-06-12T18:17:58.823705,34.258943,17.129471,300.992812,2.032128,2.038254
2026-06-12T18:17:58.837563,34.270251,17.135125,301.092163,2.023744,2.035674
2026-06-12T18:17:58.844703,34.279282,17.139641,301.171507,2.039866,2.034891
2026-06-12T18:17:58.857295,34.290035,17.145017,301.265981,2.046315,2.034891
2026-06-12T18:17:58.865530,34.300292,17.150146,301.356097,2.026969,2.035859
2026-06-12T18:17:58.875349,34.310619,17.155310,301.446832,2.021487,2.033970
2026-06-12T18:17:58.887562,34.321417,17.160708,301.541695,2.037931,2.032634
2026-06-12T18:17:58.898390,34.332071,17.166036,301.635305,1.997949,2.027752
2026-06-12T18:17:58.907483,34.342197,17.171099,301.724271,2.018908,2.027061
2026-06-12T18:17:58.917136,34.352407,17.176203,301.813970,2.036964,2.026646
2026-06-12T18:17:58.929360,34.364528,17.182264,301.920461,2.032450,2.024665
2026-06-12T18:17:58.941214,34.374428,17.187214,302.007448,2.028903,2.024942
2026-06-12T18:17:58.949460,34.384236,17.192118,302.093618,2.040511,2.027660
2026-06-12T18:17:58.962008,34.394503,17.197252,302.183822,2.028581,2.026324
2026-06-12T18:17:58.970758,34.404562,17.202281,302.272200,2.024067,2.030055
2026-06-12T18:17:58.982133,34.416055,17.208028,302.373175,2.034062,2.032220
2026-06-12T18:17:58.990632,34.425757,17.212879,302.458414,2.006333,2.027844
2026-06-12T18:17:59.000969,34.435771,17.217885,302.546391,1.926691,2.012735
2026-06-12T18:17:59.013435,34.446064,17.223032,302.636824,1.999239,2.008498
2026-06-12T18:17:59.023407,34.456796,17.228398,302.731110,2.027291,2.006609
2026-06-12T18:17:59.032546,34.467074,17.233537,302.821412,2.029226,2.006701
2026-06-12T18:17:59.041954,34.477206,17.238603,302.910432,2.026324,2.007024
2026-06-12T18:17:59.055225,34.487651,17.243825,303.002198,2.032128,2.006747
2026-06-12T18:17:59.065082,34.498270,17.249135,303.095497,2.027936,2.009833
2026-06-12T18:17:59.074231,34.508212,17.254106,303.182844,2.027291,2.024205
2026-06-12T18:17:59.083403,34.518650,17.259325,303.274555,2.031483,2.028811
2026-06-12T18:17:59.095657,34.529080,17.264540,303.366191,2.033740,2.029732
2026-06-12T18:17:59.106721,34.538907,17.269453,303.452524,2.016328,2.027890
2026-06-12T18:17:59.115404,34.549983,17.274991,303.549838,2.027936,2.028120
2026-06-12T18:17:59.125295,34.560069,17.280035,303.638452,2.032772,2.028212
2026-06-12T18:17:59.136943,34.570337,17.285169,303.728668,2.027291,2.028120
2026-06-12T18:17:59.148431,34.580722,17.290361,303.819908,1.984084,2.021948
2026-06-12T18:17:59.157439,34.591317,17.295658,303.912990,2.026324,2.021211
2026-06-12T18:17:59.170091,34.602206,17.301103,304.008663,2.035030,2.021395
2026-06-12T18:17:59.178612,34.612327,17.306163,304.097581,2.023744,2.022454
2026-06-12T18:17:59.192675,34.624872,17.312436,304.207802,2.024712,2.021994
2026-06-12T18:17:59.199366,34.633602,17.316801,304.284500,1.992468,2.016236
2026-06-12T18:17:59.207800,34.642951,17.321476,304.366639,1.898961,1.997903
2026-06-12T18:17:59.221373,34.653673,17.326837,304.460843,2.006010,2.001035
2026-06-12T18:17:59.232893,34.665085,17.332543,304.561104,2.038899,2.002832
2026-06-12T18:17:59.241356,34.674681,17.337341,304.645415,2.039544,2.003477
2026-06-12T18:17:59.249200,34.684525,17.342262,304.731897,2.042768,2.006194
2026-06-12T18:17:59.262901,34.695076,17.347538,304.824603,2.046960,2.009373
2026-06-12T18:17:59.273402,34.705723,17.352862,304.918145,2.027291,2.014347
2026-06-12T18:17:59.282799,34.716202,17.358101,305.010207,2.026646,2.032588
2026-06-12T18:17:59.290996,34.726322,17.363161,305.099119,2.043090,2.037885
2026-06-12T18:17:59.303955,34.737589,17.368795,305.198112,2.018263,2.034937
2026-06-12T18:17:59.315084,34.747609,17.373805,305.286147,1.947649,2.021810
2026-06-12T18:17:59.323772,34.757622,17.378811,305.374114,2.011814,2.017388
2026-06-12T18:17:59.333354,34.767786,17.383893,305.463413,2.033417,2.015453
2026-06-12T18:17:59.345925,34.778350,17.389175,305.556233,2.030515,2.015914
2026-06-12T18:17:59.356750,34.790179,17.395090,305.660158,2.039866,2.017802
2026-06-12T18:17:59.365037,34.799415,17.399708,305.741306,2.041801,2.017618
2026-06-12T18:17:59.374957,34.810223,17.405112,305.836261,2.011492,2.016651
2026-06-12T18:17:59.388051,34.820414,17.410207,305.925797,1.970542,2.019921
2026-06-12T18:17:59.398365,34.831055,17.415528,306.019289,2.015683,2.020474
2026-06-12T18:17:59.407297,34.840589,17.420294,306.103047,2.017940,2.018263
2026-06-12T18:17:59.416084,34.851237,17.425618,306.196599,2.007300,2.014946
2026-06-12T18:17:59.428921,34.861698,17.430849,306.288511,2.026646,2.013058
2026-06-12T18:17:59.440074,34.872746,17.436373,306.385577,2.016006,2.009373
2026-06-12T18:17:59.448455,34.883040,17.441520,306.476014,2.011814,2.009419
2026-06-12T18:17:59.458366,34.893483,17.446741,306.567765,2.026969,2.017480
2026-06-12T18:17:59.470768,34.904298,17.452149,306.662788,1.997304,2.014854
2026-06-12T18:17:59.482435,34.914775,17.457387,306.754830,1.961191,2.006747
2026-06-12T18:17:59.491434,34.925079,17.462540,306.845365,2.006655,2.006655
2026-06-12T18:17:59.499964,34.935430,17.467715,306.936304,2.026324,2.006609
2026-06-12T18:17:59.513368,34.945865,17.472933,307.027985,2.026324,2.008083
2026-06-12T18:17:59.523800,34.956612,17.478306,307.122405,2.031483,2.010893
2026-06-12T18:17:59.532667,34.966312,17.483156,307.207630,2.035352,2.012090
2026-06-12T18:17:59.540850,34.976692,17.488346,307.298825,2.028258,2.016512
2026-06-12T18:17:59.554193,34.986698,17.493349,307.386736,2.035030,2.027061
2026-06-12T18:17:59.562732,34.996905,17.498452,307.476411,2.039221,2.031713
2026-06-12T18:17:59.573395,35.007492,17.503746,307.569428,2.016651,2.030331
2026-06-12T18:17:59.583014,35.017408,17.508704,307.656553,1.883806,2.009972
2026-06-12T18:17:59.595588,35.028087,17.514044,307.750374,1.958612,1.999561
2026-06-12T18:17:59.603784,35.038418,17.519209,307.841141,2.015038,1.996660
2026-06-12T18:17:59.615107,35.048569,17.524284,307.930322,2.020520,1.995554
2026-06-12T18:17:59.624578,35.058429,17.529214,308.016951,2.019875,1.993389
2026-06-12T18:17:59.633346,35.068757,17.534379,308.107694,2.032450,1.992422
2026-06-12T18:17:59.645587,35.079318,17.539659,308.200477,2.006978,1.991040
2026-06-12T18:17:59.656475,35.089225,17.544613,308.287521,2.013104,2.009511
2026-06-12T18:17:59.665124,35.099793,17.549896,308.380366,2.030515,2.019783
2026-06-12T18:17:59.674269,35.110063,17.555032,308.470599,2.023422,2.020980
2026-06-12T18:17:59.687361,35.120206,17.560103,308.559713,2.023099,2.021349
2026-06-12T18:17:59.698967,35.131270,17.565635,308.656922,2.034062,2.023376
2026-06-12T18:17:59.707439,35.140818,17.570409,308.740804,2.033417,2.023514
2026-06-12T18:17:59.715415,35.151313,17.575656,308.833012,2.030838,2.026923
2026-06-12T18:17:59.728628,35.161458,17.580729,308.922145,2.032772,2.029732
2026-06-12T18:17:59.736973,35.171901,17.585951,309.013899,2.036964,2.030654
2026-06-12T18:17:59.748781,35.183352,17.591676,309.114506,2.035674,2.032404
2026-06-12T18:17:59.757487,35.192775,17.596387,309.197289,2.036319,2.034293
2026-06-12T18:17:59.770267,35.202774,17.601387,309.285139,2.040511,2.035214
2026-06-12T18:17:59.779566,35.214011,17.607005,309.383864,1.999884,2.030423
2026-06-12T18:17:59.791905,35.224796,17.612398,309.478626,1.901218,2.011906
2026-06-12T18:17:59.799931,35.234411,17.617205,309.563096,1.986986,2.005365
2026-06-12T18:17:59.811922,35.244864,17.622432,309.654933,1.995692,1.999469
2026-06-12T18:17:59.820187,35.255451,17.627725,309.747946,2.010847,1.995923
2026-06-12T18:17:59.832900,35.265494,17.632747,309.836189,2.029871,1.995001
2026-06-12T18:17:59.842074,35.275223,17.637611,309.921664,2.035352,1.994264
2026-06-12T18:17:59.853498,35.286508,17.643254,310.020808,1.934752,1.984960
2026-06-12T18:17:59.862585,35.296276,17.648138,310.106636,1.854787,1.978327
2026-06-12T18:17:59.873437,35.306957,17.653479,310.200474,1.985697,1.978142
2026-06-12T18:17:59.882602,35.317417,17.658709,310.292377,2.021810,1.981873
2026-06-12T18:17:59.895149,35.327433,17.663717,310.380374,2.007622,1.981413
2026-06-12T18:17:59.904168,35.337910,17.668955,310.472418,2.005043,1.977866
2026-06-12T18:17:59.915105,35.349206,17.674603,310.571666,2.029548,1.977037
2026-06-12T18:17:59.924462,35.358407,17.679204,310.652508,2.032128,1.990948
2026-06-12T18:17:59.933335,35.368685,17.684342,310.742801,2.033740,2.016512
2026-06-12T18:17:59.945899,35.378895,17.689448,310.832508,2.037609,2.023928
2026-06-12T18:17:59.956746,35.389520,17.694760,310.925857,1.998917,2.020658
2026-06-12T18:17:59.965072,35.399450,17.699725,311.013102,2.020520,2.022501
2026-06-12T18:17:59.974510,35.409881,17.704940,311.104741,2.036319,2.026969
2026-06-12T18:17:59.987353,35.420899,17.710449,311.201547,2.036642,2.027982
2026-06-12T18:17:59.995156,35.430552,17.715276,311.286357,2.038576,2.028903
2026-06-12T18:18:00.007474,35.441672,17.720836,311.384053,2.038899,2.029640
2026-06-12T18:18:00.015852,35.451166,17.725583,311.467464,2.035030,2.029272
2026-06-12T18:18:00.028696,35.460851,17.730426,311.552562,1.970542,2.025218
2026-06-12T18:18:00.037185,35.471734,17.735867,311.648170,2.000529,2.022362
2026-06-12T18:18:00.048410,35.481885,17.740943,311.737361,2.028903,2.021303
2026-06-12T18:18:00.057371,35.492080,17.746040,311.826928,2.019875,2.018908
2026-06-12T18:18:00.070524,35.502816,17.751408,311.921254,1.987309,2.011584
2026-06-12T18:18:00.079033,35.512874,17.756437,312.009625,2.023744,2.009419
2026-06-12T18:18:00.091135,35.523675,17.761838,312.104520,1.929915,1.994402
2026-06-12T18:18:00.098873,35.533916,17.766958,312.194493,1.958934,1.992744
2026-06-12T18:18:00.108400,35.543561,17.771780,312.279229,2.011492,1.994310
2026-06-12T18:18:00.120422,35.554073,17.777037,312.371590,1.959579,1.984407
2026-06-12T18:18:00.132932,35.565141,17.782570,312.468829,1.987309,1.979755
2026-06-12T18:18:00.140638,35.575120,17.787560,312.556505,2.023422,1.984914
2026-06-12T18:18:00.150011,35.585361,17.792680,312.646480,2.032450,1.986157
2026-06-12T18:18:00.162107,35.595245,17.797622,312.733318,2.035674,2.001266
2026-06-12T18:18:00.173409,35.606181,17.803090,312.829398,2.040833,2.012966
2026-06-12T18:18:00.183845,35.616162,17.808081,312.917096,2.027613,2.015269
2026-06-12T18:18:00.191635,35.626715,17.813357,313.009808,1.948616,2.013703
2026-06-12T18:18:00.204185,35.637423,17.818711,313.103883,1.995047,2.014808
2026-06-12T18:18:00.212615,35.647320,17.823660,313.190840,2.025034,2.015038
2026-06-12T18:18:00.224525,35.658047,17.829023,313.285082,1.991501,2.009189
2026-06-12T18:18:00.233496,35.668602,17.834301,313.377823,1.980860,2.001358
2026-06-12T18:18:00.246955,35.679191,17.839596,313.470855,2.020520,1.998456
2026-06-12T18:18:00.257542,35.690342,17.845171,313.568821,2.015683,1.996752
2026-06-12T18:18:00.265067,35.699846,17.849923,313.652322,2.021487,2.007162
2026-06-12T18:18:00.274983,35.709859,17.854929,313.740296,2.031483,2.012367
2026-06-12T18:18:00.287355,35.720783,17.860392,313.836275,2.017295,2.011261
2026-06-12T18:18:00.298444,35.730649,17.865325,313.922958,1.846404,1.990533
2026-06-12T18:18:00.307325,35.741289,17.870645,314.016437,1.896059,1.978419
2026-06-12T18:18:00.315364,35.750654,17.875327,314.098714,1.991823,1.974319
2026-06-12T18:18:00.328931,35.761165,17.880582,314.191059,2.015038,1.974227
2026-06-12T18:18:00.337691,35.771657,17.885828,314.283238,2.027936,1.975148
2026-06-12T18:18:00.348430,35.781651,17.890826,314.371051,2.033417,1.975425
2026-06-12T18:18:00.357942,35.791647,17.895824,314.458874,2.021810,1.976070
2026-06-12T18:18:00.370262,35.802814,17.901407,314.556980,2.021810,2.001128
2026-06-12T18:18:00.378493,35.811912,17.905956,314.636918,2.032450,2.020612
2026-06-12T18:18:00.390100,35.823759,17.911880,314.741005,2.035352,2.026830
2026-06-12T18:18:00.398267,35.833714,17.916857,314.828467,2.032128,2.029272
2026-06-12T18:18:00.408815,35.843769,17.921884,314.916805,2.033417,2.030055
2026-06-12T18:18:00.423383,35.856268,17.928134,315.026622,2.033417,2.030055
2026-06-12T18:18:00.432383,35.864516,17.932258,315.099085,1.972154,2.022961
2026-06-12T18:18:00.440498,35.874834,17.937417,315.189739,2.006333,2.020750
2026-06-12T18:18:00.450341,35.885512,17.942756,315.283548,2.028903,2.020243
2026-06-12T18:18:00.462646,35.896284,17.948142,315.378191,2.014394,2.017249
2026-06-12T18:18:00.473547,35.906938,17.953469,315.471793,2.016328,2.014992
2026-06-12T18:18:00.482545,35.917088,17.958544,315.560970,2.031805,2.014762
2026-06-12T18:18:00.495092,35.927981,17.963991,315.656677,2.029548,2.014209
2026-06-12T18:18:00.503536,35.938201,17.969101,315.746468,1.950873,2.011169
2026-06-12T18:18:00.515051,35.948375,17.974188,315.835857,1.970865,2.006102
2026-06-12T18:18:00.524025,35.958433,17.979217,315.924226,2.018585,2.004628
2026-06-12T18:18:00.533356,35.968657,17.984328,316.014048,2.030515,2.006931
2026-06-12T18:18:00.546050,35.978937,17.989468,316.104367,2.033095,2.009327
2026-06-12T18:18:00.554243,35.988905,17.994452,316.191940,2.039221,2.010386
2026-06-12T18:18:00.566258,36.000329,18.000164,316.292309,2.004076,2.006747
2026-06-12T18:18:00.574477,36.009436,18.004718,316.372327,2.014394,2.015821
2026-06-12T18:18:00.584538,36.019217,18.009609,316.458262,2.033417,2.024758
2026-06-12T18:18:00.595070,36.029799,18.014899,316.551229,2.036964,2.027383
2026-06-12T18:18:00.607488,36.040460,18.020230,316.644896,2.034707,2.027982
2026-06-12T18:18:00.615675,36.050417,18.025208,316.732373,2.042123,2.029272
2026-06-12T18:18:00.625508,36.060154,18.030077,316.817925,2.039866,2.029364
2026-06-12T18:18:00.637262,36.070413,18.035207,316.908062,1.927980,2.018493
2026-06-12T18:18:00.648846,36.081030,18.040515,317.001334,1.903153,2.002602
2026-06-12T18:18:00.658896,36.091168,18.045584,317.090407,2.004076,1.998410
2026-06-12T18:18:00.667069,36.101737,18.050869,317.183268,2.017295,1.995600
2026-06-12T18:18:00.679075,36.111774,18.055887,317.271453,2.011814,1.992330
2026-06-12T18:18:00.690108,36.122816,18.061408,317.368459,2.030193,1.990625
2026-06-12T18:18:00.699081,36.132927,18.066463,317.457295,2.038254,1.990395
2026-06-12T18:18:00.707490,36.142967,18.071483,317.545501,1.974089,1.996982
2026-06-12T18:18:00.720878,36.153782,18.076891,317.640523,1.955710,2.004490
2026-06-12T18:18:00.731737,36.163909,18.081954,317.729496,2.007945,2.005043
2026-06-12T18:18:00.741339,36.174204,18.087102,317.819948,1.947327,1.995047
2026-06-12T18:18:00.749122,36.184651,18.092325,317.911729,1.980860,1.990625
2026-06-12T18:18:00.762902,36.195065,18.097533,318.003229,2.020197,1.989197
2026-06-12T18:18:00.769585,36.204895,18.102447,318.089589,2.011492,1.985374
2026-06-12T18:18:00.782900,36.215559,18.107779,318.183282,2.017940,1.991639
2026-06-12T18:18:00.790646,36.225418,18.112709,318.269904,2.033095,2.002694
2026-06-12T18:18:00.803616,36.235778,18.117889,318.360924,1.973766,1.997811
2026-06-12T18:18:00.813144,36.247235,18.123618,318.461588,1.988276,2.003661
2026-06-12T18:18:00.824977,36.257134,18.128567,318.548551,2.019875,2.009235
2026-06-12T18:18:00.833772,36.266502,18.133251,318.630864,2.029871,2.010616
2026-06-12T18:18:00.841502,36.276708,18.138354,318.720524,2.031483,2.013472
2026-06-12T18:18:00.854255,36.287214,18.143607,318.812834,2.035030,2.015914
2026-06-12T18:18:00.865432,36.297507,18.148753,318.903261,2.020842,2.014163
2026-06-12T18:18:00.873907,36.307502,18.153751,318.991081,1.922499,2.006839
2026-06-12T18:18:00.883649,36.318191,18.159095,319.084988,1.993758,2.007622
2026-06-12T18:18:00.895307,36.328865,18.164432,319.178769,2.021165,2.007807
2026-06-12T18:18:00.904199,36.338357,18.169179,319.262168,2.019553,2.006333
2026-06-12T18:18:00.915454,36.349258,18.174629,319.357944,2.030193,2.006148
2026-06-12T18:18:00.925054,36.359690,18.179845,319.449596,2.033740,2.005964
2026-06-12T18:18:00.936734,36.370203,18.185101,319.541958,2.027936,2.006978
2026-06-12T18:18:00.946050,36.380536,18.190268,319.632739,2.021165,2.021073
2026-06-12T18:18:00.957203,36.390556,18.195278,319.720779,2.030838,2.026370
2026-06-12T18:18:00.968680,36.401528,18.200764,319.817175,2.030193,2.027660
2026-06-12T18:18:00.975996,36.411247,18.205623,319.902562,1.996015,2.024297
2026-06-12T18:18:00.987876,36.421248,18.210624,319.990435,1.994080,2.019138
2026-06-12T18:18:00.999307,36.432414,18.216207,320.088530,2.016651,2.016697
2026-06-12T18:18:01.007206,36.442036,18.221018,320.173071,1.885741,1.996383
2026-06-12T18:18:01.017059,36.451795,18.225897,320.258809,1.887998,1.977359
2026-06-12T18:18:01.029252,36.462506,18.231253,320.352915,1.993435,1.972016
2026-06-12T18:18:01.037770,36.472826,18.236413,320.443589,2.017618,1.970220
2026-06-12T18:18:01.050692,36.483667,18.241833,320.538830,2.023099,1.974089
2026-06-12T18:18:01.061751,36.494155,18.247077,320.630977,2.032450,1.979570
2026-06-12T18:18:01.072412,36.504696,18.252348,320.723591,2.027291,1.981090
2026-06-12T18:18:01.082685,36.515305,18.257652,320.816797,2.020520,2.000345
2026-06-12T18:18:01.090666,36.525312,18.262656,320.904719,2.031160,2.020796
2026-06-12T18:18:01.103464,36.535715,18.267858,320.996118,2.033740,2.026554
2026-06-12T18:18:01.111749,36.546071,18.273035,321.087099,1.983117,2.021625
2026-06-12T18:18:01.123435,36.556400,18.278200,321.177852,2.019875,2.021165
2026-06-12T18:18:01.131736,36.566432,18.283216,321.265995,2.035352,2.021579
2026-06-12T18:18:01.141733,36.576564,18.288282,321.355013,2.002141,2.017986
2026-06-12T18:18:01.153587,36.586876,18.293438,321.445607,1.972477,2.011123
2026-06-12T18:18:01.165072,36.597547,18.298774,321.539364,2.020520,2.009603
2026-06-12T18:18:01.173383,36.607672,18.303836,321.628314,2.037609,2.010156
2026-06-12T18:18:01.184693,36.617295,18.308648,321.712864,2.016328,2.014900
2026-06-12T18:18:01.195122,36.627331,18.313666,321.801041,1.919597,2.000575
2026-06-12T18:18:01.205048,36.638259,18.319129,321.897049,1.948939,1.988230
2026-06-12T18:18:01.215559,36.648078,18.324039,321.983321,1.990856,1.986618
2026-06-12T18:18:01.223884,36.658726,18.329363,322.076866,2.017618,1.993067
2026-06-12T18:18:01.234352,36.668801,18.334401,322.165389,2.035030,1.995139
2026-06-12T18:18:01.246298,36.679456,18.339728,322.258998,2.026324,1.993527
2026-06-12T18:18:01.257234,36.689520,18.344760,322.347423,2.028903,1.995324
2026-06-12T18:18:01.265601,36.700054,18.350027,322.439971,2.037931,2.012229
2026-06-12T18:18:01.275008,36.710527,18.355264,322.531984,1.971187,2.015407
2026-06-12T18:18:01.287459,36.720899,18.360450,322.623111,1.867040,1.997719
2026-06-12T18:18:01.298878,36.731132,18.365566,322.713014,1.974734,1.991593
2026-06-12T18:18:01.307226,36.741206,18.370603,322.801523,2.018263,1.989197
2026-06-12T18:18:01.316024,36.751604,18.375802,322.892875,2.007622,1.986526
2026-06-12T18:18:01.329017,36.761732,18.380866,322.981860,2.004076,1.982979
2026-06-12T18:18:01.340044,36.772446,18.386223,323.075994,2.029226,1.981735
2026-06-12T18:18:01.349097,36.782832,18.391416,323.167241,2.014716,1.987954
2026-06-12T18:18:01.360198,36.793050,18.396525,323.257018,1.959902,2.001220
2026-06-12T18:18:01.370288,36.803489,18.401744,323.348729,2.008590,2.006056
2026-06-12T18:18:01.381756,36.813882,18.406941,323.440038,2.021165,2.006471
2026-06-12T18:18:01.390041,36.823835,18.411917,323.527486,1.952808,1.998640
2026-06-12T18:18:01.399022,36.833844,18.416922,323.615423,2.006010,1.998917
2026-06-12T18:18:01.409383,36.844227,18.422113,323.706643,2.028258,1.998778
2026-06-12T18:18:01.420629,36.854610,18.427305,323.797874,2.031805,2.001220
2026-06-12T18:18:01.432197,36.865060,18.432530,323.889678,2.034707,2.011906
2026-06-12T18:18:01.441329,36.875229,18.437615,323.979026,2.036642,2.015914
2026-06-12T18:18:01.453826,36.886391,18.443196,324.077094,2.030838,2.017295
2026-06-12T18:18:01.462615,36.896298,18.448149,324.164132,2.035997,2.029180
2026-06-12T18:18:01.473382,36.907067,18.453534,324.258752,2.038254,2.033786
2026-06-12T18:18:01.483013,36.917551,18.458775,324.350857,1.897349,2.015084
2026-06-12T18:18:01.495079,36.927383,18.463691,324.437236,1.908312,1.997443
2026-06-12T18:18:01.504409,36.937564,18.468782,324.526687,2.000206,1.992514
2026-06-12T18:18:01.515469,36.948203,18.474101,324.620159,2.024389,1.990764
2026-06-12T18:18:01.524146,36.958322,18.479161,324.709067,2.033740,1.991178
2026-06-12T18:18:01.532971,36.968188,18.484094,324.795749,2.038576,1.991547
2026-06-12T18:18:01.545819,36.978681,18.489340,324.887934,2.014071,1.988092
2026-06-12T18:18:01.554285,36.988644,18.494322,324.975470,1.968607,1.998272
2026-06-12T18:18:01.565093,36.999442,18.499721,325.070341,2.016006,2.013657
2026-06-12T18:18:01.574372,37.009625,18.504812,325.159801,2.029226,2.017802
2026-06-12T18:18:01.587363,37.020487,18.510244,325.255239,2.028581,2.018401
2026-06-12T18:18:01.595909,37.030392,18.515196,325.342255,2.035674,2.018677
2026-06-12T18:18:01.607412,37.041109,18.520555,325.436417,2.035674,2.018263
2026-06-12T18:18:01.615376,37.051058,18.525529,325.523828,2.026969,2.020105
2026-06-12T18:18:01.628935,37.061069,18.530534,325.611780,2.030515,2.028949
2026-06-12T18:18:01.637540,37.071466,18.535733,325.703125,2.035030,2.031667
2026-06-12T18:18:01.648918,37.082346,18.541173,325.798718,2.033417,2.032266
2026-06-12T18:18:01.657453,37.092212,18.546106,325.885396,2.028258,2.032220
2026-06-12T18:18:01.670116,37.102609,18.551305,325.976744,2.033417,2.031897
2026-06-12T18:18:01.678442,37.113317,18.556658,326.070818,2.031805,2.031345
2026-06-12T18:18:01.690799,37.123184,18.561592,326.157510,2.017940,2.030055
2026-06-12T18:18:01.698532,37.133821,18.566911,326.250967,2.025034,2.029272
2026-06-12T18:18:01.708345,37.143645,18.571823,326.337283,2.030193,2.028581
2026-06-12T18:18:01.720329,37.153862,18.576931,326.427039,1.989566,2.022316
2026-06-12T18:18:01.732372,37.164624,18.582312,326.521599,2.010524,2.019783
2026-06-12T18:18:01.741040,37.175241,18.587621,326.614878,2.027936,2.019000
2026-06-12T18:18:01.749400,37.184767,18.592383,326.698567,2.026324,2.018217
2026-06-12T18:18:01.762626,37.194788,18.597394,326.786609,2.029548,2.019875
2026-06-12T18:18:01.770989,37.205539,18.602770,326.881072,2.032450,2.020934
2026-06-12T18:18:01.784284,37.216660,18.608330,326.978773,2.033740,2.021441
2026-06-12T18:18:01.792837,37.226419,18.613210,327.064520,2.032450,2.027567
2026-06-12T18:18:01.801162,37.236186,18.618093,327.150324,2.034062,2.030930
2026-06-12T18:18:01.812757,37.246417,18.623209,327.240215,2.035997,2.032082
2026-06-12T18:18:01.823708,37.257945,18.628972,327.341497,2.009557,2.029686
2026-06-12T18:18:01.833094,37.266814,18.633407,327.419422,1.992145,2.024343
2026-06-12T18:18:01.842186,37.277056,18.638528,327.509406,2.021165,2.022731
2026-06-12T18:18:01.854175,37.288078,18.644039,327.606241,2.025679,2.021579
2026-06-12T18:18:01.865095,37.298474,18.649237,327.697575,2.025034,2.020520
2026-06-12T18:18:01.873418,37.308655,18.654328,327.787029,2.032450,2.020290
2026-06-12T18:18:01.885921,37.318657,18.659329,327.874904,2.034707,2.020105
2026-06-12T18:18:01.895721,37.328675,18.664337,327.962915,1.993758,2.017848
2026-06-12T18:18:01.907273,37.339433,18.669717,328.057437,1.996660,2.018493
2026-06-12T18:18:01.915699,37.350233,18.675117,328.152324,2.026001,2.019184
2026-06-12T18:18:01.925533,37.360485,18.680243,328.242396,2.018908,2.018217
2026-06-12T18:18:01.937285,37.370347,18.685173,328.329038,2.019553,2.017434
2026-06-12T18:18:01.948381,37.380771,18.690386,328.420626,2.032772,2.017480
2026-06-12T18:18:01.957001,37.390930,18.695465,328.509880,2.027613,2.016466
2026-06-12T18:18:01.966152,37.401809,18.700905,328.605461,2.026001,2.021073
2026-06-12T18:18:01.978541,37.412549,18.706274,328.699817,2.033417,2.026324
2026-06-12T18:18:01.990689,37.423092,18.711546,328.792445,2.002141,2.022915
2026-06-12T18:18:01.998419,37.433083,18.716542,328.880230,1.784818,1.989474
2026-06-12T18:18:02.007803,37.443207,18.721603,328.969172,1.812548,1.959902
2026-06-12T18:18:02.020739,37.454129,18.727064,329.065133,1.973766,1.951472
2026-06-12T18:18:02.032345,37.464823,18.732411,329.159088,1.987954,1.945807
2026-06-12T18:18:02.043562,37.476255,18.738128,329.259532,1.991501,1.940878
2026-06-12T18:18:02.053922,37.486108,18.743054,329.346097,2.017940,1.938667
2026-06-12T18:18:02.061784,37.496627,18.748313,329.438513,2.025034,1.941937
2026-06-12T18:18:02.074038,37.507279,18.753640,329.532103,1.962159,1.967272
2026-06-12T18:18:02.082572,37.517794,18.758897,329.624485,1.968285,1.989520
2026-06-12T18:18:02.095723,37.528441,18.764221,329.718027,2.009557,1.994633
2026-06-12T18:18:02.103301,37.538206,18.769103,329.803819,2.023422,1.999700
2026-06-12T18:18:02.115384,37.548782,18.774391,329.896736,2.031805,2.005457
2026-06-12T18:18:02.123837,37.559059,18.779530,329.987031,2.024067,2.006333
2026-06-12T18:18:02.137168,37.569311,18.784656,330.077104,1.986019,2.000759
2026-06-12T18:18:02.145350,37.580186,18.790093,330.172645,2.018908,2.008866
2026-06-12T18:18:02.157206,37.590165,18.795083,330.260321,2.030193,2.017710
2026-06-12T18:18:02.165029,37.600044,18.800022,330.347116,2.029226,2.020520
2026-06-12T18:18:02.175092,37.610588,18.805294,330.439754,2.034707,2.022132
2026-06-12T18:18:02.188024,37.621421,18.810711,330.534933,2.035997,2.022731
2026-06-12T18:18:02.195569,37.630259,18.815130,330.612582,1.987309,2.017480
2026-06-12T18:18:02.206678,37.641032,18.820516,330.707228,2.012781,2.021303
2026-06-12T18:18:02.216582,37.651585,18.825792,330.799943,2.033095,2.023330
2026-06-12T18:18:02.228973,37.661700,18.830850,330.888815,2.016651,2.021395
2026-06-12T18:18:02.237448,37.672525,18.836263,330.983924,2.006010,2.018079
2026-06-12T18:18:02.248388,37.682909,18.841454,331.075153,2.027613,2.017065
2026-06-12T18:18:02.261305,37.693597,18.846798,331.169055,1.966673,2.007162
2026-06-12T18:18:02.270684,37.703554,18.851777,331.256537,1.819964,1.983255
2026-06-12T18:18:02.282236,37.715192,18.857596,331.358783,1.966028,1.976576
2026-06-12T18:18:02.291035,37.724594,18.862297,331.441387,2.017295,1.974319
2026-06-12T18:18:02.299995,37.734796,18.867398,331.531021,2.015683,1.974181
2026-06-12T18:18:02.313450,37.745883,18.872942,331.628434,2.030838,1.977728
2026-06-12T18:18:02.323953,37.756403,18.878201,331.720858,2.036964,1.979064
2026-06-12T18:18:02.332800,37.766657,18.883329,331.810950,2.040189,1.989566
2026-06-12T18:18:02.341528,37.776922,18.888461,331.901132,2.041478,2.021211
2026-06-12T18:18:02.354427,37.787217,18.893608,331.991583,2.044703,2.032450
2026-06-12T18:18:02.361850,37.797527,18.898764,332.082169,2.026646,2.033786
2026-06-12T18:18:02.373415,37.807935,18.903967,332.173607,2.004720,2.032220
2026-06-12T18:18:02.382671,37.818104,18.909052,332.262951,2.023099,2.031114
2026-06-12T18:18:02.395651,37.828620,18.914310,332.355347,2.034385,2.030746
2026-06-12T18:18:02.408029,37.840746,18.920373,332.461880,2.005365,2.025771
2026-06-12T18:18:02.415975,37.849257,18.924628,332.536656,2.029226,2.024021
2026-06-12T18:18:02.425780,37.860431,18.930215,332.634829,2.036964,2.022915
2026-06-12T18:18:02.436910,37.870572,18.935286,332.723925,2.032450,2.023744
2026-06-12T18:18:02.448371,37.881573,18.940787,332.820581,2.021810,2.026186
2026-06-12T18:18:02.457481,37.892084,18.946042,332.912927,2.034707,2.027844
2026-06-12T18:18:02.470130,37.902612,18.951306,333.005426,1.971509,2.018862
2026-06-12T18:18:02.479121,37.912925,18.956463,333.096035,1.966028,2.013242
2026-06-12T18:18:02.490124,37.923378,18.961689,333.187867,2.017295,2.011538
2026-06-12T18:18:02.498662,37.933616,18.966808,333.277818,2.031483,2.010755
2026-06-12T18:18:02.513037,37.945223,18.972611,333.379794,2.033095,2.010847
2026-06-12T18:18:02.520104,37.954399,18.977199,333.460411,2.037287,2.013058
2026-06-12T18:18:02.532551,37.965372,18.982686,333.556826,2.038254,2.013564
2026-06-12T18:18:02.540130,37.975438,18.987719,333.645256,2.037609,2.023007
2026-06-12T18:18:02.550005,37.985189,18.992594,333.730929,2.038576,2.033371
2026-06-12T18:18:02.563033,37.995235,18.997617,333.819190,2.041156,2.036780
2026-06-12T18:18:02.573390,38.006397,19.003198,333.917257,2.027291,2.036181
2026-06-12T18:18:02.582330,38.016279,19.008139,334.004078,2.028258,2.035490
2026-06-12T18:18:02.591252,38.026929,19.013465,334.097654,2.036642,2.035398
2026-06-12T18:18:02.604435,38.036970,19.018485,334.185865,2.021810,2.033049
2026-06-12T18:18:02.615656,38.048081,19.024040,334.283484,2.006333,2.028581
2026-06-12T18:18:02.624061,38.057622,19.028811,334.367313,2.028903,2.027199
2026-06-12T18:18:02.632728,38.067892,19.033946,334.457540,2.023744,2.024712
2026-06-12T18:18:02.645861,38.078238,19.039119,334.548444,1.990211,2.019414
2026-06-12T18:18:02.654518,38.088609,19.044305,334.639561,2.022132,2.018539
2026-06-12T18:18:02.665549,38.099172,19.049586,334.732360,2.025679,2.016973
2026-06-12T18:18:02.674949,38.110191,19.055096,334.829177,1.890900,1.998272
2026-06-12T18:18:02.687238,38.120547,19.060273,334.920157,1.951841,1.990487
2026-06-12T18:18:02.695369,38.130851,19.065426,335.010693,2.013104,1.988230
2026-06-12T18:18:02.707474,38.141073,19.070536,335.100498,2.026969,1.988691
2026-06-12T18:18:02.716079,38.151429,19.075715,335.191489,2.027936,1.994080
2026-06-12T18:18:02.728666,38.161904,19.080952,335.283515,2.032772,1.995600
2026-06-12T18:18:02.740400,38.172917,19.086458,335.380272,2.034385,1.996844
2026-06-12T18:18:02.748701,38.182778,19.091389,335.466909,2.021487,2.015499
2026-06-12T18:18:02.757299,38.192597,19.096299,335.553179,2.032772,2.027061
2026-06-12T18:18:02.770898,38.203070,19.101535,335.645195,2.035030,2.030193
2026-06-12T18:18:02.779098,38.213416,19.106708,335.736091,1.976346,2.022961
2026-06-12T18:18:02.790536,38.223933,19.111967,335.828492,1.985374,2.016881
2026-06-12T18:18:02.798817,38.233761,19.116881,335.914841,2.022132,2.015361
2026-06-12T18:18:02.808689,38.244064,19.122032,336.005359,2.028258,2.014486
2026-06-12T18:18:02.820479,38.255085,19.127542,336.102184,2.029548,2.015637
2026-06-12T18:18:02.831695,38.265482,19.132741,336.193535,2.035997,2.016098
2026-06-12T18:18:02.840779,38.275322,19.137661,336.279989,2.032772,2.015775
2026-06-12T18:18:02.849855,38.285207,19.142604,336.366836,2.031160,2.023606
2026-06-12T18:18:02.862639,38.296200,19.148100,336.463419,2.033417,2.030469
2026-06-12T18:18:02.873459,38.306464,19.153232,336.553593,2.019553,2.030101
2026-06-12T18:18:02.882818,38.316538,19.158269,336.642106,1.984084,2.023790
2026-06-12T18:18:02.891669,38.326942,19.163471,336.733510,2.022454,2.022777
2026-06-12T18:18:02.904061,38.337282,19.168641,336.824351,2.031160,2.022086
2026-06-12T18:18:02.915546,38.347912,19.173956,336.917745,1.963126,2.012136
2026-06-12T18:18:02.923689,38.358334,19.179167,337.009312,1.956032,2.001404
2026-06-12T18:18:02.935938,38.368323,19.184162,337.097076,2.007622,1.997719
2026-06-12T18:18:02.946323,38.378863,19.189432,337.189679,1.994725,1.994172
2026-06-12T18:18:02.956831,38.388917,19.194458,337.278009,1.974089,1.992744
2026-06-12T18:18:02.965578,38.399082,19.199541,337.367317,2.018908,1.992238
2026-06-12T18:18:02.973762,38.410071,19.205035,337.463865,2.018263,1.990395
2026-06-12T18:18:02.987360,38.419935,19.209967,337.550528,1.957000,1.989520
2026-06-12T18:18:02.995746,38.430071,19.215036,337.639584,1.966995,1.991086
2026-06-12T18:18:03.007410,38.440182,19.220091,337.728415,2.011492,1.991639
2026-06-12T18:18:03.017219,38.449781,19.224891,337.812755,2.000851,1.992514
2026-06-12T18:18:03.025574,38.460860,19.230430,337.910089,2.021487,1.999285
2026-06-12T18:18:03.037393,38.470711,19.235356,337.996640,2.033417,2.001358
2026-06-12T18:18:03.045824,38.480710,19.240355,338.084487,2.022132,2.001911
2026-06-12T18:18:03.057226,38.491336,19.245668,338.177842,2.029871,2.012321
2026-06-12T18:18:03.068552,38.501362,19.250681,338.265928,2.034385,2.021948
2026-06-12T18:18:03.078535,38.511591,19.255795,338.355802,1.915728,2.008267
2026-06-12T18:18:03.090581,38.522860,19.261430,338.454806,1.695181,1.964600
2026-06-12T18:18:03.098852,38.532624,19.266312,338.540597,1.902185,1.947557
2026-06-12T18:18:03.107840,38.542844,19.271422,338.630388,1.995047,1.942075
2026-06-12T18:18:03.120638,38.553251,19.276626,338.721821,2.017618,1.941431
2026-06-12T18:18:03.128450,38.563615,19.281808,338.812879,2.027291,1.941062
2026-06-12T18:18:03.140036,38.574337,19.287168,338.907075,2.033095,1.940878
2026-06-12T18:18:03.149122,38.584549,19.292274,338.996796,1.948616,1.945576
2026-06-12T18:18:03.162079,38.594950,19.297475,339.088176,1.967640,1.984499
2026-06-12T18:18:03.171328,38.605500,19.302750,339.180873,2.018263,2.001082
2026-06-12T18:18:03.182834,38.616097,19.308049,339.273977,2.019875,2.004628
2026-06-12T18:18:03.190509,38.626076,19.313038,339.361643,1.994402,2.001312
2026-06-12T18:18:03.200649,38.636247,19.318123,339.451003,2.023099,2.000713
2026-06-12T18:18:03.212237,38.646766,19.323383,339.543426,2.033417,2.000759
2026-06-12T18:18:03.223392,38.657331,19.328666,339.636248,2.015038,2.010248
2026-06-12T18:18:03.234592,38.667624,19.333812,339.726681,2.031160,2.019322
2026-06-12T18:18:03.245091,38.677417,19.338709,339.812723,2.036964,2.021994
2026-06-12T18:18:03.254327,38.688417,19.344209,339.909365,1.999561,2.019092
2026-06-12T18:18:03.265100,38.698778,19.349389,340.000390,2.013426,2.021810
2026-06-12T18:18:03.274619,38.709196,19.354598,340.091922,2.032772,2.023191
2026-06-12T18:18:03.286841,38.719825,19.359912,340.185305,2.023744,2.021810
2026-06-12T18:18:03.295879,38.729829,19.364915,340.273203,2.003431,2.020151
2026-06-12T18:18:03.307302,38.740663,19.370331,340.368382,2.028581,2.019783
2026-06-12T18:18:03.315037,38.749892,19.374946,340.449471,2.031805,2.019046
2026-06-12T18:18:03.324910,38.759898,19.379949,340.537382,1.957967,2.013104
2026-06-12T18:18:03.338358,38.770846,19.385423,340.633566,2.000206,2.011215
2026-06-12T18:18:03.348762,38.781086,19.390543,340.723536,2.027936,2.010524
2026-06-12T18:18:03.357326,38.791614,19.395807,340.816030,2.015683,2.009373
2026-06-12T18:18:03.366448,38.801619,19.400810,340.903936,2.030193,2.013196
2026-06-12T18:18:03.378731,38.812416,19.406208,340.998796,2.038576,2.014624
2026-06-12T18:18:03.390629,38.823083,19.411541,341.092510,2.022454,2.013288
2026-06-12T18:18:03.399123,38.833812,19.416906,341.186778,1.983762,2.016973
2026-06-12T18:18:03.410330,38.843706,19.421853,341.273704,2.019875,2.019783
2026-06-12T18:18:03.420363,38.854047,19.427023,341.364557,2.033740,2.020612
2026-06-12T18:18:03.431714,38.864329,19.432165,341.454896,2.032772,2.023053
2026-06-12T18:18:03.440091,38.874411,19.437205,341.543471,2.037287,2.024067
2026-06-12T18:18:03.449313,38.884824,19.442412,341.634961,2.029226,2.022731
2026-06-12T18:18:03.461445,38.894763,19.447382,341.722283,1.858656,1.999331
2026-06-12T18:18:03.470457,38.905243,19.452622,341.814358,1.858334,1.981413
2026-06-12T18:18:03.481800,38.916400,19.458200,341.912382,1.990211,1.977175
2026-06-12T18:18:03.491693,38.926304,19.463152,341.999393,2.012459,1.974135
2026-06-12T18:18:03.503543,38.936916,19.468458,342.092632,2.030838,1.973859
2026-06-12T18:18:03.512770,38.947513,19.473756,342.185730,2.037609,1.973905
2026-06-12T18:18:03.523855,38.957979,19.478990,342.277689,2.027936,1.973720
2026-06-12T18:18:03.533429,38.968083,19.484041,342.366454,2.034385,1.998824
2026-06-12T18:18:03.545618,38.978686,19.489343,342.459611,2.035674,2.024159
2026-06-12T18:18:03.557270,38.990904,19.495452,342.566957,2.031160,2.030009
2026-06-12T18:18:03.565562,38.999079,19.499539,342.638781,2.035674,2.033325
2026-06-12T18:18:03.574369,39.009490,19.504745,342.730250,2.041478,2.034845
2026-06-12T18:18:03.587222,39.019338,19.509669,342.816772,2.035352,2.034523
2026-06-12T18:18:03.595184,39.030755,19.515378,342.917085,2.029548,2.034753
2026-06-12T18:18:03.607435,39.040901,19.520451,343.006224,2.035674,2.034937
2026-06-12T18:18:03.615486,39.050774,19.525387,343.092963,2.035997,2.034983
2026-06-12T18:18:03.628204,39.061445,19.530723,343.186722,2.019875,2.033371
2026-06-12T18:18:03.637459,39.071889,19.535945,343.278479,2.031160,2.032726
2026-06-12T18:18:03.648379,39.082079,19.541039,343.368005,2.037287,2.032128
2026-06-12T18:18:03.657359,39.092793,19.546396,343.462136,2.000851,2.027199
2026-06-12T18:18:03.670262,39.103077,19.551538,343.552488,1.987309,2.021165
2026-06-12T18:18:03.679764,39.114088,19.557044,343.649229,2.027613,2.020013
2026-06-12T18:18:03.692135,39.124851,19.562425,343.743789,2.025356,2.018493
2026-06-12T18:18:03.698357,39.133684,19.566842,343.821401,2.003753,2.016190
2026-06-12T18:18:03.708775,39.144076,19.572038,343.912699,2.027936,2.015729
2026-06-12T18:18:03.721823,39.154807,19.577404,344.006985,2.036964,2.015683
2026-06-12T18:18:03.732339,39.165601,19.582800,344.101811,2.032128,2.020151
2026-06-12T18:18:03.741129,39.175743,19.587872,344.190922,2.034062,2.026830
2026-06-12T18:18:03.753382,39.186851,19.593425,344.288511,2.038899,2.028443
2026-06-12T18:18:03.762899,39.196314,19.598157,344.371657,2.016328,2.027153
2026-06-12T18:18:03.773874,39.207414,19.603707,344.469172,2.023744,2.030009
2026-06-12T18:18:03.783018,39.217653,19.608826,344.559132,2.035352,2.031068
2026-06-12T18:18:03.795222,39.228189,19.614095,344.651704,2.032772,2.030469
2026-06-12T18:18:03.807756,39.240067,19.620034,344.756062,2.026001,2.029594
2026-06-12T18:18:03.815839,39.249571,19.624786,344.839562,2.035030,2.029732
2026-06-12T18:18:03.824297,39.258821,19.629410,344.920825,2.024389,2.027660
2026-06-12T18:18:03.837706,39.270338,19.635169,345.022015,1.992145,2.024205
2026-06-12T18:18:03.846429,39.280710,19.640355,345.113142,2.021165,2.023836
2026-06-12T18:18:03.857421,39.290335,19.645167,345.197703,2.031483,2.023284
2026-06-12T18:18:03.865589,39.300223,19.650112,345.284581,2.010847,2.020151
2026-06-12T18:18:03.878512,39.310933,19.655466,345.378674,2.017940,2.019000
2026-06-12T18:18:03.887793,39.321297,19.660648,345.469728,2.031160,2.018447
2026-06-12T18:18:03.898387,39.331840,19.665920,345.562356,2.009879,2.016374
2026-06-12T18:18:03.906724,39.341759,19.670880,345.649508,1.954743,2.011031
2026-06-12T18:18:03.916535,39.352458,19.676229,345.743504,2.015361,2.010202
2026-06-12T18:18:03.928578,39.361894,19.680947,345.826410,2.029226,2.009879
2026-06-12T18:18:03.937194,39.372506,19.686253,345.919646,2.019553,2.011123
2026-06-12T18:18:03.950262,39.383265,19.691633,346.014174,2.030515,2.012920
2026-06-12T18:18:03.958181,39.393370,19.696685,346.102949,2.021487,2.011538
2026-06-12T18:18:03.970986,39.403774,19.701887,346.194363,1.917018,1.998272
2026-06-12T18:18:03.982220,39.414319,19.707159,346.287003,1.999239,2.004628
2026-06-12T18:18:03.990901,39.424663,19.712332,346.377887,1.987954,2.000713
2026-06-12T18:18:03.999093,39.434426,19.717213,346.463666,1.885096,1.980123
2026-06-12T18:18:04.011597,39.444443,19.722221,346.551668,1.923466,1.966396
2026-06-12T18:18:04.021423,39.455073,19.727537,346.645067,2.005043,1.962758
2026-06-12T18:18:04.032821,39.465760,19.732880,346.738956,2.017295,1.962159
2026-06-12T18:18:04.040955,39.475714,19.737857,346.826410,2.010202,1.975471
2026-06-12T18:18:04.050412,39.485645,19.742823,346.913667,2.028258,1.979616
2026-06-12T18:18:04.063020,39.495720,19.747860,347.002176,2.035997,1.986480
2026-06-12T18:18:04.073894,39.506190,19.753095,347.094166,2.028581,2.006978
2026-06-12T18:18:04.082577,39.516272,19.758136,347.182742,2.030515,2.022270
2026-06-12T18:18:04.091617,39.526714,19.763357,347.274487,2.035030,2.026554
2026-06-12T18:18:04.104358,39.537202,19.768601,347.366637,2.021165,2.027107
2026-06-12T18:18:04.115035,39.547965,19.773983,347.461199,2.005365,2.026416
2026-06-12T18:18:04.123859,39.558066,19.779033,347.549939,2.030515,2.026738
2026-06-12T18:18:04.132706,39.567939,19.783970,347.636683,2.034062,2.026462
2026-06-12T18:18:04.145361,39.578129,19.789065,347.726213,2.022454,2.025587
2026-06-12T18:18:04.154655,39.588436,19.794218,347.816769,2.028258,2.025264
2026-06-12T18:18:04.165088,39.599470,19.799735,347.913711,2.029226,2.024435
2026-06-12T18:18:04.174024,39.609471,19.804736,348.001578,2.031160,2.025863
2026-06-12T18:18:04.187490,39.619859,19.809930,348.092846,2.033417,2.029871
2026-06-12T18:18:04.195473,39.630052,19.815026,348.182392,2.035997,2.030654
2026-06-12T18:18:04.207394,39.640863,19.820431,348.277378,2.024389,2.029272
2026-06-12T18:18:04.215778,39.651595,19.825798,348.371673,2.032772,2.030746
2026-06-12T18:18:04.228764,39.661538,19.830769,348.459026,2.035352,2.031759
2026-06-12T18:18:04.237440,39.671165,19.835582,348.543605,1.869619,2.008958
2026-06-12T18:18:04.248374,39.681708,19.840854,348.636239,1.896704,1.989750
2026-06-12T18:18:04.259745,39.691937,19.845968,348.726106,1.999239,1.984868
2026-06-12T18:18:04.270320,39.702887,19.851443,348.822307,2.010847,1.981275
2026-06-12T18:18:04.277834,39.712843,19.856422,348.909784,2.024712,1.981321
2026-06-12T18:18:04.290397,39.723038,19.861519,348.999357,2.031160,1.981090
2026-06-12T18:18:04.298905,39.733416,19.866708,349.090534,2.036319,1.981229
2026-06-12T18:18:04.308328,39.743621,19.871810,349.180191,2.026324,2.003615
2026-06-12T18:18:04.321238,39.753863,19.876932,349.270181,2.034707,2.023330
2026-06-12T18:18:04.332293,39.764847,19.882424,349.366683,2.036319,2.028627
2026-06-12T18:18:04.340677,39.774227,19.887114,349.449091,1.957322,2.020980
2026-06-12T18:18:04.349910,39.784730,19.892365,349.541369,1.929270,2.007346
2026-06-12T18:18:04.362659,39.795835,19.897917,349.638932,2.003753,2.003431
2026-06-12T18:18:04.373827,39.806071,19.903036,349.728868,2.002786,1.998640
2026-06-12T18:18:04.382803,39.816403,19.908202,349.819645,2.002141,1.995186
2026-06-12T18:18:04.391453,39.826734,19.913367,349.910410,2.029871,1.994495
2026-06-12T18:18:04.407018,39.839388,19.919694,350.021584,1.987954,1.987585
2026-06-12T18:18:04.413011,39.847385,19.923692,350.091842,1.908957,1.980676
2026-06-12T18:18:04.423354,39.857898,19.928949,350.184208,1.984084,1.988506
2026-06-12T18:18:04.433321,39.867623,19.933811,350.269649,2.021165,1.990994
2026-06-12T18:18:04.445833,39.878940,19.939470,350.369079,2.027291,1.994495
2026-06-12T18:18:04.456720,39.889217,19.944608,350.459370,2.035674,1.999285
2026-06-12T18:18:04.465058,39.899479,19.949740,350.549536,2.035997,2.000160
2026-06-12T18:18:04.473984,39.909454,19.954727,350.637169,2.005688,2.002694
2026-06-12T18:18:04.487136,39.919902,19.959951,350.728969,2.005043,2.016420
2026-06-12T18:18:04.494637,39.930200,19.965100,350.819446,2.029548,2.022915
2026-06-12T18:18:04.507395,39.940698,19.970349,350.911674,2.016328,2.022224
2026-06-12T18:18:04.520048,39.952266,19.976133,351.013311,2.023744,2.021717
2026-06-12T18:18:04.527444,39.961624,19.980812,351.095525,2.033417,2.021395
2026-06-12T18:18:04.538393,39.971414,19.985707,351.181541,2.037287,2.021579
2026-06-12T18:18:04.548638,39.982457,19.991228,351.278561,2.019553,2.023560
2026-06-12T18:18:04.557196,39.992191,19.996095,351.364082,2.026969,2.026692
2026-06-12T18:18:04.567119,40.002413,20.001207,351.453896,2.032450,2.027107
2026-06-12T18:18:04.579042,40.012691,20.006346,351.544193,2.035352,2.029824
2026-06-12T18:18:04.590398,40.023387,20.011693,351.638165,2.035030,2.031437
2026-06-12T18:18:04.598359,40.033443,20.016722,351.726520,2.038899,2.032220
2026-06-12T18:18:04.611395,40.043601,20.021801,351.815764,2.031483,2.031391
2026-06-12T18:18:04.619977,40.054149,20.027075,351.908439,1.945070,2.020750
2026-06-12T18:18:04.631777,40.065713,20.032857,352.010036,1.993758,2.016006
2026-06-12T18:18:04.641775,40.074769,20.037385,352.089600,2.022777,2.014624
2026-06-12T18:18:04.651776,40.084790,20.042395,352.177643,2.020197,2.012459
2026-06-12T18:18:04.661889,40.096772,20.048386,352.282917,2.032450,2.012090
2026-06-12T18:18:04.673399,40.105844,20.052922,352.362616,2.033740,2.011353
2026-06-12T18:18:04.681664,40.115414,20.057707,352.446698,1.875746,1.989105
2026-06-12T18:18:04.691115,40.125912,20.062956,352.538929,1.843824,1.974642
2026-06-12T18:18:04.703492,40.136509,20.068255,352.632037,1.981183,1.972845
2026-06-12T18:18:04.715027,40.147171,20.073585,352.725708,2.020520,1.972523
2026-06-12T18:18:04.723368,40.157592,20.078796,352.817270,2.027936,1.973628
2026-06-12T18:18:04.732419,40.167888,20.083944,352.907726,2.036642,1.974227
2026-06-12T18:18:04.745225,40.178389,20.089195,352.999986,2.038254,1.974872
2026-06-12T18:18:04.753096,40.188412,20.094206,353.088042,2.029871,1.996890
2026-06-12T18:18:04.766291,40.199067,20.099533,353.181658,2.035030,2.024205
2026-06-12T18:18:04.774506,40.209327,20.104663,353.271798,2.038899,2.032450
2026-06-12T18:18:04.787310,40.219679,20.109840,353.362755,1.987309,2.027706
2026-06-12T18:18:04.798389,40.230489,20.115245,353.457729,1.955065,2.017295
2026-06-12T18:18:04.807486,40.240699,20.120349,353.547426,2.018263,2.014670
2026-06-12T18:18:04.815577,40.250671,20.125336,353.635045,2.031805,2.013749
2026-06-12T18:18:04.828381,40.260909,20.130455,353.724994,2.033417,2.014255
2026-06-12T18:18:04.836756,40.271513,20.135756,353.818155,2.040511,2.015038
2026-06-12T18:18:04.848872,40.281441,20.140721,353.905383,2.038899,2.015038
2026-06-12T18:18:04.858878,40.291719,20.145859,353.995679,2.031805,2.021395
2026-06-12T18:18:04.866669,40.301893,20.150946,354.085066,2.040833,2.033648
2026-06-12T18:18:04.878775,40.312528,20.156264,354.178506,2.026324,2.034799
2026-06-12T18:18:04.887372,40.322358,20.161179,354.264866,1.842857,2.007807
2026-06-12T18:18:04.898349,40.332857,20.166429,354.357117,1.860591,1.983117
2026-06-12T18:18:04.907784,40.343070,20.171535,354.446839,1.986019,1.975333
2026-06-12T18:18:04.920075,40.353446,20.176723,354.538003,2.012136,1.971509
2026-06-12T18:18:04.928351,40.363769,20.181885,354.628704,2.028258,1.971003
2026-06-12T18:18:04.940130,40.374305,20.187152,354.721265,2.040833,1.971003
2026-06-12T18:18:04.949042,40.384430,20.192215,354.810223,2.014716,1.969344
2026-06-12T18:18:04.961879,40.394903,20.197452,354.902239,2.030515,1.996153
2026-06-12T18:18:04.971543,40.405536,20.202768,354.995652,2.038899,2.021625
2026-06-12T18:18:04.982891,40.415769,20.207884,355.085562,2.009879,2.025034
2026-06-12T18:18:04.991710,40.425767,20.212883,355.173401,1.942490,2.015084
2026-06-12T18:18:05.000727,40.435662,20.217831,355.260335,1.998272,2.010801
2026-06-12T18:18:05.012396,40.446745,20.223373,355.357712,2.030838,2.009373
2026-06-12T18:18:05.023870,40.457145,20.228572,355.449082,2.027936,2.011261
2026-06-12T18:18:05.032783,40.467696,20.233848,355.541783,2.030193,2.011215
2026-06-12T18:18:05.045505,40.477806,20.238903,355.630607,2.036642,2.010893
2026-06-12T18:18:05.053077,40.487835,20.243918,355.718724,1.885741,1.993159
2026-06-12T18:18:05.066811,40.499120,20.249560,355.817867,1.855432,1.980722
2026-06-12T18:18:05.074333,40.509225,20.254613,355.906651,1.984084,1.978695
2026-06-12T18:18:05.086785,40.519798,20.259899,355.999544,1.989566,1.972799
2026-06-12T18:18:05.094830,40.529674,20.264837,356.086306,1.992790,1.967778
2026-06-12T18:18:05.106658,40.540255,20.270128,356.179277,2.022132,1.966627
2026-06-12T18:18:05.118138,40.551359,20.275679,356.276829,2.024389,1.964876
2026-06-12T18:18:05.128916,40.561414,20.280707,356.365171,2.015683,1.983440
2026-06-12T18:18:05.137797,40.571654,20.285827,356.455139,2.030193,2.008405
2026-06-12T18:18:05.148397,40.582433,20.291216,356.549841,2.030838,2.015084
2026-06-12T18:18:05.157293,40.592871,20.296436,356.641548,2.027936,2.020566
2026-06-12T18:18:05.170282,40.603070,20.301535,356.731157,2.027936,2.025587
2026-06-12T18:18:05.178109,40.613510,20.306755,356.822876,2.029871,2.026692
2026-06-12T18:18:05.190896,40.623666,20.311833,356.912111,2.012136,2.024942
2026-06-12T18:18:05.198926,40.634059,20.317030,357.003419,2.018585,2.025356
2026-06-12T18:18:05.212424,40.644607,20.322304,357.096092,2.028581,2.025126
2026-06-12T18:18:05.223354,40.655456,20.327728,357.191412,2.034385,2.025633
2026-06-12T18:18:05.232551,40.664878,20.332439,357.274190,2.028903,2.025771
2026-06-12T18:18:05.240016,40.675188,20.337594,357.364768,2.035997,2.026923
2026-06-12T18:18:05.253747,40.685913,20.342956,357.458994,2.039866,2.028350
2026-06-12T18:18:05.262233,40.696209,20.348105,357.549459,2.036319,2.031805
2026-06-12T18:18:05.274081,40.706538,20.353269,357.640205,2.041801,2.035122
2026-06-12T18:18:05.282578,40.716918,20.358459,357.731406,2.050507,2.038254
2026-06-12T18:18:05.292269,40.726864,20.363432,357.818788,2.042446,2.039405
2026-06-12T18:18:05.304927,40.737332,20.368666,357.910754,2.025679,2.038945
2026-06-12T18:18:05.315033,40.748604,20.374302,358.009789,2.047282,2.040557
2026-06-12T18:18:05.324133,40.758390,20.379195,358.095766,1.983117,2.032450
2026-06-12T18:18:05.333142,40.768179,20.384089,358.181769,1.818352,2.001312
2026-06-12T18:18:05.345368,40.779192,20.389596,358.278534,1.922821,1.984315
2026-06-12T18:18:05.353916,40.789180,20.394590,358.366281,2.009557,1.978465
2026-06-12T18:18:05.365504,40.798852,20.399426,358.451256,2.024389,1.975885
2026-06-12T18:18:05.374380,40.809246,20.404623,358.542574,2.033417,1.976991
2026-06-12T18:18:05.387357,40.819842,20.409921,358.635675,2.035997,1.975379
2026-06-12T18:18:05.398387,40.830536,20.415268,358.729629,2.029548,1.982012
2026-06-12T18:18:05.407449,40.840421,20.420210,358.816475,2.025679,2.011630
2026-06-12T18:18:05.415621,40.850879,20.425440,358.908363,2.033417,2.027429
2026-06-12T18:18:05.428923,40.861433,20.430716,359.001083,2.010202,2.027521
2026-06-12T18:18:05.442500,40.875523,20.437761,359.124874,1.899606,2.009695
2026-06-12T18:18:05.448410,40.881889,20.440945,359.180811,1.964416,1.999838
2026-06-12T18:18:05.459159,40.892887,20.446444,359.277434,2.008912,1.995969
2026-06-12T18:18:05.470180,40.902562,20.451281,359.362433,1.995370,1.991086
2026-06-12T18:18:05.478937,40.912831,20.456415,359.452655,1.990856,1.986111
2026-06-12T18:18:05.490775,40.923367,20.461684,359.545226,2.011814,1.983025
2026-06-12T18:18:05.498597,40.933164,20.466582,359.631304,1.929593,1.971509
2026-06-12T18:18:05.508877,40.943716,20.471858,359.724008,1.918952,1.974273
2026-06-12T18:18:05.520672,40.954508,20.477254,359.818829,1.996337,1.978833
2026-06-12T18:18:05.531978,40.965447,20.482723,359.914929,2.015683,1.979801
2026-06-12T18:18:05.540997,40.975433,20.487716,360.002668,2.018585,1.983117
2026-06-12T18:18:05.553411,40.985770,20.492885,360.093489,2.026646,1.988230
2026-06-12T18:18:05.562087,40.996659,20.498330,360.189159,1.925078,1.975839
2026-06-12T18:18:05.573348,41.006834,20.503417,360.278551,1.740322,1.948801
2026-06-12T18:18:05.581782,41.017424,20.508712,360.371597,1.875423,1.942582
2026-06-12T18:18:05.594146,41.026222,20.513111,360.448894,1.978603,1.940049
2026-06-12T18:18:05.603954,41.036880,20.518440,360.542531,2.010202,1.939266
2026-06-12T18:18:05.615400,41.048498,20.524249,360.644608,2.028903,1.940740
2026-06-12T18:18:05.623935,41.057936,20.528968,360.727520,2.029548,1.941154
2026-06-12T18:18:05.633602,41.068192,20.534096,360.817628,1.979248,1.948893
2026-06-12T18:18:05.645721,41.078573,20.539287,360.908838,2.010847,1.987539
2026-06-12T18:18:05.656648,41.088779,20.544390,360.998508,2.029871,2.009603
2026-06-12T18:18:05.665534,41.099106,20.549553,361.089238,2.012781,2.014486
2026-06-12T18:18:05.673753,41.109068,20.554534,361.176760,1.898316,1.998502
2026-06-12T18:18:05.687371,41.119771,20.559886,361.270798,1.963448,1.989151
2026-06-12T18:18:05.695573,41.129937,20.564968,361.360110,2.011492,1.986572
2026-06-12T18:18:05.707408,41.140420,20.570210,361.452211,1.986664,1.987631
2026-06-12T18:18:05.715056,41.150603,20.575302,361.541682,2.011492,1.987723
2026-06-12T18:18:05.728373,41.160747,20.580374,361.630806,2.026969,1.987309
2026-06-12T18:18:05.737554,41.171680,20.585840,361.726861,2.012459,1.987263
2026-06-12T18:18:05.748358,41.181422,20.590711,361.812450,2.018263,2.004398
2026-06-12T18:18:05.757181,41.191554,20.595777,361.901471,2.033740,2.014440
2026-06-12T18:18:05.766464,41.201770,20.600885,361.991221,2.022777,2.016052
2026-06-12T18:18:05.779093,41.211901,20.605951,362.080236,2.027936,2.021948
2026-06-12T18:18:05.790074,41.222280,20.611140,362.171417,2.033740,2.025126
2026-06-12T18:18:05.798971,41.232801,20.616400,362.263851,2.025034,2.024850
2026-06-12T18:18:05.807611,41.242890,20.621445,362.352495,2.006655,2.024021
2026-06-12T18:18:05.819505,41.252723,20.626362,362.438888,2.029548,2.025633
2026-06-12T18:18:05.828258,41.263472,20.631736,362.533324,2.034385,2.025725
2026-06-12T18:18:05.840987,41.274492,20.637246,362.630147,2.027291,2.026370
2026-06-12T18:18:05.849069,41.284466,20.642233,362.717776,2.030515,2.026738
2026-06-12T18:18:05.862251,41.294604,20.647302,362.806849,2.038254,2.027383
2026-06-12T18:18:05.871021,41.304760,20.652380,362.896074,2.022454,2.027015
2026-06-12T18:18:05.883795,41.316353,20.658176,362.997926,2.033095,2.030792
2026-06-12T18:18:05.890603,41.325321,20.662660,363.076717,2.038576,2.032082
2026-06-12T18:18:05.903724,41.335869,20.667935,363.169397,2.037287,2.032496
2026-06-12T18:18:05.913881,41.346808,20.673404,363.265501,2.013749,2.030561
2026-06-12T18:18:05.924764,41.358375,20.679187,363.367126,2.031483,2.030700
2026-06-12T18:18:05.934021,41.368381,20.684190,363.455037,2.039221,2.030838
2026-06-12T18:18:05.945990,41.379179,20.689590,363.549910,2.037931,2.033049
2026-06-12T18:18:05.957430,41.389641,20.694821,363.641827,2.042446,2.034385
2026-06-12T18:18:05.964989,41.400053,20.700027,363.733303,2.041801,2.034845
2026-06-12T18:18:05.978240,41.410418,20.705209,363.824368,1.900573,2.015315
2026-06-12T18:18:05.987010,41.420943,20.710472,363.916841,1.926368,2.002832
2026-06-12T18:18:05.995651,41.431184,20.715592,364.006814,2.012136,2.000068
2026-06-12T18:18:06.007443,41.441029,20.720515,364.093312,2.018908,1.997166
2026-06-12T18:18:06.016143,41.451030,20.725515,364.181179,2.032772,1.996429
2026-06-12T18:18:06.028449,41.461818,20.730909,364.275954,2.039866,1.996061
2026-06-12T18:18:06.040010,41.472601,20.736301,364.370697,2.037609,1.995462
2026-06-12T18:18:06.048832,41.482563,20.741281,364.458217,2.033740,2.014486
2026-06-12T18:18:06.057120,41.492289,20.746145,364.543673,2.040189,2.030746
2026-06-12T18:18:06.067633,41.502605,20.751302,364.634303,2.042123,2.035030
2026-06-12T18:18:06.079165,41.512448,20.756224,364.720781,2.040511,2.038116
2026-06-12T18:18:06.090046,41.523934,20.761967,364.821697,2.041801,2.039405
2026-06-12T18:18:06.098989,41.534046,20.767023,364.910540,2.043413,2.039912
2026-06-12T18:18:06.111740,41.544655,20.772327,365.003745,2.037609,2.039912
2026-06-12T18:18:06.124204,41.556381,20.778191,365.106774,2.033095,2.039820
2026-06-12T18:18:06.132353,41.566341,20.783170,365.194275,2.035352,2.039129
2026-06-12T18:18:06.141104,41.576563,20.788281,365.284082,2.035997,2.038254
2026-06-12T18:18:06.154020,41.587364,20.793682,365.378982,1.945714,2.024712
2026-06-12T18:18:06.162908,41.597463,20.798731,365.467707,1.959579,2.012966
2026-06-12T18:18:06.173803,41.607795,20.803898,365.558489,2.012781,2.008590
2026-06-12T18:18:06.182905,41.617293,20.808647,365.641936,2.023099,2.006517
2026-06-12T18:18:06.195650,41.628197,20.814099,365.737735,2.030515,2.006148
2026-06-12T18:18:06.204291,41.638255,20.819128,365.826104,2.031805,2.005642
2026-06-12T18:18:06.215547,41.648926,20.824463,365.919857,2.015361,2.002694
2026-06-12T18:18:06.223908,41.658669,20.829335,366.005456,2.026001,2.014163
2026-06-12T18:18:06.236712,41.669062,20.834531,366.096770,2.034385,2.024850
2026-06-12T18:18:06.249476,41.681701,20.840850,366.207806,2.027291,2.026923
2026-06-12T18:18:06.257410,41.689829,20.844914,366.279218,2.031483,2.028120
2026-06-12T18:18:06.265875,41.700226,20.850113,366.370563,2.034062,2.028627
2026-06-12T18:18:06.275485,41.710216,20.855108,366.458334,1.955388,2.017710
2026-06-12T18:18:06.286859,41.721374,20.860687,366.556370,1.893480,2.000298
2026-06-12T18:18:06.299142,41.731819,20.865910,366.648139,1.998272,1.996337
2026-06-12T18:18:06.307354,41.742164,20.871082,366.739030,2.024067,1.994863
2026-06-12T18:18:06.320149,41.752293,20.876146,366.828014,2.011169,1.992560
2026-06-12T18:18:06.329474,41.762662,20.881331,366.919116,2.017940,1.990625
2026-06-12T18:18:06.340896,41.773052,20.886526,367.010405,2.033095,1.990487
2026-06-12T18:18:06.348446,41.783165,20.891583,367.099254,2.001496,1.997074
2026-06-12T18:18:06.358254,41.793529,20.896764,367.190306,2.021487,2.015361
2026-06-12T18:18:06.370458,41.804310,20.902155,367.285032,2.034062,2.020474
2026-06-12T18:18:06.382523,41.814665,20.907333,367.376009,2.033095,2.021764
2026-06-12T18:18:06.390050,41.824796,20.912398,367.465013,1.997304,2.019783
2026-06-12T18:18:06.399834,41.835173,20.917587,367.556190,2.011169,2.018816
2026-06-12T18:18:06.412199,41.844869,20.922434,367.641371,2.020520,2.017019
2026-06-12T18:18:06.420531,41.855676,20.927838,367.736326,2.023422,2.020151
2026-06-12T18:18:06.432816,41.866409,20.933204,367.830616,2.031805,2.021625
2026-06-12T18:18:06.441118,41.876027,20.938013,367.915121,2.032450,2.021395
2026-06-12T18:18:06.453971,41.886609,20.943305,368.008096,2.022777,2.019921
2026-06-12T18:18:06.462645,41.896921,20.948461,368.098695,2.028903,2.024435
2026-06-12T18:18:06.473812,41.907515,20.953757,368.191769,2.033417,2.027613
2026-06-12T18:18:06.483000,41.917607,20.958803,368.280435,2.014394,2.026738
2026-06-12T18:18:06.495737,41.928198,20.964099,368.373484,2.027613,2.027337
2026-06-12T18:18:06.505920,41.939089,20.969545,368.469176,2.035030,2.027798
2026-06-12T18:18:06.516018,41.949753,20.974876,368.562861,1.959579,2.017388
2026-06-12T18:18:06.528883,41.961689,20.980844,368.667730,1.913471,2.001772
2026-06-12T18:18:06.537255,41.969320,20.984660,368.734778,1.985697,1.995600
2026-06-12T18:18:06.544926,41.979601,20.989801,368.825108,2.019553,1.993619
2026-06-12T18:18:06.556631,41.990255,20.995127,368.918707,2.025034,1.995139
2026-06-12T18:18:06.565804,42.001074,21.000537,369.013759,2.033740,1.996015
2026-06-12T18:18:06.578248,42.011061,21.005531,369.101509,2.035997,1.996153
2026-06-12T18:18:06.586267,42.021614,21.010807,369.194222,2.018908,2.004628
2026-06-12T18:18:06.598324,42.032070,21.016035,369.286091,2.014394,2.019046
2026-06-12T18:18:06.607330,42.041916,21.020958,369.372590,2.029548,2.025310
2026-06-12T18:18:06.617127,42.052310,21.026155,369.463914,2.027936,2.026508
2026-06-12T18:18:06.628091,42.063383,21.031692,369.561201,2.028258,2.026969
2026-06-12T18:18:06.640004,42.073672,21.036836,369.651598,2.035352,2.027199
2026-06-12T18:18:06.651514,42.084056,21.042028,369.742830,2.021487,2.025126
2026-06-12T18:18:06.659084,42.094584,21.047292,369.835328,1.898961,2.007991
2026-06-12T18:18:06.671156,42.103901,21.051951,369.917183,1.972154,2.001957
2026-06-12T18:18:06.681654,42.114412,21.057206,370.009526,2.018585,2.000391
2026-06-12T18:18:06.690348,42.125085,21.062543,370.103302,2.021487,1.999469
2026-06-12T18:18:06.699863,42.134859,21.067429,370.189172,2.029548,1.999654
2026-06-12T18:18:06.712313,42.144711,21.072355,370.275729,2.034707,1.999561
2026-06-12T18:18:06.723320,42.155586,21.077793,370.371279,1.965706,1.991593
2026-06-12T18:18:06.732729,42.165838,21.082919,370.461351,1.991178,2.004767
2026-06-12T18:18:06.740677,42.176070,21.088035,370.551248,2.024067,2.012183
2026-06-12T18:18:06.753571,42.186644,21.093322,370.644145,2.031805,2.014071
2026-06-12T18:18:06.763158,42.196373,21.098187,370.729628,2.030515,2.015361
2026-06-12T18:18:06.773904,42.206560,21.103280,370.819128,2.034707,2.016098
2026-06-12T18:18:06.781675,42.217194,21.108597,370.912551,2.037931,2.016558
2026-06-12T18:18:06.792139,42.227330,21.113665,371.001609,2.034062,2.026324
2026-06-12T18:18:06.804189,42.237837,21.118918,371.093918,2.033740,2.032404
2026-06-12T18:18:06.815569,42.248615,21.124307,371.188612,2.036319,2.034154
2026-06-12T18:18:06.824205,42.258845,21.129423,371.278492,2.034707,2.034569
2026-06-12T18:18:06.833746,42.268940,21.134470,371.367188,2.035997,2.035352
2026-06-12T18:18:06.845733,42.279606,21.139803,371.460891,2.036642,2.035628
2026-06-12T18:18:06.856686,42.289939,21.144970,371.551679,2.022454,2.033417
2026-06-12T18:18:06.865182,42.301020,21.150510,371.649034,1.994402,2.027752
2026-06-12T18:18:06.875068,42.310560,21.155280,371.732853,2.024067,2.026370
2026-06-12T18:18:06.887725,42.320699,21.160349,371.821927,2.030838,2.025587
2026-06-12T18:18:06.895206,42.330856,21.165428,371.911170,2.037609,2.026001
2026-06-12T18:18:06.907253,42.341437,21.170718,372.004126,2.037931,2.026278
2026-06-12T18:18:06.915845,42.351200,21.175600,372.089905,2.038254,2.026508
2026-06-12T18:18:06.928844,42.361593,21.180797,372.181220,2.031805,2.027844
2026-06-12T18:18:06.940080,42.372360,21.186180,372.275811,2.035352,2.033694
2026-06-12T18:18:06.948363,42.382341,21.191171,372.363507,2.033417,2.035030
2026-06-12T18:18:06.957242,42.392326,21.196163,372.451235,1.998917,2.030469
2026-06-12T18:18:06.970407,42.402921,21.201461,372.544320,2.016328,2.027429
2026-06-12T18:18:06.978963,42.413415,21.206707,372.636513,2.033740,2.026830
2026-06-12T18:18:06.991895,42.424827,21.212413,372.736775,2.003431,2.021856
2026-06-12T18:18:06.998795,42.434587,21.217293,372.822525,2.013104,2.019184
2026-06-12T18:18:07.012178,42.444570,21.222285,372.910233,2.028581,2.018217
2026-06-12T18:18:07.020718,42.455182,21.227591,373.003468,2.035674,2.018539
2026-06-12T18:18:07.032566,42.465422,21.232711,373.093440,2.026646,2.022501
2026-06-12T18:18:07.040433,42.475473,21.237736,373.181745,2.033095,2.024896
2026-06-12T18:18:07.050188,42.485174,21.242587,373.266979,2.033095,2.024804
2026-06-12T18:18:07.063348,42.495885,21.247943,373.361084,1.998272,2.024067
2026-06-12T18:18:07.073449,42.505976,21.252988,373.449742,2.004076,2.022777
2026-06-12T18:18:07.082359,42.516045,21.258023,373.538205,2.025356,2.022316
2026-06-12T18:18:07.091237,42.526030,21.263015,373.625929,2.025679,2.020888
2026-06-12T18:18:07.104105,42.536631,21.268316,373.719071,2.027936,2.021073
2026-06-12T18:18:07.113092,42.547442,21.273721,373.814054,2.033740,2.021165
2026-06-12T18:18:07.124461,42.557828,21.278914,373.905298,2.030193,2.020750
2026-06-12T18:18:07.133516,42.567609,21.283804,373.991234,2.017940,2.023560
2026-06-12T18:18:07.145995,42.578845,21.289422,374.089952,2.026969,2.026830
2026-06-12T18:18:07.157273,42.589647,21.294824,374.184858,2.032772,2.027890
2026-06-12T18:18:07.165645,42.599724,21.299862,374.273388,2.030515,2.028581
2026-06-12T18:18:07.174998,42.609805,21.304903,374.361961,2.033095,2.029318
2026-06-12T18:18:07.187290,42.619743,21.309871,374.449274,2.034385,2.029410
2026-06-12T18:18:07.195112,42.630777,21.315388,374.546214,1.947004,2.017526
2026-06-12T18:18:07.207258,42.640736,21.320368,374.633718,1.944747,2.007070
2026-06-12T18:18:07.215308,42.651188,21.325594,374.725543,2.010202,2.004674
2026-06-12T18:18:07.225455,42.660866,21.330433,374.810575,2.022454,2.003200
2026-06-12T18:18:07.237610,42.671403,21.335702,374.903154,2.028258,2.002878
2026-06-12T18:18:07.249209,42.682194,21.341097,374.997955,2.032772,2.002832
2026-06-12T18:18:07.257358,42.692080,21.346040,375.084812,2.035997,2.003062
2026-06-12T18:18:07.270151,42.702439,21.351219,375.175823,2.031483,2.015131
2026-06-12T18:18:07.279256,42.712582,21.356291,375.264940,2.031483,2.027521
2026-06-12T18:18:07.291099,42.723634,21.361817,375.362044,2.032772,2.030746
2026-06-12T18:18:07.298816,42.733808,21.366904,375.451426,2.034385,2.032450
2026-06-12T18:18:07.311777,42.743926,21.371963,375.540324,2.004720,2.029087
2026-06-12T18:18:07.320334,42.754419,21.377210,375.632516,2.015361,2.026600
2026-06-12T18:18:07.332232,42.764672,21.382336,375.722590,2.007300,2.022501
2026-06-12T18:18:07.340907,42.774796,21.387398,375.811541,1.953453,2.011353
2026-06-12T18:18:07.349704,42.785200,21.392600,375.902948,2.010524,2.008359
2026-06-12T18:18:07.364018,42.796888,21.398444,376.005640,2.029871,2.007945
2026-06-12T18:18:07.369991,42.805655,21.402827,376.082660,2.020520,2.005964
2026-06-12T18:18:07.382646,42.816408,21.408204,376.177134,2.030515,2.009649
2026-06-12T18:18:07.394466,42.827066,21.413533,376.270778,2.035997,2.012597
2026-06-12T18:18:07.404194,42.837318,21.418659,376.360849,1.988921,2.009972
2026-06-12T18:18:07.415008,42.847843,21.423921,376.453316,2.009879,2.018032
2026-06-12T18:18:07.423894,42.858067,21.429034,376.543147,2.027613,2.020474
2026-06-12T18:18:07.432481,42.867889,21.433944,376.629437,2.031483,2.020704
2026-06-12T18:18:07.445357,42.877865,21.438932,376.717084,2.033095,2.022501
2026-06-12T18:18:07.456665,42.889072,21.444536,376.815555,2.036642,2.023376
2026-06-12T18:18:07.465667,42.900289,21.450144,376.914099,2.035997,2.023376
2026-06-12T18:18:07.474885,42.910697,21.455348,377.005543,2.033417,2.029732
2026-06-12T18:18:07.484665,42.919418,21.459709,377.082165,2.030838,2.032726
2026-06-12T18:18:07.496013,42.929859,21.464930,377.173899,2.036319,2.033970
2026-06-12T18:18:07.507452,42.940375,21.470187,377.266285,2.033417,2.034246
2026-06-12T18:18:07.515791,42.950830,21.475415,377.358145,2.037931,2.034937
2026-06-12T18:18:07.525885,42.960523,21.480262,377.443307,2.038576,2.035214
2026-06-12T18:18:07.537055,42.970931,21.485465,377.534747,2.030515,2.034431
2026-06-12T18:18:07.548352,42.981604,21.490802,377.628518,1.990533,2.028304
2026-06-12T18:18:07.556681,42.992267,21.496134,377.722206,1.965061,2.018908
2026-06-12T18:18:07.567357,43.001799,21.500899,377.805948,2.009557,2.015084
2026-06-12T18:18:07.578507,43.012751,21.506375,377.902170,2.029548,2.014532
2026-06-12T18:18:07.590498,43.022605,21.511302,377.988746,2.036319,2.014301
2026-06-12T18:18:07.599385,43.032771,21.516386,378.078068,2.033095,2.013518
2026-06-12T18:18:07.608266,43.043277,21.521638,378.170367,1.985052,2.007024
2026-06-12T18:18:07.620307,43.054070,21.527035,378.265190,2.021810,2.011492
2026-06-12T18:18:07.632774,43.064948,21.532474,378.360767,2.032128,2.021073
2026-06-12T18:18:07.642251,43.075603,21.537801,378.454377,2.014071,2.021717
2026-06-12T18:18:07.649580,43.084778,21.542389,378.534984,2.023422,2.020842
2026-06-12T18:18:07.662540,43.094678,21.547339,378.621964,2.038254,2.021119
2026-06-12T18:18:07.670322,43.105680,21.552840,378.718625,1.992468,2.015315
2026-06-12T18:18:07.683031,43.115859,21.557930,378.808060,1.979248,2.014486
2026-06-12T18:18:07.690627,43.125834,21.562917,378.895701,2.017940,2.013933
2026-06-12T18:18:07.704974,43.137300,21.568650,378.996439,2.028258,2.013380
2026-06-12T18:18:07.713737,43.146589,21.573295,379.078050,2.029871,2.015637
2026-06-12T18:18:07.723773,43.156630,21.578315,379.166265,2.033095,2.017019
2026-06-12T18:18:07.732699,43.166946,21.583473,379.256897,2.034707,2.016512
2026-06-12T18:18:07.741984,43.177292,21.588646,379.347801,2.030838,2.021994
2026-06-12T18:18:07.754307,43.187950,21.593975,379.441439,2.031160,2.029410
2026-06-12T18:18:07.765575,43.198016,21.599008,379.529874,2.031805,2.031391
2026-06-12T18:18:07.774054,43.208073,21.604037,379.618238,2.018908,2.030055
2026-06-12T18:18:07.783151,43.218663,21.609331,379.711276,2.013426,2.027706
2026-06-12T18:18:07.795298,43.229608,21.614804,379.807441,2.033095,2.027706
2026-06-12T18:18:07.803834,43.239378,21.619689,379.893277,2.030515,2.027107
2026-06-12T18:18:07.815399,43.251061,21.625530,379.995918,2.028903,2.026830
2026-06-12T18:18:07.824545,43.260688,21.630344,380.080497,2.032450,2.027015
2026-06-12T18:18:07.837470,43.271063,21.635532,380.171658,2.031160,2.026923
2026-06-12T18:18:07.848339,43.281453,21.640726,380.262935,2.026969,2.028074
2026-06-12T18:18:07.857297,43.292067,21.646034,380.356191,2.036319,2.031345
2026-06-12T18:18:07.870595,43.302923,21.651461,380.451569,2.036319,2.031805
2026-06-12T18:18:07.879013,43.312788,21.656394,380.538239,2.016006,2.029732
2026-06-12T18:18:07.889995,43.322816,21.661408,380.626343,2.026324,2.029364
2026-06-12T18:18:07.898311,43.333047,21.666523,380.716232,2.035030,2.029732
2026-06-12T18:18:07.908360,43.343853,21.671926,380.811173,2.008590,2.026508
2026-06-12T18:18:07.920791,43.354082,21.677041,380.901039,1.999561,2.022593
2026-06-12T18:18:07.931611,43.364544,21.682272,380.992959,2.026001,2.021119
2026-06-12T18:18:07.940694,43.374694,21.687347,381.082140,2.035674,2.021027
2026-06-12T18:18:07.949977,43.384612,21.692306,381.169278,2.020842,2.021717
2026-06-12T18:18:07.963014,43.395589,21.697795,381.265718,2.027613,2.021902
2026-06-12T18:18:07.973761,43.406098,21.703049,381.358050,2.033417,2.021671
2026-06-12T18:18:07.982722,43.416713,21.708357,381.451310,2.011169,2.022040
2026-06-12T18:18:07.991653,43.426891,21.713445,381.540726,2.019875,2.024942
2026-06-12T18:18:08.004089,43.437078,21.718539,381.630228,2.034385,2.026139
2026-06-12T18:18:08.015033,43.447866,21.723933,381.725012,2.034385,2.025955
2026-06-12T18:18:08.024534,43.457684,21.728842,381.811268,2.021165,2.026001
2026-06-12T18:18:08.034208,43.468267,21.734133,381.904251,2.030838,2.026462
2026-06-12T18:18:08.045606,43.478763,21.739382,381.996472,2.017295,2.024159
2026-06-12T18:18:08.054559,43.488914,21.744457,382.085651,1.982472,2.020059
2026-06-12T18:18:08.067978,43.500195,21.750098,382.184766,2.023744,2.020612
2026-06-12T18:18:08.074415,43.509218,21.754609,382.264040,2.033417,2.020474
2026-06-12T18:18:08.087014,43.519549,21.759775,382.354810,2.024712,2.019092
2026-06-12T18:18:08.121798,43.554055,21.777028,382.657973,2.036964,2.021349
2026-06-12T18:18:08.128732,43.561155,21.780577,382.720345,2.012459,2.018723
2026-06-12T18:18:08.132664,43.567495,21.783747,382.776049,2.023744,2.019645
2026-06-12T18:18:08.145553,43.578788,21.789394,382.875271,2.036319,2.027337
2026-06-12T18:18:08.154092,43.587349,21.793674,382.950481,2.023099,2.027245
2026-06-12T18:18:08.165094,43.598149,21.799075,383.045375,1.957967,2.016466
2026-06-12T18:18:08.173249,43.608075,21.804037,383.132578,1.953453,2.006287
2026-06-12T18:18:08.184385,43.618649,21.809325,383.225483,1.973444,1.997212
2026-06-12T18:18:08.195386,43.629062,21.814531,383.316969,1.994725,1.994679
2026-06-12T18:18:08.207436,43.640002,21.820001,383.413083,2.027291,1.995186
2026-06-12T18:18:08.215040,43.650318,21.825159,383.503717,2.033740,1.994817
2026-06-12T18:18:08.224820,43.660206,21.830103,383.590595,2.027291,1.995416
2026-06-12T18:18:08.237910,43.670939,21.835469,383.684889,2.024712,2.004951
2026-06-12T18:18:08.249394,43.681455,21.840727,383.777280,2.033095,2.016328
2026-06-12T18:18:08.256988,43.692074,21.846037,383.870580,1.994725,2.019368
2026-06-12T18:18:08.266640,43.702078,21.851039,383.958471,2.015038,2.022270
2026-06-12T18:18:08.278657,43.712635,21.856317,384.051223,2.034385,2.023284
2026-06-12T18:18:08.290000,43.722990,21.861495,384.142201,2.032128,2.023053
2026-06-12T18:18:08.299028,43.733056,21.866528,384.230638,2.035997,2.024297
2026-06-12T18:18:08.308234,43.743032,21.871516,384.318286,2.033417,2.025541
2026-06-12T18:18:08.320449,43.753811,21.876905,384.412988,1.765794,1.987355
2026-06-12T18:18:08.331706,43.764408,21.882204,384.506095,1.546860,1.923374
2026-06-12T18:18:08.339954,43.774553,21.887276,384.595222,1.817384,1.895138
2026-06-12T18:18:08.349889,43.784920,21.892460,384.686303,1.918630,1.878601
2026-06-12T18:18:08.361833,43.795303,21.897651,384.777529,1.961191,1.868468
2026-06-12T18:18:08.373365,43.806387,21.903193,384.874911,2.013104,1.865197
2026-06-12T18:18:08.381669,43.816443,21.908222,384.963266,2.020197,1.863309
2026-06-12T18:18:08.391147,43.826427,21.913214,385.050984,2.016006,1.899053
2026-06-12T18:18:08.403511,43.837270,21.918635,385.146241,2.032772,1.968469
2026-06-12T18:18:08.411663,43.847113,21.923557,385.232728,2.035030,1.999561
2026-06-12T18:18:08.423324,43.857490,21.928745,385.323893,2.003431,2.011676
2026-06-12T18:18:08.432749,43.867899,21.933950,385.415350,2.019875,2.020059
2026-06-12T18:18:08.445596,43.878300,21.939150,385.506730,2.032772,2.022869
2026-06-12T18:18:08.454149,43.888402,21.944201,385.595483,2.008267,2.021165
2026-06-12T18:18:08.465673,43.899210,21.949605,385.690436,2.000529,2.018954
2026-06-12T18:18:08.473902,43.909344,21.954672,385.779473,2.028581,2.018355
2026-06-12T18:18:08.487637,43.919825,21.959913,385.871562,2.020197,2.016236
2026-06-12T18:18:08.495742,43.930081,21.965041,385.961667,2.003753,2.016282
2026-06-12T18:18:08.506644,43.940411,21.970206,386.052426,2.025356,2.017065
2026-06-12T18:18:08.515111,43.950448,21.975224,386.140609,2.017295,2.014854
2026-06-12T18:18:08.528493,43.960787,21.980393,386.231440,2.002463,2.014025
2026-06-12T18:18:08.536757,43.971070,21.985535,386.321783,2.028258,2.017986
2026-06-12T18:18:08.548971,43.981765,21.990883,386.415756,2.034385,2.018816
2026-06-12T18:18:08.556668,43.991894,21.995947,386.504739,2.030838,2.020336
2026-06-12T18:18:08.568847,44.002169,22.001084,386.595014,2.026646,2.023606
2026-06-12T18:18:08.578307,44.012564,22.006282,386.686347,2.033740,2.024804
2026-06-12T18:18:08.590633,44.023635,22.011818,386.783614,1.983440,2.019967
2026-06-12T18:18:08.598319,44.033801,22.016900,386.872928,1.964093,2.014486
2026-06-12T18:18:08.612040,44.044461,22.022230,386.966586,2.016006,2.012735
2026-06-12T18:18:08.620341,44.054693,22.027347,387.056488,2.031483,2.012321
2026-06-12T18:18:08.631734,44.065422,22.032711,387.150750,2.024389,2.011399
2026-06-12T18:18:08.640897,44.075418,22.037709,387.238567,2.028258,2.011630
2026-06-12T18:18:08.653503,44.085564,22.042782,387.327710,2.033740,2.011630
2026-06-12T18:18:08.662387,44.096068,22.048034,387.419997,1.958612,2.008083
2026-06-12T18:18:08.673774,44.106628,22.053314,387.512771,1.916695,2.001312
2026-06-12T18:18:08.682864,44.116863,22.058431,387.602697,2.005043,1.999746
2026-06-12T18:18:08.691480,44.126218,22.063109,387.684893,2.025034,1.998824
2026-06-12T18:18:08.703995,44.137023,22.068512,387.779823,2.010524,1.996844
2026-06-12T18:18:08.712266,44.147317,22.073658,387.870258,2.021810,1.995923
2026-06-12T18:18:08.724423,44.157821,22.078910,387.962545,1.998272,1.990856
2026-06-12T18:18:08.732748,44.167410,22.083705,388.046795,1.921209,1.985512
2026-06-12T18:18:08.745693,44.177971,22.088985,388.139579,1.947649,1.989934
2026-06-12T18:18:08.753464,44.189089,22.094544,388.237260,1.996015,1.988645
2026-06-12T18:18:08.765362,44.198730,22.099365,388.321963,1.905410,1.971555
2026-06-12T18:18:08.773869,44.209049,22.104524,388.412624,1.981183,1.967364
2026-06-12T18:18:08.787287,44.219384,22.109692,388.503426,2.019230,1.966995
2026-06-12T18:18:08.798313,44.230684,22.115342,388.602711,2.009557,1.968607
2026-06-12T18:18:08.807329,44.240691,22.120345,388.690627,2.024389,1.983347
2026-06-12T18:18:08.815419,44.250755,22.125377,388.779047,2.032772,1.995508
2026-06-12T18:18:08.828169,44.261044,22.130522,388.869446,2.031160,2.000529
2026-06-12T18:18:08.837139,44.271070,22.135535,388.957536,2.018585,2.016697
2026-06-12T18:18:08.848823,44.281929,22.140965,389.052938,2.029548,2.023606
2026-06-12T18:18:08.857403,44.291858,22.145929,389.140170,2.035674,2.025955
2026-06-12T18:18:08.866984,44.302336,22.151168,389.232233,2.016328,2.026923
2026-06-12T18:18:08.879096,44.313428,22.156714,389.329681,2.031160,2.027890
2026-06-12T18:18:08.890511,44.322695,22.161348,389.411102,2.035997,2.028350
2026-06-12T18:18:08.898361,44.333504,22.166752,389.506062,2.022132,2.027061
2026-06-12T18:18:08.908255,44.343663,22.171832,389.595323,1.991823,2.023238
2026-06-12T18:18:08.920305,44.353880,22.176940,389.685083,2.025034,2.022593
2026-06-12T18:18:08.932240,44.364432,22.182216,389.777791,2.029871,2.021764
2026-06-12T18:18:08.941073,44.374876,22.187438,389.869551,2.018585,2.022086
2026-06-12T18:18:08.949434,44.384655,22.192328,389.955473,2.029871,2.021902
2026-06-12T18:18:08.962895,44.395081,22.197540,390.047070,2.019553,2.019553
2026-06-12T18:18:08.970126,44.405741,22.202871,390.140728,1.893802,2.001220
2026-06-12T18:18:08.982815,44.415920,22.207960,390.230159,1.983117,1.999976
2026-06-12T18:18:08.991544,44.426817,22.213408,390.325893,2.020520,1.999331
2026-06-12T18:18:09.003747,44.436629,22.218314,390.412100,2.011169,1.996660
2026-06-12T18:18:09.012733,44.447440,22.223720,390.507084,2.027291,1.997903
2026-06-12T18:18:09.023845,44.457518,22.228759,390.595630,2.035997,1.998778
2026-06-12T18:18:09.032084,44.467296,22.233648,390.681535,2.022454,1.999193
2026-06-12T18:18:09.045270,44.477848,22.238924,390.774243,2.022132,2.017526
2026-06-12T18:18:09.056713,44.489596,22.244798,390.877461,2.033417,2.024712
2026-06-12T18:18:09.066568,44.498720,22.249360,390.957627,2.031483,2.026278
2026-06-12T18:18:09.074218,44.509246,22.254623,391.050105,2.029548,2.028903
2026-06-12T18:18:09.087609,44.519832,22.259916,391.143106,2.036319,2.030193
2026-06-12T18:18:09.095181,44.530907,22.265453,391.240410,2.038899,2.030608
2026-06-12T18:18:09.107309,44.540899,22.270450,391.328202,2.023422,2.030746
2026-06-12T18:18:09.116239,44.551026,22.275513,391.417174,2.029548,2.031805
2026-06-12T18:18:09.129420,44.561710,22.280855,391.511038,2.033417,2.031805
2026-06-12T18:18:09.136707,44.571529,22.285764,391.597310,2.026001,2.031022
2026-06-12T18:18:09.148286,44.581699,22.290850,391.686663,2.025034,2.030377
2026-06-12T18:18:09.157232,44.592060,22.296030,391.777692,2.034385,2.030101
2026-06-12T18:18:09.170525,44.602743,22.301371,391.871548,1.959579,2.018769
2026-06-12T18:18:09.179389,44.613348,22.306674,391.964728,1.905410,2.001911
2026-06-12T18:18:09.190025,44.624068,22.312034,392.058911,1.996660,1.997212
2026-06-12T18:18:09.198323,44.633741,22.316871,392.143895,1.986986,1.990579
2026-06-12T18:18:09.208656,44.644071,22.322036,392.234652,1.677769,1.940832
2026-06-12T18:18:09.220172,44.654866,22.327433,392.329492,1.665839,1.889518
2026-06-12T18:18:09.232132,44.665191,22.332596,392.420211,1.820286,1.858933
2026-06-12T18:18:09.240789,44.675156,22.337578,392.507761,1.951196,1.857735
2026-06-12T18:18:09.250217,44.685022,22.342511,392.594442,1.992468,1.870172
2026-06-12T18:18:09.262646,44.695907,22.347954,392.690076,2.023422,1.873995
2026-06-12T18:18:09.273786,44.706662,22.353331,392.784561,1.977636,1.872659
2026-06-12T18:18:09.282157,44.716883,22.358442,392.874366,1.983440,1.916327
2026-06-12T18:18:09.291731,44.727318,22.363659,392.966044,2.018908,1.966765
2026-06-12T18:18:09.304331,44.737062,22.368531,393.051657,2.025679,1.996107
2026-06-12T18:18:09.315397,44.747900,22.373950,393.146872,1.987954,2.001358
2026-06-12T18:18:09.324551,44.758325,22.379162,393.238465,2.014716,2.004536
2026-06-12T18:18:09.333619,44.768162,22.384081,393.324892,2.028258,2.005227
2026-06-12T18:18:09.345290,44.779320,22.389660,393.422922,1.952808,2.001680
2026-06-12T18:18:09.357392,44.789533,22.394766,393.512653,2.006333,2.004951
2026-06-12T18:18:09.365561,44.799836,22.399918,393.603170,2.028903,2.006379
2026-06-12T18:18:09.374637,44.809688,22.404844,393.689730,2.030838,2.007116
2026-06-12T18:18:09.387573,44.820583,22.410291,393.785451,2.029548,2.013058
2026-06-12T18:18:09.398316,44.830440,22.415220,393.872055,2.035997,2.016098
2026-06-12T18:18:09.407554,44.840861,22.420430,393.963611,2.013749,2.014025
2026-06-12T18:18:09.415553,44.850892,22.425446,394.051743,2.004720,2.021441
2026-06-12T18:18:09.428427,44.861319,22.430659,394.143349,2.024389,2.024021
2026-06-12T18:18:09.436291,44.871340,22.435670,394.231392,2.034062,2.024758
2026-06-12T18:18:09.448981,44.881712,22.440856,394.322520,2.032128,2.024942
2026-06-12T18:18:09.456632,44.892041,22.446020,394.413268,2.036642,2.025955
2026-06-12T18:18:09.471042,44.903217,22.451609,394.511464,2.035997,2.025955
2026-06-12T18:18:09.478458,44.912657,22.456328,394.594396,1.925078,2.013288
2026-06-12T18:18:09.490582,44.922866,22.461433,394.684097,1.944425,2.004674
2026-06-12T18:18:09.498637,44.933920,22.466960,394.781208,2.016328,2.003523
2026-06-12T18:18:09.511680,44.944210,22.472105,394.871614,2.026324,2.002417
2026-06-12T18:18:09.520124,44.954162,22.477081,394.959051,2.021165,2.000851
2026-06-12T18:18:09.529182,44.963897,22.481948,395.044583,2.028903,1.999746
2026-06-12T18:18:09.544034,44.976197,22.488098,395.152647,2.036964,1.999884
2026-06-12T18:18:09.549760,44.984528,22.492264,395.225846,2.033095,2.015315
2026-06-12T18:18:09.562797,44.994929,22.497465,395.317228,2.035997,2.028397
2026-06-12T18:18:09.573319,45.005487,22.502744,395.409989,2.035030,2.031068
2026-06-12T18:18:09.583151,45.016433,22.508217,395.506156,2.001496,2.027521
2026-06-12T18:18:09.590810,45.025734,22.512867,395.587869,1.942812,2.016328
2026-06-12T18:18:09.601025,45.035811,22.517905,395.676405,1.989566,2.010709
2026-06-12T18:18:09.612615,45.046613,22.523306,395.771311,1.938621,1.996660
2026-06-12T18:18:09.623943,45.057094,22.528547,395.863399,1.793524,1.962435
2026-06-12T18:18:09.631639,45.067308,22.533654,395.953133,1.940555,1.948801
2026-06-12T18:18:09.645094,45.077778,22.538889,396.045121,2.001496,1.944010
2026-06-12T18:18:09.653659,45.088081,22.544040,396.135640,2.020520,1.946728
2026-06-12T18:18:09.665785,45.098625,22.549312,396.228277,2.031160,1.959349
2026-06-12T18:18:09.673835,45.108602,22.554301,396.315940,2.024389,1.964324
2026-06-12T18:18:09.684033,45.118808,22.559404,396.405601,1.999561,1.973029
2026-06-12T18:18:09.695050,45.129888,22.564944,396.502947,2.024712,2.006056
2026-06-12T18:18:09.704177,45.138844,22.569422,396.581632,2.031805,2.019092
2026-06-12T18:18:09.715593,45.149920,22.574960,396.678948,1.976991,2.015591
2026-06-12T18:18:09.724446,45.159188,22.579594,396.760377,2.005688,2.013472
2026-06-12T18:18:09.736792,45.169678,22.584839,396.852541,2.028258,2.013058
2026-06-12T18:18:09.744681,45.180045,22.590023,396.943622,2.022777,2.012827
2026-06-12T18:18:09.757489,45.190949,22.595475,397.039424,2.020197,2.015775
2026-06-12T18:18:09.765951,45.200799,22.600399,397.125958,2.032772,2.016927
2026-06-12T18:18:09.778479,45.211424,22.605712,397.219308,2.020520,2.015315
2026-06-12T18:18:09.787295,45.221895,22.610947,397.311307,1.977958,2.015453
2026-06-12T18:18:09.799925,45.233063,22.616531,397.409423,2.012459,2.016420
2026-06-12T18:18:09.807270,45.242650,22.621325,397.493655,2.029548,2.016605
2026-06-12T18:18:09.820758,45.253119,22.626560,397.585635,2.019875,2.016190
2026-06-12T18:18:09.829469,45.263291,22.631646,397.675006,2.029226,2.017480
2026-06-12T18:18:09.840916,45.274238,22.637119,397.771180,2.036964,2.018079
2026-06-12T18:18:09.848326,45.283684,22.641842,397.854172,1.994080,2.014301
2026-06-12T18:18:09.858627,45.293802,22.646901,397.943073,2.004398,2.018079
2026-06-12T18:18:09.870641,45.304171,22.652086,398.034173,2.025356,2.019921
2026-06-12T18:18:09.881647,45.315377,22.657689,398.132625,2.026001,2.019414
2026-06-12T18:18:09.890881,45.325310,22.662655,398.219893,2.031483,2.021073
2026-06-12T18:18:09.902112,45.335612,22.667806,398.310405,2.036964,2.022178
2026-06-12T18:18:09.912492,45.346180,22.673090,398.403250,2.034707,2.021856
2026-06-12T18:18:09.923797,45.356403,22.678202,398.493073,2.021487,2.025771
2026-06-12T18:18:09.932165,45.366670,22.683335,398.583275,2.028581,2.029226
2026-06-12T18:18:09.941734,45.376819,22.688409,398.672441,2.033417,2.030377
2026-06-12T18:18:09.954386,45.386828,22.693414,398.760377,1.960224,2.020980
2026-06-12T18:18:09.965556,45.397673,22.698836,398.855658,1.987309,2.014670
2026-06-12T18:18:09.973300,45.407585,22.703792,398.942744,2.024389,2.012873
2026-06-12T18:18:09.983902,45.418280,22.709140,399.036706,2.029226,2.012090
2026-06-12T18:18:09.995741,45.428534,22.714267,399.126799,2.028258,2.013058
2026-06-12T18:18:10.004237,45.439090,22.719545,399.219542,2.033417,2.013749
2026-06-12T18:18:10.015416,45.448846,22.724423,399.305259,2.037287,2.014301
2026-06-12T18:18:10.024185,45.459203,22.729602,399.396256,1.959257,2.014163
2026-06-12T18:18:10.033869,45.469337,22.734668,399.485286,1.985052,2.013841
2026-06-12T18:18:10.045106,45.479612,22.739806,399.575559,2.023099,2.013657
2026-06-12T18:18:10.057406,45.490198,22.745099,399.668568,2.031483,2.013979
2026-06-12T18:18:10.066381,45.500078,22.750039,399.755368,2.021487,2.013012
2026-06-12T18:18:10.074974,45.510028,22.755014,399.842792,2.032772,2.012920
2026-06-12T18:18:10.086769,45.519754,22.759877,399.928246,1.989243,2.006056
2026-06-12T18:18:10.098270,45.530804,22.765402,400.025321,1.894447,1.996798
2026-06-12T18:18:10.106661,45.541192,22.770596,400.116592,1.992145,1.997811
2026-06-12T18:18:10.116059,45.551304,22.775652,400.205438,2.020197,1.997397
2026-06-12T18:18:10.128887,45.561957,22.780978,400.299027,2.025356,1.996521
2026-06-12T18:18:10.137355,45.572263,22.786131,400.389576,2.033740,1.998272
2026-06-12T18:18:10.148331,45.582760,22.791380,400.481796,2.031805,1.998134
2026-06-12T18:18:10.157065,45.592438,22.796219,400.566832,2.009235,2.000989
2026-06-12T18:18:10.170164,45.602806,22.801403,400.657918,1.995692,2.015453
2026-06-12T18:18:10.182183,45.614416,22.807208,400.759924,2.028581,2.020658
2026-06-12T18:18:10.190983,45.624060,22.812030,400.844657,2.017940,2.020336
2026-06-12T18:18:10.199414,45.634498,22.817249,400.936361,1.890900,2.001128
2026-06-12T18:18:10.212898,45.645201,22.822600,401.030395,1.881549,1.979386
2026-06-12T18:18:10.223295,45.655542,22.827771,401.121249,1.968930,1.970404
2026-06-12T18:18:10.232710,45.665703,22.832851,401.210520,1.947327,1.961560
2026-06-12T18:18:10.240226,45.675606,22.837803,401.297530,2.001174,1.962343
2026-06-12T18:18:10.253314,45.686333,22.843167,401.391778,2.025679,1.961928
2026-06-12T18:18:10.263183,45.696811,22.848405,401.483829,2.003108,1.959810
2026-06-12T18:18:10.273307,45.707312,22.853656,401.576090,2.001819,1.975655
2026-06-12T18:18:10.282897,45.717645,22.858822,401.666875,2.027936,1.996567
2026-06-12T18:18:10.295251,45.728046,22.864023,401.758257,1.985052,1.998871
2026-06-12T18:18:10.303944,45.739316,22.869658,401.857274,1.946037,1.998686
2026-06-12T18:18:10.315283,45.749483,22.874742,401.946603,2.011492,2.000160
2026-06-12T18:18:10.324210,45.758929,22.879465,402.029594,2.018263,1.999101
2026-06-12T18:18:10.336756,45.769222,22.884611,402.120024,2.016006,2.000943
2026-06-12T18:18:10.344565,45.779820,22.889910,402.213132,2.028258,2.004720
2026-06-12T18:18:10.356684,45.790289,22.895145,402.305115,2.020520,2.003661
2026-06-12T18:18:10.367650,45.800662,22.900331,402.396251,2.010202,2.007254
2026-06-12T18:18:10.378282,45.811296,22.905648,402.489681,2.030515,2.019322
2026-06-12T18:18:10.387527,45.821422,22.910711,402.578640,2.031805,2.022224
2026-06-12T18:18:10.398312,45.831729,22.915864,402.669197,2.034385,2.024527
2026-06-12T18:18:10.406717,45.842076,22.921038,402.760106,2.033417,2.027015
2026-06-12T18:18:10.420045,45.852208,22.926104,402.849120,2.036319,2.028166
2026-06-12T18:18:10.428596,45.862047,22.931023,402.935563,2.019875,2.028074
2026-06-12T18:18:10.437192,45.872424,22.936212,403.026737,2.028903,2.030746
2026-06-12T18:18:10.448283,45.882487,22.941244,403.115151,2.036642,2.031621
2026-06-12T18:18:10.457740,45.892834,22.946417,403.206054,2.032128,2.031667
2026-06-12T18:18:10.470231,45.903892,22.951946,403.303209,2.028258,2.030792
2026-06-12T18:18:10.478298,45.914039,22.957019,403.392354,2.035997,2.031160
2026-06-12T18:18:10.490660,45.924324,22.962162,403.482723,2.028258,2.030009
2026-06-12T18:18:10.499414,45.934873,22.967437,403.575403,2.027936,2.031160
2026-06-12T18:18:10.513154,45.945681,22.972840,403.670356,2.036642,2.032266
2026-06-12T18:18:10.523836,45.957075,22.978537,403.770460,2.036964,2.032312
2026-06-12T18:18:10.532790,45.966654,22.983327,403.854628,2.020520,2.030654
2026-06-12T18:18:10.541099,45.976416,22.988208,403.940389,2.028258,2.030654
2026-06-12T18:18:10.555581,45.988369,22.994185,404.045408,2.034062,2.030377
2026-06-12T18:18:10.562544,45.996567,22.998283,404.117431,1.951841,2.019460
2026-06-12T18:18:10.573748,46.008022,23.004011,404.218078,1.965383,2.010524
2026-06-12T18:18:10.582108,46.017361,23.008680,404.300125,2.015683,2.007530
2026-06-12T18:18:10.593235,46.027330,23.013665,404.387709,2.024389,2.005734
2026-06-12T18:18:10.602861,46.037784,23.018892,404.479556,2.025034,2.006379
2026-06-12T18:18:10.615417,46.048376,23.024188,404.572617,2.032772,2.007024
2026-06-12T18:18:10.623831,46.058901,23.029451,404.665091,2.036319,2.007346
2026-06-12T18:18:10.634283,46.068702,23.034351,404.751195,2.037287,2.019553
2026-06-12T18:18:10.645729,46.079186,23.039593,404.843311,2.036964,2.029778
2026-06-12T18:18:10.656595,46.090090,23.045045,404.939109,2.039221,2.033141
2026-06-12T18:18:10.666894,46.100076,23.050038,405.026845,2.031483,2.034154
2026-06-12T18:18:10.674715,46.109801,23.054901,405.112291,2.035030,2.035582
2026-06-12T18:18:10.687359,46.120071,23.060035,405.202514,2.034707,2.035859
2026-06-12T18:18:10.698317,46.130567,23.065284,405.294737,2.037931,2.036089
2026-06-12T18:18:10.707153,46.140670,23.070335,405.383496,2.035352,2.035813
2026-06-12T18:18:10.715353,46.150585,23.075293,405.470611,2.038254,2.035997
2026-06-12T18:18:10.728321,46.160858,23.080429,405.560868,2.036964,2.035674
2026-06-12T18:18:10.737087,46.171413,23.085706,405.653598,2.032450,2.035813
2026-06-12T18:18:10.748873,46.181052,23.090526,405.738287,2.028258,2.034845
2026-06-12T18:18:10.759266,46.192509,23.096255,405.838948,2.036319,2.035076
2026-06-12T18:18:10.770492,46.204055,23.102027,405.940384,1.990856,2.028350
2026-06-12T18:18:10.782256,46.214464,23.107232,406.031837,2.018263,2.025909
2026-06-12T18:18:10.791134,46.224553,23.112276,406.120476,2.031805,2.024988
2026-06-12T18:18:10.799846,46.235047,23.117523,406.212672,2.030838,2.024113
2026-06-12T18:18:10.814040,46.246503,23.123251,406.313325,2.030515,2.023836
2026-06-12T18:18:10.823307,46.256448,23.128224,406.400699,2.033095,2.024527
2026-06-12T18:18:10.832415,46.266025,23.133012,406.484841,2.032450,2.023975
2026-06-12T18:18:10.841560,46.276341,23.138170,406.575477,2.031805,2.029824
2026-06-12T18:18:10.854227,46.286852,23.143426,406.667824,2.033417,2.031989
2026-06-12T18:18:10.862700,46.296898,23.148449,406.756087,2.037287,2.032772
2026-06-12T18:18:10.873424,46.307691,23.153846,406.850913,2.031483,2.032865
2026-06-12T18:18:10.882272,46.317311,23.158656,406.935436,2.032772,2.033187
2026-06-12T18:18:10.895464,46.327715,23.163857,407.026837,2.035997,2.033602
2026-06-12T18:18:10.905218,46.337958,23.168979,407.116837,2.035352,2.034016
2026-06-12T18:18:10.915577,46.348690,23.174345,407.211120,1.949261,2.022224
2026-06-12T18:18:10.923858,46.359194,23.179597,407.303411,2.006010,2.018309
2026-06-12T18:18:10.936730,46.369584,23.184792,407.394696,2.028258,2.017019
2026-06-12T18:18:10.944504,46.379879,23.189940,407.485143,1.986664,2.010616
2026-06-12T18:18:10.956634,46.390422,23.195211,407.577772,2.002463,2.006287
2026-06-12T18:18:10.967549,46.400333,23.200167,407.664849,2.022454,2.004352
2026-06-12T18:18:10.978345,46.410846,23.205423,407.757214,2.007945,2.000437
2026-06-12T18:18:10.987103,46.421085,23.210542,407.847170,2.024712,2.011215
2026-06-12T18:18:10.998386,46.431515,23.215758,407.938811,2.038576,2.015868
2026-06-12T18:18:11.006655,46.441877,23.220938,408.029843,2.029871,2.016098
2026-06-12T18:18:11.016548,46.451876,23.225938,408.117699,2.035997,2.023145
2026-06-12T18:18:11.028584,46.462349,23.231175,408.209713,2.036964,2.028074
2026-06-12T18:18:11.040045,46.472299,23.236150,408.297130,2.030838,2.029272
2026-06-12T18:18:11.048898,46.482905,23.241453,408.390314,2.025679,2.031805
2026-06-12T18:18:11.057723,46.493056,23.246528,408.479492,2.036642,2.033509
2026-06-12T18:18:11.070415,46.503176,23.251588,408.568404,2.031483,2.032496
2026-06-12T18:18:11.081628,46.513682,23.256841,408.660714,2.026646,2.032035
2026-06-12T18:18:11.089958,46.524083,23.262042,408.752096,2.031805,2.031437
2026-06-12T18:18:11.098919,46.534363,23.267182,408.842413,2.037931,2.031575
2026-06-12T18:18:11.111795,46.544821,23.272410,408.934290,2.016328,2.029502
2026-06-12T18:18:11.120550,46.554922,23.277461,409.023035,2.014716,2.027936
2026-06-12T18:18:11.131682,46.565551,23.282776,409.116426,2.031483,2.027199
2026-06-12T18:18:11.142383,46.575023,23.287512,409.199646,2.025034,2.026278
2026-06-12T18:18:11.150508,46.585036,23.292518,409.287615,2.030838,2.026876
2026-06-12T18:18:11.162082,46.595958,23.297979,409.383572,2.036964,2.027613
2026-06-12T18:18:11.173778,46.606407,23.303203,409.475374,2.017618,2.024712
2026-06-12T18:18:11.182087,46.616559,23.308280,409.564574,2.004076,2.022961
2026-06-12T18:18:11.192094,46.626697,23.313348,409.653640,2.026324,2.024619
2026-06-12T18:18:11.203553,46.637067,23.318534,409.744751,2.037931,2.025541
2026-06-12T18:18:11.215004,46.647458,23.323729,409.836045,2.032450,2.026600
2026-06-12T18:18:11.223312,46.657885,23.328942,409.927650,2.035674,2.027291
2026-06-12T18:18:11.233248,46.668192,23.334096,410.018209,2.038576,2.027521
2026-06-12T18:18:11.246399,46.678819,23.339409,410.111573,2.035352,2.030055
2026-06-12T18:18:11.256886,46.689282,23.344641,410.203505,2.039544,2.035122
2026-06-12T18:18:11.265614,46.699044,23.349522,410.289267,2.039544,2.037010
2026-06-12T18:18:11.274367,46.709657,23.354828,410.382508,2.038254,2.037056
2026-06-12T18:18:11.286853,46.720345,23.360172,410.476414,2.035674,2.037517
2026-06-12T18:18:11.294891,46.730388,23.365194,410.564651,2.037609,2.037793
2026-06-12T18:18:11.307282,46.741342,23.370671,410.660895,2.037931,2.037701
2026-06-12T18:18:11.315376,46.750666,23.375333,410.742811,2.028581,2.036734
2026-06-12T18:18:11.328929,46.761382,23.380691,410.836956,2.033095,2.035813
2026-06-12T18:18:11.337105,46.771478,23.385739,410.925662,2.038576,2.035674
2026-06-12T18:18:11.348873,46.782340,23.391170,411.021091,2.026969,2.034062
2026-06-12T18:18:11.360859,46.794529,23.397264,411.128182,2.026646,2.032772
2026-06-12T18:18:11.370373,46.804323,23.402162,411.214233,2.028903,2.031529
2026-06-12T18:18:11.379805,46.813502,23.406751,411.294874,2.031160,2.030561
2026-06-12T18:18:11.390900,46.824072,23.412036,411.387745,2.013426,2.028397
2026-06-12T18:18:11.399248,46.834416,23.417208,411.478619,2.023422,2.027015
2026-06-12T18:18:11.412275,46.844478,23.422239,411.567029,2.027936,2.025495
2026-06-12T18:18:11.421128,46.854875,23.427438,411.658375,1.985052,2.019506
2026-06-12T18:18:11.433098,46.865245,23.432623,411.749480,2.006978,2.016697
2026-06-12T18:18:11.440615,46.875793,23.437896,411.842152,2.029226,2.016743
2026-06-12T18:18:11.453950,46.886048,23.443024,411.932250,1.994080,2.011446
2026-06-12T18:18:11.463034,46.896418,23.448209,412.023362,2.023099,2.012827
2026-06-12T18:18:11.473932,46.907754,23.453877,412.122953,2.036964,2.014762
2026-06-12T18:18:11.482736,46.917165,23.458582,412.205639,2.018263,2.013380
2026-06-12T18:18:11.495305,46.927472,23.463736,412.296198,2.034385,2.020428
2026-06-12T18:18:11.504367,46.938311,23.469155,412.391420,2.044380,2.025771
2026-06-12T18:18:11.514978,46.947886,23.473943,412.475545,2.047605,2.028397
2026-06-12T18:18:11.524483,46.959379,23.479690,412.576528,2.029871,2.033509
2026-06-12T18:18:11.534115,46.969486,23.484743,412.665321,2.046315,2.036826
2026-06-12T18:18:11.546307,46.979330,23.489665,412.751812,2.051474,2.038899
2026-06-12T18:18:11.557312,46.990056,23.495028,412.846045,1.956032,2.030009
2026-06-12T18:18:11.567718,47.000769,23.500385,412.940173,1.968285,2.020566
2026-06-12T18:18:11.578412,47.010626,23.505313,413.026768,2.020842,2.017203
2026-06-12T18:18:11.587304,47.021246,23.510623,413.120078,2.031483,2.014900
2026-06-12T18:18:11.598852,47.031464,23.515732,413.209848,2.025356,2.014255
2026-06-12T18:18:11.608618,47.042246,23.521123,413.304582,2.034062,2.012505
2026-06-12T18:18:11.619995,47.052298,23.526149,413.392897,2.028581,2.009235
2026-06-12T18:18:11.628307,47.062680,23.531340,413.484108,1.997304,2.015131
2026-06-12T18:18:11.641022,47.073425,23.536713,413.578514,2.016006,2.021948
2026-06-12T18:18:11.648828,47.083342,23.541671,413.665641,2.023422,2.022316
2026-06-12T18:18:11.658198,47.093421,23.546710,413.754190,2.026646,2.021625
2026-06-12T18:18:11.670647,47.104188,23.552094,413.848793,2.027291,2.021902
2026-06-12T18:18:11.682076,47.114383,23.557192,413.938364,2.026969,2.020888
2026-06-12T18:18:11.691163,47.125065,23.562533,414.032213,2.016328,2.019138
2026-06-12T18:18:11.699750,47.134919,23.567460,414.118787,2.022777,2.022777
2026-06-12T18:18:11.712670,47.145418,23.572709,414.211032,2.025034,2.024067
2026-06-12T18:18:11.720336,47.155380,23.577690,414.298555,2.018263,2.023330
2026-06-12T18:18:11.732522,47.165951,23.582975,414.391426,2.024067,2.022961
2026-06-12T18:18:11.741080,47.176178,23.588089,414.481283,2.031160,2.023514
2026-06-12T18:18:11.753782,47.186416,23.593208,414.571228,2.014394,2.021717
2026-06-12T18:18:11.764931,47.197102,23.598551,414.665115,2.006333,2.020290
2026-06-12T18:18:11.773346,47.207418,23.603709,414.755752,2.024067,2.020474
2026-06-12T18:18:11.781967,47.217318,23.608659,414.842728,2.017618,2.019414
2026-06-12T18:18:11.795506,47.228048,23.614024,414.936997,2.007622,2.017894
2026-06-12T18:18:11.803878,47.238421,23.619211,415.028140,2.029226,2.018631
2026-06-12T18:18:11.815386,47.248843,23.624421,415.119699,2.030193,2.018493
2026-06-12T18:18:11.823773,47.258642,23.629321,415.205795,2.004398,2.017065
2026-06-12T18:18:11.834346,47.268801,23.634401,415.295051,2.019875,2.019000
2026-06-12T18:18:11.845652,47.279931,23.639965,415.392831,2.035674,2.020658
2026-06-12T18:18:11.857402,47.289797,23.644899,415.479519,2.018585,2.020796
2026-06-12T18:18:11.865098,47.300432,23.650216,415.572957,1.969897,2.015407
2026-06-12T18:18:11.875210,47.310288,23.655144,415.659550,2.006978,2.012229
2026-06-12T18:18:11.886940,47.321302,23.660651,415.756311,2.012781,2.009741
2026-06-12T18:18:11.898309,47.331317,23.665658,415.844300,2.003108,2.009557
2026-06-12T18:18:11.907173,47.341541,23.670770,415.934126,2.022132,2.009879
2026-06-12T18:18:11.917379,47.351918,23.675959,416.025299,2.027936,2.008774
2026-06-12T18:18:11.928646,47.362183,23.681091,416.115482,2.019875,2.008958
2026-06-12T18:18:11.941143,47.373481,23.686741,416.214753,2.028903,2.017388
2026-06-12T18:18:11.950521,47.383429,23.691714,416.302149,2.029871,2.020658
2026-06-12T18:18:11.958651,47.393774,23.696887,416.393036,2.026324,2.022593
2026-06-12T18:18:11.970820,47.404339,23.702170,416.485864,2.022454,2.025356
2026-06-12T18:18:11.982313,47.414534,23.707267,416.575434,2.023744,2.025587
2026-06-12T18:18:11.990638,47.424509,23.712254,416.663067,1.972799,2.017710
2026-06-12T18:18:12.000024,47.434687,23.717343,416.752490,1.903153,2.001035
2026-06-12T18:18:12.013122,47.445245,23.722622,416.845253,1.981183,1.994218
2026-06-12T18:18:12.023758,47.456193,23.728097,416.941444,2.007945,1.991086
2026-06-12T18:18:12.031746,47.466908,23.733454,417.035578,1.992145,1.986203
2026-06-12T18:18:12.042258,47.476696,23.738348,417.121579,1.998594,1.982795
2026-06-12T18:18:12.053734,47.487298,23.743649,417.214728,2.014394,1.981459
2026-06-12T18:18:12.063123,47.497308,23.748654,417.302666,2.014716,1.987447
2026-06-12T18:18:12.073812,47.507573,23.753786,417.392853,2.016651,2.003661
2026-06-12T18:18:12.083798,47.517782,23.758891,417.482547,2.024712,2.009879
2026-06-12T18:18:12.095769,47.528527,23.764263,417.576952,2.014394,2.010801
2026-06-12T18:18:12.106574,47.538845,23.769423,417.667610,2.010202,2.013380
2026-06-12T18:18:12.115474,47.549067,23.774534,417.757416,2.023099,2.016881
2026-06-12T18:18:12.124521,47.559192,23.779596,417.846373,2.016973,2.017249
2026-06-12T18:18:12.137061,47.569307,23.784654,417.935243,1.978603,2.012090
2026-06-12T18:18:12.145888,47.579728,23.789864,418.026800,2.009235,2.011031
2026-06-12T18:18:12.157231,47.589844,23.794922,418.115673,2.027936,2.011492
2026-06-12T18:18:12.164925,47.600288,23.800144,418.207435,2.021487,2.012505
2026-06-12T18:18:12.178459,47.610707,23.805354,418.298975,2.031483,2.015545
2026-06-12T18:18:12.186634,47.620813,23.810407,418.387763,2.036642,2.017480
2026-06-12T18:18:12.198294,47.631181,23.815590,418.478852,2.036642,2.020290
2026-06-12T18:18:12.207482,47.641701,23.820851,418.571283,2.032128,2.027936
2026-06-12T18:18:12.217004,47.651829,23.825915,418.660266,2.022777,2.029871
2026-06-12T18:18:12.228760,47.662857,23.831429,418.757156,2.017295,2.028350
2026-06-12T18:18:12.241057,47.673360,23.836680,418.849435,2.013426,2.027199
2026-06-12T18:18:12.248389,47.683178,23.841589,418.935692,2.018585,2.025356
2026-06-12T18:18:12.257994,47.693320,23.846660,419.024798,2.023099,2.023422
2026-06-12T18:18:12.270350,47.704079,23.852039,419.119320,2.010847,2.019737
2026-06-12T18:18:12.282904,47.715063,23.857531,419.215825,2.010202,2.016605
2026-06-12T18:18:12.289990,47.725192,23.862596,419.304820,2.025034,2.016927
2026-06-12T18:18:12.300028,47.735308,23.867654,419.393695,2.023744,2.017848
2026-06-12T18:18:12.311336,47.745807,23.872904,419.485941,2.025034,2.019506
2026-06-12T18:18:12.323938,47.756384,23.878192,419.578866,2.032128,2.021441
2026-06-12T18:18:12.332835,47.766764,23.883382,419.670064,1.997304,2.017756
2026-06-12T18:18:12.343614,47.776918,23.888459,419.759273,2.009879,2.017618
2026-06-12T18:18:12.353472,47.786749,23.893375,419.845649,2.030193,2.020474
2026-06-12T18:18:12.364914,47.797539,23.898770,419.940446,2.027936,2.020888
2026-06-12T18:18:12.375729,47.808214,23.904107,420.034233,2.026646,2.021303
2026-06-12T18:18:12.383382,47.818440,23.909220,420.124074,2.035997,2.022869
2026-06-12T18:18:12.395435,47.828578,23.914289,420.213150,2.037931,2.023698
2026-06-12T18:18:12.406617,47.839308,23.919654,420.307416,2.034062,2.028949
2026-06-12T18:18:12.415396,47.849337,23.924669,420.395536,2.039866,2.033233
2026-06-12T18:18:12.428288,47.860357,23.930178,420.492352,2.036319,2.034108
2026-06-12T18:18:12.436964,47.870170,23.935085,420.578567,1.947004,2.022547
2026-06-12T18:18:12.448274,47.880485,23.940242,420.669192,1.950229,2.011630
2026-06-12T18:18:12.457306,47.891118,23.945559,420.762615,2.014394,2.008544
2026-06-12T18:18:12.465769,47.900703,23.950351,420.846823,2.028903,2.007254
2026-06-12T18:18:12.478450,47.911057,23.955528,420.937793,2.024712,2.005918
2026-06-12T18:18:12.486712,47.921554,23.960777,421.030021,2.034062,2.005089
2026-06-12T18:18:12.498134,47.931948,23.965974,421.121334,2.031483,2.004398
2026-06-12T18:18:12.506541,47.942200,23.971100,421.211413,1.977636,2.008774
2026-06-12T18:18:12.517412,47.952324,23.976162,421.300357,2.012459,2.017664
2026-06-12T18:18:12.528450,47.962880,23.981440,421.393098,2.031160,2.020059
2026-06-12T18:18:12.541934,47.974486,23.987243,421.495065,1.963771,2.010755
2026-06-12T18:18:12.548895,47.983597,23.991798,421.575113,1.967640,2.002602
2026-06-12T18:18:12.558153,47.993300,23.996650,421.660368,2.015361,1.999930
2026-06-12T18:18:12.570637,48.003258,24.001629,421.747850,2.013104,1.997304
2026-06-12T18:18:12.578504,48.013510,24.006755,421.837929,2.026969,2.004352
2026-06-12T18:18:12.590294,48.024260,24.012130,421.932378,2.033417,2.007346
2026-06-12T18:18:12.599193,48.033831,24.016916,422.016467,2.034707,2.007853
2026-06-12T18:18:12.611891,48.044356,24.022178,422.108931,2.029548,2.017249
2026-06-12T18:18:12.619737,48.055037,24.027519,422.202776,2.036964,2.027153
2026-06-12T18:18:12.632545,48.065657,24.032828,422.296079,2.030193,2.029272
2026-06-12T18:18:12.642687,48.075613,24.037806,422.383550,1.937009,2.018401
2026-06-12T18:18:12.650750,48.085802,24.042901,422.473068,1.993758,2.013657
2026-06-12T18:18:12.664324,48.096836,24.048418,422.570010,2.024389,2.012367
2026-06-12T18:18:12.673845,48.107517,24.053759,422.663857,2.015038,2.009557
2026-06-12T18:18:12.682437,48.116542,24.058271,422.743150,2.027936,2.009327
2026-06-12T18:18:12.691870,48.126782,24.063391,422.833114,2.034062,2.008912
2026-06-12T18:18:12.703233,48.137904,24.068952,422.930826,2.035030,2.009603
2026-06-12T18:18:12.714962,48.148762,24.074381,423.026225,2.012781,2.020428
2026-06-12T18:18:12.723374,48.158691,24.079346,423.113464,2.025679,2.024988
2026-06-12T18:18:12.733463,48.168388,24.084194,423.198653,2.032450,2.026139
2026-06-12T18:18:12.748658,48.180992,24.090496,423.309397,1.922499,2.012920
2026-06-12T18:18:12.756633,48.190883,24.095441,423.396289,1.880582,1.991869
2026-06-12T18:18:12.767775,48.200507,24.100254,423.480848,1.989888,1.985558
2026-06-12T18:18:12.777913,48.210574,24.105287,423.569294,2.020197,1.983440
2026-06-12T18:18:12.790290,48.222411,24.111205,423.673291,2.018263,1.984223
2026-06-12T18:18:12.798321,48.232046,24.116023,423.757948,2.030193,1.984868
2026-06-12T18:18:12.807234,48.242383,24.121192,423.848766,2.001174,1.980399
2026-06-12T18:18:12.820104,48.252916,24.126458,423.941306,1.965706,1.986572
2026-06-12T18:18:12.831584,48.263752,24.131876,424.036504,2.015361,2.005826
2026-06-12T18:18:12.841158,48.274577,24.137288,424.131613,2.030515,2.011630
2026-06-12T18:18:12.849143,48.284375,24.142188,424.217701,2.001819,2.009004
2026-06-12T18:18:12.862163,48.294685,24.147343,424.308281,2.024389,2.009879
2026-06-12T18:18:12.870453,48.304770,24.152385,424.396882,2.031805,2.010110
2026-06-12T18:18:12.882364,48.315193,24.157596,424.488457,2.031805,2.014486
2026-06-12T18:18:12.890049,48.325417,24.162709,424.578286,2.034062,2.024251
2026-06-12T18:18:12.899966,48.335184,24.167592,424.664099,2.037931,2.027475
2026-06-12T18:18:12.912774,48.345583,24.172792,424.755461,2.029871,2.027383
2026-06-12T18:18:12.923819,48.356762,24.178381,424.853675,2.026001,2.030838
