timestamp,time_s,disp_mm,disp_ul,raw_V,avg_V
2026-06-12T17:47:01.372052,0.005053,0.010106,0.177579,0.948416,0.948416
2026-06-12T17:47:01.383175,0.014308,0.028616,0.502823,0.967762,0.958089
2026-06-12T17:47:01.393139,0.024408,0.048816,0.857773,0.976468,0.964215
2026-06-12T17:47:01.403596,0.033989,0.067977,1.194471,0.909723,0.950592
2026-06-12T17:47:01.413633,0.044655,0.089310,1.569323,0.917140,0.943902
2026-06-12T17:47:01.424683,0.055071,0.110143,1.935393,0.957767,0.946213
2026-06-12T17:47:01.433192,0.066037,0.132074,2.320749,0.978725,0.950857
2026-06-12T17:47:01.442472,0.076115,0.152230,2.674933,0.987753,0.956477
2026-06-12T17:47:01.455222,0.085973,0.171946,3.021365,0.993557,0.960162
2026-06-12T17:47:01.463310,0.096658,0.193316,3.396882,0.986464,0.961590
2026-06-12T17:47:01.474937,0.107109,0.214218,3.764164,0.977435,0.971263
2026-06-12T17:47:01.484126,0.117524,0.235048,4.130181,0.989366,0.981581
2026-06-12T17:47:01.496943,0.127846,0.255692,4.492923,0.968730,0.983147
2026-06-12T17:47:01.508149,0.138592,0.277183,4.870565,0.914238,0.973935
2026-06-12T17:47:01.516494,0.149040,0.298081,5.237770,0.909079,0.962695
2026-06-12T17:47:01.525828,0.159549,0.319099,5.607088,0.921654,0.952423
2026-06-12T17:47:01.538249,0.169235,0.338470,5.947468,0.956154,0.948094
2026-06-12T17:47:01.546268,0.179732,0.359463,6.316352,0.977758,0.948140
2026-06-12T17:47:01.558176,0.190210,0.380420,6.684594,0.987108,0.947817
2026-06-12T17:47:01.566955,0.199817,0.399634,7.022219,0.990978,0.950995
2026-06-12T17:47:01.579934,0.210427,0.420855,7.395103,0.992267,0.962143
2026-06-12T17:47:01.588310,0.221079,0.442157,7.769425,0.983239,0.972737
2026-06-12T17:47:01.599867,0.231588,0.463175,8.138745,0.970987,0.979785
2026-06-12T17:47:01.610872,0.241980,0.483960,8.503972,0.983239,0.983654
2026-06-12T17:47:01.622052,0.252768,0.505537,8.883108,0.990333,0.985450
2026-06-12T17:47:01.631311,0.263072,0.526144,9.245214,0.988076,0.985588
2026-06-12T17:47:01.641961,0.273697,0.547394,9.618607,0.990655,0.985542
2026-06-12T17:47:01.652631,0.284328,0.568657,9.992233,0.981305,0.983976
2026-06-12T17:47:01.660328,0.293550,0.587101,10.316324,0.947771,0.978909
2026-06-12T17:47:01.672301,0.303719,0.607437,10.673665,0.960669,0.977435
2026-06-12T17:47:01.683328,0.314052,0.628105,11.036832,0.970987,0.975685
2026-06-12T17:47:01.691510,0.324334,0.648669,11.398175,0.945514,0.969282
2026-06-12T17:47:01.701474,0.335148,0.670296,11.778193,0.970342,0.966749
2026-06-12T17:47:01.713769,0.345007,0.690014,12.124677,0.980982,0.965367
2026-06-12T17:47:01.724855,0.355457,0.710914,12.491914,0.969052,0.963617
2026-06-12T17:47:01.733260,0.366186,0.732372,12.868973,0.920041,0.959655
2026-06-12T17:47:01.743266,0.375703,0.751406,13.203428,0.926813,0.954819
2026-06-12T17:47:01.754991,0.386570,0.773141,13.585348,0.922299,0.947863
2026-06-12T17:47:01.766589,0.397360,0.794720,13.964536,0.968730,0.951180
2026-06-12T17:47:01.775236,0.408258,0.816516,14.347524,0.981949,0.952838
2026-06-12T17:47:01.783839,0.417439,0.834877,14.670157,0.982917,0.953114
2026-06-12T17:47:01.796629,0.427857,0.855715,15.036308,0.981305,0.954865
2026-06-12T17:47:01.807437,0.438736,0.877471,15.418603,0.984207,0.964031
2026-06-12T17:47:01.817085,0.448562,0.897123,15.763918,0.984851,0.972322
2026-06-12T17:47:01.825718,0.458894,0.917789,16.127046,0.987108,0.981581
2026-06-12T17:47:01.835870,0.469183,0.938366,16.488631,0.987753,0.984299
2026-06-12T17:47:01.846186,0.480220,0.960440,16.876504,0.984207,0.984621
2026-06-12T17:47:01.858503,0.490680,0.981361,17.244110,0.983884,0.984759
2026-06-12T17:47:01.867508,0.499916,0.999833,17.568697,0.986464,0.985496
2026-06-12T17:47:01.879894,0.510309,1.020618,17.933930,0.970664,0.983562
2026-06-12T17:47:01.888254,0.520507,1.041015,18.292328,0.912948,0.973290
2026-06-12T17:47:01.900645,0.531261,1.062522,18.670255,0.938743,0.966380
2026-06-12T17:47:01.908396,0.542402,1.084803,19.061769,0.959379,0.962327
2026-06-12T17:47:01.918320,0.551756,1.103512,19.390517,0.962603,0.959241
2026-06-12T17:47:01.930156,0.562068,1.124136,19.752900,0.973244,0.957721
2026-06-12T17:47:01.941580,0.572438,1.144876,20.117350,0.983562,0.957306
2026-06-12T17:47:01.949937,0.582775,1.165550,20.480615,0.985496,0.959425
2026-06-12T17:47:01.959922,0.592902,1.185805,20.836532,0.987431,0.970065
2026-06-12T17:47:01.972089,0.603211,1.206422,21.198799,0.986141,0.976837
2026-06-12T17:47:01.980159,0.613881,1.227763,21.573799,0.942290,0.974395
2026-06-12T17:47:01.991548,0.623928,1.247857,21.926887,0.885863,0.963432
2026-06-12T17:47:02.000981,0.634048,1.268095,22.282509,0.876835,0.949660
2026-06-12T17:47:02.013701,0.644522,1.289045,22.650621,0.912625,0.939526
2026-06-12T17:47:02.025075,0.655477,1.310954,23.035601,0.959379,0.935795
2026-06-12T17:47:02.033157,0.665517,1.331034,23.388443,0.960669,0.931972
2026-06-12T17:47:02.042205,0.675267,1.350533,23.731079,0.894247,0.918844
2026-06-12T17:47:02.054829,0.685887,1.371775,24.104325,0.874578,0.909171
2026-06-12T17:47:02.062881,0.696924,1.393848,24.492184,0.938743,0.916725
2026-06-12T17:47:02.074832,0.707082,1.414165,24.849191,0.963893,0.929162
2026-06-12T17:47:02.083782,0.717153,1.434306,25.203094,0.976790,0.938328
2026-06-12T17:47:02.097233,0.727700,1.455400,25.573760,0.981305,0.941461
2026-06-12T17:47:02.105512,0.737842,1.475683,25.930169,0.970987,0.942935
2026-06-12T17:47:02.116472,0.748210,1.496419,26.294535,0.922943,0.947034
2026-06-12T17:47:02.126519,0.758836,1.517673,26.667988,0.929070,0.954819
2026-06-12T17:47:02.138258,0.769088,1.538176,27.028260,0.963248,0.958319
2026-06-12T17:47:02.146164,0.780002,1.560004,27.411820,0.977435,0.960254
2026-06-12T17:47:02.158156,0.789759,1.579518,27.754710,0.980982,0.960853
2026-06-12T17:47:02.167404,0.800043,1.600085,28.116116,0.980337,0.960715
2026-06-12T17:47:02.176915,0.810226,1.620453,28.474008,0.907789,0.951686
2026-06-12T17:47:02.188912,0.820759,1.641519,28.844165,0.877802,0.945238
2026-06-12T17:47:02.199814,0.830548,1.661096,29.188165,0.906822,0.942059
2026-06-12T17:47:02.208289,0.841371,1.682742,29.568527,0.940677,0.938835
2026-06-12T17:47:02.218318,0.851724,1.703449,29.932376,0.941000,0.933630
2026-06-12T17:47:02.230317,0.861817,1.723634,30.287070,0.959056,0.930498
2026-06-12T17:47:02.238825,0.872002,1.744004,30.645001,0.948416,0.925937
2026-06-12T17:47:02.250181,0.882965,1.765930,31.030270,0.959701,0.933354
2026-06-12T17:47:02.259871,0.893118,1.786235,31.387072,0.972921,0.946942
2026-06-12T17:47:02.271741,0.903549,1.807098,31.753673,0.976790,0.956938
2026-06-12T17:47:02.283478,0.914283,1.828565,32.130879,0.982594,0.962926
2026-06-12T17:47:02.291496,0.924660,1.849319,32.495565,0.980982,0.968637
2026-06-12T17:47:02.304957,0.935324,1.870648,32.870347,0.980015,0.971631
2026-06-12T17:47:02.313307,0.945440,1.890881,33.225863,0.975178,0.975455
2026-06-12T17:47:02.324829,0.955494,1.910987,33.579169,0.977113,0.977942
2026-06-12T17:47:02.333127,0.966061,1.932123,33.950552,0.960669,0.976192
2026-06-12T17:47:02.342686,0.976594,1.953188,34.320702,0.871353,0.961129
2026-06-12T17:47:02.355005,0.986929,1.973859,34.683922,0.850717,0.942290
2026-06-12T17:47:02.363139,0.996929,1.993857,35.035330,0.896826,0.930267
2026-06-12T17:47:02.375467,1.007701,2.015401,35.413897,0.942290,0.924878
2026-06-12T17:47:02.384231,1.017645,2.035289,35.763358,0.964860,0.923404
2026-06-12T17:47:02.396556,1.028219,2.056438,36.134974,0.974856,0.923082
2026-06-12T17:47:02.406052,1.038323,2.076646,36.490061,0.972921,0.924832
2026-06-12T17:47:02.417023,1.048932,2.097864,36.862907,0.968085,0.938651
2026-06-12T17:47:02.426933,1.059094,2.118189,37.220040,0.975501,0.956477
2026-06-12T17:47:02.438856,1.069671,2.139342,37.591743,0.976146,0.967808
2026-06-12T17:47:02.447540,1.079712,2.159424,37.944609,0.973244,0.972230
2026-06-12T17:47:02.458121,1.090401,2.180801,38.320242,0.976790,0.973935
2026-06-12T17:47:02.467578,1.100823,2.201646,38.686515,0.979692,0.974626
2026-06-12T17:47:02.479909,1.111211,2.222423,39.051598,0.981305,0.975823
2026-06-12T17:47:02.487978,1.121612,2.243224,39.417119,0.979692,0.977481
2026-06-12T17:47:02.500168,1.131950,2.263901,39.780434,0.924233,0.970157
2026-06-12T17:47:02.509038,1.142340,2.284680,40.145559,0.883606,0.956938
2026-06-12T17:47:02.521781,1.152741,2.305482,40.511087,0.929392,0.950673
2026-06-12T17:47:02.529888,1.163629,2.327259,40.893738,0.957444,0.947909
2026-06-12T17:47:02.542092,1.173764,2.347529,41.249915,0.970664,0.946620
2026-06-12T17:47:02.551050,1.184317,2.368634,41.620775,0.976790,0.945975
2026-06-12T17:47:02.563233,1.194513,2.389027,41.979109,0.975178,0.945330
2026-06-12T17:47:02.571365,1.204393,2.408787,42.326318,0.941322,0.947771
2026-06-12T17:47:02.583185,1.215192,2.430385,42.705837,0.941645,0.956062
2026-06-12T17:47:02.591922,1.225269,2.450538,43.059962,0.969374,0.961774
2026-06-12T17:47:02.602349,1.235509,2.471019,43.419839,0.981627,0.965229
2026-06-12T17:47:02.614771,1.246574,2.493148,43.808686,0.986141,0.967440
2026-06-12T17:47:02.625569,1.257083,2.514166,44.178006,0.986786,0.968868
2026-06-12T17:47:02.634075,1.267088,2.534177,44.529629,0.962926,0.967117
2026-06-12T17:47:02.645938,1.277379,2.554758,44.891274,0.903597,0.961728
2026-06-12T17:47:02.658435,1.288902,2.577803,45.296216,0.936808,0.961037
2026-06-12T17:47:02.666601,1.298550,2.597100,45.635292,0.969374,0.961037
2026-06-12T17:47:02.675709,1.309063,2.618126,46.004746,0.981627,0.961037
2026-06-12T17:47:02.688930,1.319832,2.639664,46.383211,0.985819,0.960991
2026-06-12T17:47:02.697616,1.329713,2.659426,46.730455,0.978725,0.959839
2026-06-12T17:47:02.710455,1.341016,2.682032,47.127693,0.946481,0.957490
2026-06-12T17:47:02.717562,1.350728,2.701455,47.468987,0.967117,0.966565
2026-06-12T17:47:02.730802,1.361224,2.722448,47.837865,0.982272,0.973059
2026-06-12T17:47:02.738244,1.371539,2.743078,48.200371,0.988398,0.975777
2026-06-12T17:47:02.750093,1.382904,2.765809,48.599782,0.988398,0.976744
2026-06-12T17:47:02.758924,1.392260,2.784521,48.928578,0.987431,0.976975
2026-06-12T17:47:02.771061,1.402270,2.804539,49.280338,0.977113,0.976744
2026-06-12T17:47:02.779607,1.412811,2.825623,49.650811,0.972599,0.980475
2026-06-12T17:47:02.791538,1.423143,2.846287,50.013912,0.980982,0.982456
2026-06-12T17:47:02.800486,1.433393,2.866785,50.374105,0.983239,0.982594
2026-06-12T17:47:02.813339,1.444368,2.888736,50.759806,0.983562,0.981903
2026-06-12T17:47:02.822062,1.454796,2.909592,51.126284,0.965828,0.978679
2026-06-12T17:47:02.833167,1.465913,2.931827,51.516989,0.974533,0.976837
2026-06-12T17:47:02.841579,1.475586,2.951172,51.856919,0.979048,0.977113
2026-06-12T17:47:02.855072,1.485830,2.971659,52.216913,0.977758,0.977850
2026-06-12T17:47:02.863302,1.496207,2.992414,52.581612,0.982272,0.978034
2026-06-12T17:47:02.874861,1.505909,3.011818,52.922572,0.967440,0.975777
2026-06-12T17:47:02.883151,1.516397,3.032793,53.291134,0.948416,0.970756
2026-06-12T17:47:02.893118,1.526669,3.053339,53.652154,0.970019,0.971355
2026-06-12T17:47:02.905107,1.537151,3.074302,54.020504,0.977435,0.971770
2026-06-12T17:47:02.916496,1.547415,3.094831,54.381236,0.978080,0.971631
2026-06-12T17:47:02.924866,1.557902,3.115805,54.749783,0.982272,0.972276
2026-06-12T17:47:02.934285,1.567901,3.135802,55.101167,0.988721,0.973198
2026-06-12T17:47:02.946664,1.578219,3.156438,55.463779,0.981627,0.975224
2026-06-12T17:47:02.954888,1.588302,3.176605,55.818142,0.992912,0.981581
2026-06-12T17:47:02.966406,1.598645,3.197289,56.181597,1.003230,0.986325
2026-06-12T17:47:02.975668,1.608816,3.217633,56.539071,1.002908,0.989964
2026-06-12T17:47:02.988324,1.619069,3.238138,56.899371,0.998716,0.992912
2026-06-12T17:47:02.996932,1.629071,3.258142,57.250874,0.997104,0.995031
2026-06-12T17:47:03.008142,1.640135,3.280269,57.639695,0.996459,0.996137
2026-06-12T17:47:03.017086,1.650881,3.301762,58.017362,0.972921,0.994893
2026-06-12T17:47:03.030308,1.661154,3.322308,58.378382,0.975501,0.992406
2026-06-12T17:47:03.038868,1.671578,3.343156,58.744719,0.989688,0.990471
2026-06-12T17:47:03.050396,1.682156,3.364312,59.116468,0.994202,0.989227
2026-06-12T17:47:03.059244,1.692039,3.384079,59.463793,0.995169,0.988721
2026-06-12T17:47:03.068745,1.702033,3.404067,59.815014,0.998071,0.988859
2026-06-12T17:47:03.080172,1.712523,3.425047,60.183674,0.999039,0.989227
2026-06-12T17:47:03.092177,1.722850,3.445700,60.546574,0.990978,0.991807
2026-06-12T17:47:03.100009,1.732910,3.465821,60.900133,0.996137,0.994755
2026-06-12T17:47:03.111217,1.742941,3.485883,61.252655,0.999361,0.996137
2026-06-12T17:47:03.121885,1.753289,3.506578,61.616300,0.983239,0.994571
2026-06-12T17:47:03.133171,1.763657,3.527314,61.980669,0.984529,0.993050
2026-06-12T17:47:03.141524,1.774050,3.548101,62.345927,0.997749,0.993004
2026-06-12T17:47:03.151117,1.784406,3.568812,62.709857,1.000973,0.993281
2026-06-12T17:47:03.163883,1.794778,3.589556,63.074363,1.002908,0.994985
2026-06-12T17:47:03.171892,1.805303,3.610605,63.444235,1.002908,0.995952
2026-06-12T17:47:03.183181,1.815678,3.631355,63.808850,1.001296,0.996229
2026-06-12T17:47:03.192393,1.825713,3.651426,64.161520,0.998394,0.998394
2026-06-12T17:47:03.205262,1.835905,3.671809,64.519689,1.001941,1.000881
2026-06-12T17:47:03.216504,1.846984,3.693968,64.909063,1.001618,1.001434
2026-06-12T17:47:03.224879,1.857564,3.715128,65.280879,0.942612,0.993097
2026-06-12T17:47:03.234036,1.867643,3.735286,65.635077,0.943257,0.984575
2026-06-12T17:47:03.246862,1.877315,3.754630,65.974986,0.979370,0.981212
2026-06-12T17:47:03.254507,1.887703,3.775407,66.340065,0.948738,0.973704
2026-06-12T17:47:03.266508,1.898010,3.796020,66.702280,0.921331,0.962695
2026-06-12T17:47:03.275467,1.907995,3.815991,67.053196,0.971954,0.958412
2026-06-12T17:47:03.285310,1.918642,3.837285,67.427370,0.992912,0.957168
2026-06-12T17:47:03.297011,1.928827,3.857654,67.785290,0.964538,0.960300
2026-06-12T17:47:03.308755,1.939543,3.879086,68.161878,0.920686,0.957076
2026-06-12T17:47:03.316676,1.949528,3.899056,68.512780,0.955510,0.953667
2026-06-12T17:47:03.328546,1.959837,3.919674,68.875076,0.974533,0.957352
2026-06-12T17:47:03.338587,1.970140,3.940280,69.237160,0.986786,0.966703
2026-06-12T17:47:03.349813,1.980533,3.961066,69.602401,0.995169,0.970019
2026-06-12T17:47:03.358222,1.991005,3.982010,69.970428,0.977113,0.967762
2026-06-12T17:47:03.368208,2.001332,4.002665,70.333367,0.944224,0.964860
2026-06-12T17:47:03.380187,2.011865,4.023730,70.703520,0.973566,0.972415
2026-06-12T17:47:03.391537,2.022082,4.044165,71.062582,0.959379,0.972967
2026-06-12T17:47:03.399801,2.032507,4.065014,71.428937,0.900373,0.962373
2026-06-12T17:47:03.409242,2.042512,4.085024,71.780549,0.910046,0.951410
2026-06-12T17:47:03.421803,2.053181,4.106363,72.155503,0.926168,0.941553
2026-06-12T17:47:03.433112,2.063688,4.127376,72.524743,0.980982,0.942105
2026-06-12T17:47:03.443636,2.074432,4.148865,72.902340,1.004842,0.950765
2026-06-12T17:47:03.450984,2.084670,4.169340,73.262115,1.009679,0.955924
2026-06-12T17:47:03.463230,2.094283,4.188566,73.599955,1.000973,0.961866
2026-06-12T17:47:03.471491,2.104634,4.209269,73.963733,0.988398,0.974441
2026-06-12T17:47:03.483879,2.115321,4.230641,74.339278,1.007100,0.988306
2026-06-12T17:47:03.492403,2.125727,4.251453,74.704986,1.009357,1.000190
2026-06-12T17:47:03.505057,2.135503,4.271006,75.048550,1.008067,1.004059
2026-06-12T17:47:03.513597,2.146067,4.292134,75.419810,1.020319,1.006270
2026-06-12T17:47:03.524800,2.156678,4.313355,75.792701,1.024511,1.008389
2026-06-12T17:47:03.533111,2.166808,4.333615,76.148703,0.994847,1.007514
2026-06-12T17:47:03.543589,2.177188,4.354375,76.513490,0.980660,1.006409
2026-06-12T17:47:03.555688,2.187170,4.374339,76.864293,1.006777,1.006363
2026-06-12T17:47:03.566931,2.197736,4.395471,77.235614,1.007422,1.006086
2026-06-12T17:47:03.575363,2.207987,4.415974,77.595874,1.011614,1.006593
2026-06-12T17:47:03.584621,2.217517,4.435034,77.930804,1.018707,1.006363
2026-06-12T17:47:03.596507,2.228187,4.456374,78.305779,1.018707,1.005533
2026-06-12T17:47:03.604964,2.238204,4.476408,78.657802,1.007100,1.007284
2026-06-12T17:47:03.616954,2.249275,4.498551,79.046891,0.999683,1.010001
2026-06-12T17:47:03.625884,2.258912,4.517824,79.385552,1.015160,1.011199
2026-06-12T17:47:03.638279,2.269510,4.539019,79.757987,1.017095,1.012581
2026-06-12T17:47:03.647720,2.279927,4.559854,80.124088,1.022577,1.014147
2026-06-12T17:47:03.658131,2.290544,4.581088,80.497208,1.021932,1.014608
2026-06-12T17:47:03.667113,2.300868,4.601737,80.860037,1.018707,1.014608
2026-06-12T17:47:03.680027,2.311284,4.622568,81.226076,1.016128,1.015897
2026-06-12T17:47:03.687717,2.321603,4.643206,81.588716,1.018062,1.018523
2026-06-12T17:47:03.699862,2.332135,4.664270,81.958855,1.007100,1.017371
2026-06-12T17:47:03.708787,2.342167,4.684334,82.311398,0.911336,1.002263
2026-06-12T17:47:03.721657,2.352870,4.705741,82.687561,0.871353,0.980660
2026-06-12T17:47:03.729476,2.363057,4.726114,83.045545,0.890700,0.961912
2026-06-12T17:47:03.741489,2.373688,4.747376,83.419156,0.947449,0.951732
2026-06-12T17:47:03.750403,2.384022,4.768044,83.782330,0.980337,0.946620
2026-06-12T17:47:03.763160,2.394541,4.789081,84.151988,0.995814,0.943441
2026-06-12T17:47:03.771081,2.404828,4.809657,84.513528,1.002263,0.942750
2026-06-12T17:47:03.783989,2.415743,4.831486,84.897099,1.003875,0.955970
2026-06-12T17:47:03.792118,2.426000,4.852000,85.257578,1.001941,0.974626
2026-06-12T17:47:03.804990,2.436285,4.872570,85.619023,1.000006,0.990241
2026-06-12T17:47:03.812752,2.446292,4.892584,85.970691,0.962926,0.992452
2026-06-12T17:47:03.824812,2.456389,4.912778,86.325547,0.966472,0.990471
2026-06-12T17:47:03.835167,2.466508,4.933016,86.681151,0.989366,0.989550
2026-06-12T17:47:03.846274,2.477671,4.955342,87.073455,1.000651,0.989319
2026-06-12T17:47:03.858163,2.488778,4.977556,87.463788,1.002585,0.989135
2026-06-12T17:47:03.867145,2.497582,4.995164,87.773189,1.004520,0.989504
2026-06-12T17:47:03.875077,2.508678,5.017357,88.163160,0.986141,0.987523
2026-06-12T17:47:03.884632,2.518006,5.036012,88.490959,0.966472,0.988030
2026-06-12T17:47:03.896889,2.527897,5.055794,88.838568,0.990655,0.991484
2026-06-12T17:47:03.904949,2.538262,5.076525,89.202835,1.004198,0.993603
2026-06-12T17:47:03.916504,2.548878,5.097756,89.575906,0.999683,0.993465
2026-06-12T17:47:03.925983,2.559192,5.118384,89.938370,1.009357,0.994432
2026-06-12T17:47:03.938105,2.569211,5.138422,90.290467,1.010324,0.995261
2026-06-12T17:47:03.946506,2.579716,5.159432,90.659661,0.993880,0.996367
2026-06-12T17:47:03.958810,2.590133,5.180266,91.025745,0.989043,0.999591
2026-06-12T17:47:03.967103,2.600374,5.200747,91.385633,1.006777,1.001894
2026-06-12T17:47:03.980236,2.611374,5.222747,91.772205,1.008389,1.002493
2026-06-12T17:47:03.988746,2.621423,5.242847,92.125392,1.014838,1.004658
2026-06-12T17:47:03.999806,2.631733,5.263466,92.487705,1.019997,1.006178
2026-06-12T17:47:04.010772,2.641895,5.283791,92.844838,1.014193,1.006731
2026-06-12T17:47:04.021544,2.652436,5.304872,93.215276,0.993880,1.006731
2026-06-12T17:47:04.029347,2.662648,5.325296,93.574159,1.010324,1.009771
2026-06-12T17:47:04.042128,2.673087,5.346174,93.941023,1.024189,1.012259
2026-06-12T17:47:04.050362,2.682933,5.365866,94.287029,1.027736,1.015022
2026-06-12T17:47:04.066779,2.697342,5.394684,94.793409,1.031282,1.017371
2026-06-12T17:47:04.072127,2.704149,5.408298,95.032643,1.027091,1.018385
2026-06-12T17:47:04.083642,2.715207,5.430414,95.421243,0.985496,1.014285
2026-06-12T17:47:04.091621,2.724214,5.448428,95.737793,0.992267,1.014055
2026-06-12T17:47:04.101145,2.734170,5.468339,96.087662,1.012903,1.014423
2026-06-12T17:47:04.113545,2.744140,5.488281,96.438061,0.974856,1.007376
2026-06-12T17:47:04.121534,2.755133,5.510266,96.824388,0.974211,0.999730
2026-06-12T17:47:04.133409,2.765699,5.531398,97.195704,1.000006,0.995261
2026-06-12T17:47:04.142040,2.775520,5.551041,97.540857,1.006455,0.992313
2026-06-12T17:47:04.155299,2.785721,5.571441,97.899329,1.007422,0.995446
2026-06-12T17:47:04.166536,2.797034,5.594068,98.296912,1.010001,0.997979
2026-06-12T17:47:04.176131,2.807342,5.614684,98.659168,1.010969,0.997703
2026-06-12T17:47:04.184177,2.817231,5.634463,99.006718,1.013871,1.003276
2026-06-12T17:47:04.196721,2.828719,5.657438,99.410437,1.014838,1.009080
2026-06-12T17:47:04.208107,2.838682,5.677364,99.760558,1.014193,1.011107
2026-06-12T17:47:04.217067,2.848960,5.697920,100.121775,1.011291,1.011798
2026-06-12T17:47:04.229358,2.859867,5.719734,100.505069,1.012259,1.012489
2026-06-12T17:47:04.238526,2.870247,5.740494,100.869856,1.013226,1.012949
2026-06-12T17:47:04.247699,2.880900,5.761800,101.244237,0.991945,1.010232
2026-06-12T17:47:04.258135,2.892771,5.785543,101.661444,0.976790,1.004935
2026-06-12T17:47:04.267927,2.901348,5.802696,101.962854,0.997426,1.002447
2026-06-12T17:47:04.280149,2.911532,5.823063,102.320742,0.918107,0.988721
2026-06-12T17:47:04.291505,2.923115,5.846229,102.727803,0.893279,0.971862
2026-06-12T17:47:04.300380,2.932636,5.865272,103.062420,0.901985,0.956108
2026-06-12T17:47:04.309866,2.943522,5.887045,103.445000,0.966795,0.949475
2026-06-12T17:47:04.322837,2.953341,5.906682,103.790054,0.983239,0.948232
2026-06-12T17:47:04.333118,2.963799,5.927597,104.157575,1.007422,0.952608
2026-06-12T17:47:04.341445,2.974550,5.949100,104.535415,0.995492,0.952331
2026-06-12T17:47:04.351068,2.984872,5.969745,104.898178,1.006777,0.964998
2026-06-12T17:47:04.363760,2.994501,5.989002,105.236551,1.023866,0.983654
2026-06-12T17:47:04.371596,3.004917,6.009833,105.602596,1.024834,1.001204
2026-06-12T17:47:04.383681,3.015378,6.030757,105.970255,0.991945,1.004796
2026-06-12T17:47:04.393707,3.026203,6.052406,106.350674,0.994847,1.006455
2026-06-12T17:47:04.405030,3.037673,6.075345,106.753746,1.007744,1.006501
2026-06-12T17:47:04.413878,3.047173,6.094347,107.087631,0.985819,1.005119
2026-06-12T17:47:04.424808,3.057550,6.115100,107.452303,0.995169,1.003461
2026-06-12T17:47:04.434336,3.067228,6.134455,107.792405,1.018062,1.002631
2026-06-12T17:47:04.446524,3.077570,6.155141,108.155881,1.026768,1.002908
2026-06-12T17:47:04.458118,3.088530,6.177061,108.541059,1.027413,1.007975
2026-06-12T17:47:04.467419,3.098811,6.197622,108.902345,1.028703,1.012811
2026-06-12T17:47:04.475499,3.109087,6.218174,109.263488,1.027736,1.015667
2026-06-12T17:47:04.488166,3.118719,6.237438,109.601985,1.025801,1.021379
2026-06-12T17:47:04.497127,3.129521,6.259042,109.981599,1.027413,1.025985
2026-06-12T17:47:04.508665,3.140014,6.280028,110.350357,1.031282,1.027874
2026-06-12T17:47:04.519091,3.150160,6.300319,110.706910,1.030315,1.028380
2026-06-12T17:47:04.529624,3.160074,6.320147,111.055317,1.031927,1.029025
2026-06-12T17:47:04.538300,3.170765,6.341530,111.431041,1.020642,1.027874
2026-06-12T17:47:04.549786,3.181156,6.362312,111.796221,0.964860,1.018892
2026-06-12T17:47:04.558136,3.191382,6.382764,112.155600,0.977758,1.012028
2026-06-12T17:47:04.568101,3.201080,6.402160,112.496416,1.011936,1.009817
2026-06-12T17:47:04.580345,3.212084,6.424169,112.883147,1.025478,1.008988
2026-06-12T17:47:04.591493,3.222209,6.444419,113.238969,1.031605,1.009172
2026-06-12T17:47:04.601717,3.232555,6.465110,113.602557,1.031605,1.009126
2026-06-12T17:47:04.608991,3.242171,6.484343,113.940499,0.988721,1.004566
2026-06-12T17:47:04.621747,3.252586,6.505172,114.306498,0.968730,1.005119
2026-06-12T17:47:04.630659,3.263058,6.526117,114.674536,1.011936,1.010001
2026-06-12T17:47:04.642657,3.273826,6.547651,115.052938,1.011614,1.009955
2026-06-12T17:47:04.652750,3.284339,6.568677,115.422399,1.012259,1.008067
2026-06-12T17:47:04.663374,3.294553,6.589106,115.781356,1.027413,1.007468
2026-06-12T17:47:04.671104,3.303993,6.607987,116.113133,1.029348,1.007146
2026-06-12T17:47:04.683254,3.314837,6.629673,116.494198,1.029348,1.012949
2026-06-12T17:47:04.691530,3.325036,6.650072,116.852628,1.026446,1.021195
2026-06-12T17:47:04.702015,3.334985,6.669969,117.202265,1.032572,1.024143
2026-06-12T17:47:04.713371,3.345503,6.691006,117.571905,1.035474,1.027551
2026-06-12T17:47:04.725330,3.355897,6.711794,117.937184,1.038698,1.031328
2026-06-12T17:47:04.733762,3.366067,6.732135,118.294616,1.037086,1.032710
2026-06-12T17:47:04.743756,3.376683,6.753366,118.667679,1.034507,1.033447
2026-06-12T17:47:04.755555,3.387342,6.774684,119.042279,1.029993,1.033539
2026-06-12T17:47:04.766459,3.398314,6.796629,119.427881,1.033862,1.034599
2026-06-12T17:47:04.774827,3.407329,6.814658,119.744673,1.037731,1.035336
2026-06-12T17:47:04.784725,3.418289,6.836579,120.129861,1.040633,1.036073
2026-06-12T17:47:04.796703,3.428653,6.857306,120.494068,1.042568,1.036626
2026-06-12T17:47:04.808628,3.439178,6.878357,120.863976,1.042568,1.037409
2026-06-12T17:47:04.817455,3.449552,6.899104,121.228527,1.041600,1.038422
2026-06-12T17:47:04.829670,3.460813,6.921627,121.624297,1.043535,1.040357
2026-06-12T17:47:04.838540,3.470602,6.941204,121.968293,1.041923,1.041508
2026-06-12T17:47:04.849763,3.481242,6.962483,122.342210,1.027736,1.040080
2026-06-12T17:47:04.858705,3.491679,6.983359,122.709025,1.037731,1.039666
2026-06-12T17:47:04.868097,3.501816,7.003632,123.065259,1.038376,1.039067
2026-06-12T17:47:04.880630,3.511824,7.023648,123.416976,0.946481,1.025340
2026-06-12T17:47:04.891485,3.522541,7.045081,123.793596,0.942612,1.011199
2026-06-12T17:47:04.900671,3.534323,7.068646,124.207657,1.024189,1.008435
2026-06-12T17:47:04.913454,3.544806,7.089612,124.576068,1.045792,1.008988
2026-06-12T17:47:04.923112,3.554379,7.108758,124.912501,1.047082,1.011752
2026-06-12T17:47:04.933113,3.565254,7.130509,125.294698,1.038376,1.011844
2026-06-12T17:47:04.942530,3.575548,7.151096,125.656439,1.032250,1.010969
2026-06-12T17:47:04.955097,3.586286,7.172572,126.033811,1.039021,1.024189
2026-06-12T17:47:04.963796,3.596556,7.193113,126.394746,1.048049,1.039251
2026-06-12T17:47:04.974785,3.606925,7.213849,126.759122,1.045470,1.042291
2026-06-12T17:47:04.984339,3.617087,7.234174,127.116255,1.034184,1.040633
2026-06-12T17:47:04.996575,3.627664,7.255327,127.487958,1.045147,1.040357
2026-06-12T17:47:05.008851,3.639431,7.278862,127.901510,1.045470,1.041370
2026-06-12T17:47:05.017570,3.648676,7.297351,128.226389,1.019675,1.039574
2026-06-12T17:47:05.025350,3.659325,7.318649,128.600629,1.019352,1.036764
2026-06-12T17:47:05.035662,3.668996,7.337992,128.940514,1.039021,1.035474
2026-06-12T17:47:05.047122,3.679095,7.358191,129.295436,1.051918,1.036395
2026-06-12T17:47:05.058167,3.690024,7.380049,129.679517,1.055143,1.039389
2026-06-12T17:47:05.069221,3.700063,7.400127,130.032320,1.059657,1.041462
2026-06-12T17:47:05.076914,3.710219,7.420438,130.389232,1.051596,1.042337
2026-06-12T17:47:05.088226,3.720352,7.440705,130.745349,1.039666,1.045193
2026-06-12T17:47:05.099865,3.731464,7.462928,131.135837,1.052563,1.049938
2026-06-12T17:47:05.108135,3.741256,7.482513,131.479981,1.060302,1.052978
2026-06-12T17:47:05.118458,3.751718,7.503436,131.847632,1.057722,1.053807
2026-06-12T17:47:05.130807,3.762006,7.524012,132.209186,1.041600,1.051872
2026-06-12T17:47:05.141437,3.772529,7.545059,132.579016,1.014838,1.045470
2026-06-12T17:47:05.149897,3.783313,7.566626,132.957980,1.010969,1.039666
2026-06-12T17:47:05.159782,3.793317,7.586633,133.309550,1.032250,1.038606
2026-06-12T17:47:05.172434,3.803799,7.607599,133.677946,1.047727,1.037915
2026-06-12T17:47:05.183154,3.814156,7.628311,134.041897,1.049339,1.036349
2026-06-12T17:47:05.192510,3.824689,7.649378,134.412071,1.055788,1.036073
2026-06-12T17:47:05.200941,3.834678,7.669355,134.763107,1.064816,1.039389
2026-06-12T17:47:05.213936,3.844376,7.688753,135.103958,1.060302,1.045884
2026-06-12T17:47:05.224767,3.855581,7.711162,135.497717,1.063849,1.053438
2026-06-12T17:47:05.233104,3.865916,7.731832,135.860933,1.065138,1.058137
2026-06-12T17:47:05.242557,3.875559,7.751118,136.199813,1.064493,1.060532
2026-06-12T17:47:05.254822,3.885898,7.771797,136.563177,1.046759,1.060164
2026-06-12T17:47:05.263945,3.896500,7.793000,136.935745,1.064816,1.061453
2026-06-12T17:47:05.274712,3.907128,7.814256,137.309244,1.067073,1.061776
2026-06-12T17:47:05.284416,3.917643,7.835286,137.678782,1.062881,1.062144
2026-06-12T17:47:05.296812,3.927976,7.855952,138.041925,1.064816,1.062282
2026-06-12T17:47:05.304690,3.938242,7.876485,138.402709,1.075456,1.063756
2026-06-12T17:47:05.317312,3.949018,7.898036,138.781395,1.019675,1.057354
2026-06-12T17:47:05.325391,3.958980,7.917961,139.131517,0.999039,1.050536
2026-06-12T17:47:05.338638,3.969591,7.939183,139.504422,1.055465,1.049201
2026-06-12T17:47:05.345979,3.979952,7.959905,139.868542,1.075456,1.050398
2026-06-12T17:47:05.358056,3.989219,7.978438,140.194193,1.082872,1.053254
2026-06-12T17:47:05.367195,3.999761,7.999523,140.564691,1.087709,1.056525
2026-06-12T17:47:05.376329,4.009644,8.019288,140.912002,1.087386,1.058229
2026-06-12T17:47:05.388401,4.020164,8.040328,141.281712,1.013871,1.057400
2026-06-12T17:47:05.399757,4.031076,8.062151,141.665175,0.959701,1.051780
2026-06-12T17:47:05.408123,4.041329,8.082659,142.025523,1.002585,1.044226
2026-06-12T17:47:05.417779,4.051414,8.102827,142.379919,1.058045,1.041739
2026-06-12T17:47:05.431207,4.062302,8.124605,142.762583,1.082550,1.041692
2026-06-12T17:47:05.441446,4.073083,8.146166,143.141445,1.090611,1.042107
2026-06-12T17:47:05.449826,4.083083,8.166167,143.492895,1.093190,1.042936
2026-06-12T17:47:05.459318,4.092639,8.185278,143.828710,1.097704,1.054912
2026-06-12T17:47:05.471984,4.103065,8.206130,144.195118,1.097060,1.074535
2026-06-12T17:47:05.482049,4.113200,8.226400,144.551298,1.051273,1.081490
2026-06-12T17:47:05.491397,4.123560,8.247119,144.915365,1.026446,1.076976
2026-06-12T17:47:05.500760,4.134160,8.268319,145.287887,1.075779,1.076009
2026-06-12T17:47:05.513818,4.144260,8.288521,145.642859,1.090611,1.076009
2026-06-12T17:47:05.521658,4.154293,8.308586,145.995440,1.099961,1.076976
2026-06-12T17:47:05.533758,4.164971,8.329942,146.370697,1.104476,1.077944
2026-06-12T17:47:05.542528,4.175352,8.350704,146.735516,1.104798,1.079049
2026-06-12T17:47:05.551895,4.185640,8.371280,147.097073,1.098994,1.085866
2026-06-12T17:47:05.564546,4.196091,8.392181,147.464341,1.105765,1.097198
2026-06-12T17:47:05.574784,4.206133,8.412265,147.817250,1.111247,1.102265
2026-06-12T17:47:05.583179,4.217356,8.434713,148.211688,1.111569,1.105259
2026-06-12T17:47:05.595550,4.226802,8.453604,148.543647,1.116406,1.107608
2026-06-12T17:47:05.605498,4.236443,8.472886,148.882464,1.121242,1.110003
2026-06-12T17:47:05.616404,4.247015,8.494030,149.253995,1.115761,1.111569
2026-06-12T17:47:05.624772,4.257275,8.514550,149.614554,1.101251,1.111892
2026-06-12T17:47:05.634222,4.267796,8.535592,149.984307,1.117051,1.113504
2026-06-12T17:47:05.647312,4.279556,8.559113,150.397599,1.123822,1.115300
2026-06-12T17:47:05.660175,4.292678,8.585357,150.858749,1.127369,1.117557
2026-06-12T17:47:05.666453,4.299551,8.599102,151.100271,1.134140,1.120091
2026-06-12T17:47:05.676047,4.309566,8.619132,151.452241,1.133495,1.121841
2026-06-12T17:47:05.688593,4.319932,8.639865,151.816543,1.116728,1.121979
2026-06-12T17:47:05.700102,4.330546,8.661092,152.189547,1.127369,1.125710
2026-06-12T17:47:05.708496,4.340695,8.681390,152.546206,1.136397,1.128474
2026-06-12T17:47:05.718030,4.351748,8.703497,152.934669,1.140911,1.130915
2026-06-12T17:47:05.731090,4.361858,8.723716,153.289946,1.145425,1.133495
2026-06-12T17:47:05.741506,4.372056,8.744112,153.648334,1.145425,1.135107
2026-06-12T17:47:05.749792,4.382548,8.765096,154.017060,1.138976,1.135890
2026-06-12T17:47:05.759373,4.392891,8.785782,154.380558,1.139944,1.139207
2026-06-12T17:47:05.771773,4.403531,8.807062,154.754482,1.148972,1.142293
2026-06-12T17:47:05.783148,4.413579,8.827158,155.107602,1.151874,1.144504
2026-06-12T17:47:05.791455,4.423793,8.847587,155.466566,1.155421,1.146577
2026-06-12T17:47:05.803181,4.434419,8.868837,155.839970,1.157678,1.148327
2026-06-12T17:47:05.813299,4.444541,8.889082,156.195704,1.158645,1.150216
2026-06-12T17:47:05.821800,4.454664,8.909328,156.551452,1.089966,1.143214
2026-06-12T17:47:05.833149,4.464896,8.929792,156.911035,1.036119,1.128382
2026-06-12T17:47:05.842230,4.475265,8.950530,157.275439,1.111247,1.122993
2026-06-12T17:47:05.852015,4.485678,8.971356,157.641382,1.144780,1.121979
2026-06-12T17:47:05.863761,4.496041,8.992082,158.005579,1.163159,1.123085
2026-06-12T17:47:05.876947,4.510120,9.020239,158.500343,1.161225,1.123592
2026-06-12T17:47:05.883129,4.516286,9.032571,158.717044,1.087709,1.113458
2026-06-12T17:47:05.896358,4.526726,9.053452,159.083943,1.028703,1.104706
2026-06-12T17:47:05.905164,4.536873,9.073747,159.440559,1.104153,1.114425
2026-06-12T17:47:05.916738,4.548974,9.097948,159.865811,1.154776,1.120644
2026-06-12T17:47:05.925217,4.558547,9.117094,160.202248,1.174122,1.124835
2026-06-12T17:47:05.935164,4.568295,9.136589,160.544807,1.178636,1.127046
2026-06-12T17:47:05.947636,4.578379,9.156757,160.899195,1.170575,1.128382
2026-06-12T17:47:05.957408,4.588367,9.176733,161.250199,1.070297,1.125895
2026-06-12T17:47:05.966407,4.599050,9.198099,161.625641,1.058045,1.130086
2026-06-12T17:47:05.976137,4.609747,9.219494,162.001587,1.139299,1.135107
2026-06-12T17:47:05.988744,4.619641,9.239282,162.349287,1.168641,1.137088
2026-06-12T17:47:05.997384,4.630047,9.260095,162.714998,1.181538,1.138147
2026-06-12T17:47:06.008219,4.640680,9.281360,163.088673,1.187020,1.139345
2026-06-12T17:47:06.017289,4.651079,9.302157,163.454107,1.186697,1.141648
2026-06-12T17:47:06.030200,4.661320,9.322641,163.814041,1.188632,1.158553
2026-06-12T17:47:06.041421,4.671899,9.343799,164.185822,1.189277,1.177300
2026-06-12T17:47:06.050961,4.682838,9.365676,164.570243,1.194758,1.185223
2026-06-12T17:47:06.059098,4.692711,9.385421,164.917192,1.183473,1.187342
2026-06-12T17:47:06.071855,4.702291,9.404582,165.253875,1.191211,1.188724
2026-06-12T17:47:06.079332,4.712510,9.425021,165.613018,1.198627,1.190382
2026-06-12T17:47:06.092206,4.723225,9.446450,165.989571,1.189277,1.190751
2026-06-12T17:47:06.099753,4.733443,9.466886,166.348665,1.193468,1.191442
2026-06-12T17:47:06.110292,4.743513,9.487027,166.702565,1.202497,1.193330
2026-06-12T17:47:06.121432,4.754251,9.508501,167.079912,1.209268,1.195403
2026-06-12T17:47:06.133369,4.765628,9.531256,167.479747,1.205721,1.198581
2026-06-12T17:47:06.143625,4.774889,9.549777,167.805195,1.214104,1.201852
2026-06-12T17:47:06.151696,4.784362,9.568725,168.138135,1.198627,1.201852
2026-06-12T17:47:06.163287,4.794826,9.589652,168.505857,1.208300,1.204569
2026-06-12T17:47:06.172646,4.805003,9.610007,168.863531,1.219263,1.208254
2026-06-12T17:47:06.183045,4.814938,9.629876,169.212669,1.229259,1.212078
2026-06-12T17:47:06.192548,4.825265,9.650530,169.575580,1.232161,1.215348
2026-06-12T17:47:06.204887,4.835912,9.671824,169.949764,1.238932,1.220092
2026-06-12T17:47:06.213498,4.846548,9.693097,170.323558,1.239254,1.223685
2026-06-12T17:47:06.224789,4.857319,9.714639,170.702079,1.182505,1.221382
2026-06-12T17:47:06.234274,4.867195,9.734390,171.049137,1.136397,1.211110
2026-06-12T17:47:06.246418,4.876902,9.753804,171.390276,1.205398,1.209130
2026-06-12T17:47:06.254910,4.887719,9.775438,171.770424,1.229259,1.209130
2026-06-12T17:47:06.267240,4.898530,9.797059,172.150348,1.226357,1.208300
2026-06-12T17:47:06.276966,4.909535,9.819071,172.537120,1.244413,1.209083
2026-06-12T17:47:06.289084,4.919767,9.839533,172.896682,1.248927,1.210465
2026-06-12T17:47:06.297783,4.929091,9.858182,173.224375,1.251185,1.220277
2026-06-12T17:47:06.308132,4.940083,9.880167,173.610680,1.256666,1.237458
2026-06-12T17:47:06.316757,4.950359,9.900718,173.971802,1.258278,1.245012
2026-06-12T17:47:06.329667,4.961169,9.922337,174.351687,1.223133,1.244137
2026-06-12T17:47:06.337800,4.970909,9.941818,174.693986,1.248605,1.247315
2026-06-12T17:47:06.349758,4.981518,9.963037,175.066842,1.262792,1.249941
2026-06-12T17:47:06.358637,4.991842,9.983685,175.429661,1.262470,1.251875
2026-06-12T17:47:06.368532,5.001642,10.003284,175.774047,1.250540,1.251783
2026-06-12T17:47:06.380248,5.013097,10.026193,176.176603,1.260213,1.252290
2026-06-12T17:47:06.391415,5.023718,10.047436,176.549870,1.267306,1.253580
2026-06-12T17:47:06.399779,5.033044,10.066088,176.877616,1.270531,1.260351
2026-06-12T17:47:06.410156,5.043216,10.086432,177.235090,1.272788,1.263806
2026-06-12T17:47:06.422340,5.053822,10.107643,177.607816,1.266662,1.264358
2026-06-12T17:47:06.433370,5.064082,10.128164,177.968400,1.274078,1.266017
2026-06-12T17:47:06.442296,5.074322,10.148644,178.328257,1.280526,1.270300
2026-06-12T17:47:06.451424,5.084852,10.169704,178.698319,1.276012,1.272558
2026-06-12T17:47:06.464040,5.095370,10.190740,179.067959,1.243446,1.269149
2026-06-12T17:47:06.476838,5.107904,10.215807,179.508434,1.276012,1.269932
2026-06-12T17:47:06.483781,5.116754,10.233508,179.819470,1.285685,1.271774
2026-06-12T17:47:06.493598,5.127373,10.254747,180.192660,1.286008,1.274538
2026-06-12T17:47:06.504693,5.137962,10.275924,180.564781,1.285685,1.276196
2026-06-12T17:47:06.517208,5.148004,10.296009,180.917704,1.288910,1.277394
2026-06-12T17:47:06.524688,5.158030,10.316061,181.270051,1.180248,1.263714
2026-06-12T17:47:06.534870,5.168115,10.336230,181.624463,1.092545,1.242156
2026-06-12T17:47:06.547192,5.178422,10.356844,181.986685,1.158000,1.225297
2026-06-12T17:47:06.558099,5.189153,10.378307,182.363811,1.242156,1.219079
2026-06-12T17:47:06.567359,5.199669,10.399339,182.733381,1.278269,1.217974
2026-06-12T17:47:06.576303,5.209874,10.419749,183.092022,1.295681,1.219401
2026-06-12T17:47:06.588701,5.220268,10.440537,183.457297,1.295036,1.220277
2026-06-12T17:47:06.599836,5.231646,10.463292,183.857136,1.300517,1.237458
2026-06-12T17:47:06.608621,5.240916,10.481832,184.182918,1.311480,1.268734
2026-06-12T17:47:06.617958,5.251549,10.503097,184.556589,1.295358,1.288357
2026-06-12T17:47:06.630506,5.261909,10.523819,184.920702,1.234095,1.287205
2026-06-12T17:47:06.638380,5.271804,10.543608,185.268423,1.251507,1.283382
2026-06-12T17:47:06.649815,5.281857,10.563714,185.621719,1.300517,1.284073
2026-06-12T17:47:06.658544,5.292117,10.584233,185.982282,1.311803,1.286468
2026-06-12T17:47:06.668818,5.301890,10.603781,186.325761,1.320509,1.289324
2026-06-12T17:47:06.680689,5.312426,10.624852,186.696017,1.324700,1.291213
2026-06-12T17:47:06.692089,5.323410,10.646820,187.082023,1.321476,1.294944
2026-06-12T17:47:06.700388,5.332707,10.665414,187.408757,1.300840,1.304479
2026-06-12T17:47:06.712156,5.343059,10.686117,187.772543,1.318896,1.314106
2026-06-12T17:47:06.723704,5.354162,10.708324,188.162753,1.296648,1.313553
2026-06-12T17:47:06.733073,5.363887,10.727774,188.504521,1.188632,1.295957
2026-06-12T17:47:06.742250,5.374507,10.749015,188.877757,1.259890,1.287298
2026-06-12T17:47:06.751390,5.384849,10.769698,189.241191,1.290522,1.282415
2026-06-12T17:47:06.763812,5.394673,10.789346,189.586445,1.262470,1.273985
2026-06-12T17:47:06.774791,5.406096,10.812193,189.987904,1.310191,1.275321
2026-06-12T17:47:06.783663,5.415921,10.831842,190.333173,1.339210,1.278223
2026-06-12T17:47:06.792866,5.426247,10.852494,190.696052,1.306644,1.279651
2026-06-12T17:47:06.805456,5.437160,10.874320,191.079577,1.311803,1.297247
2026-06-12T17:47:06.814279,5.446325,10.892651,191.401676,1.335341,1.308026
2026-06-12T17:47:06.824760,5.456527,10.913055,191.760211,1.266984,1.304663
2026-06-12T17:47:06.833625,5.466709,10.933417,192.118015,1.262792,1.304709
2026-06-12T17:47:06.846552,5.477746,10.955492,192.505895,1.243446,1.295174
2026-06-12T17:47:06.856479,5.487891,10.975783,192.862441,1.223777,1.278684
2026-06-12T17:47:06.868119,5.499518,10.999037,193.271052,1.198627,1.263253
2026-06-12T17:47:06.874788,5.508005,11.016010,193.569309,1.218941,1.249987
2026-06-12T17:47:06.888434,5.518883,11.037766,193.951584,1.162514,1.225297
2026-06-12T17:47:06.896491,5.528695,11.057390,194.296413,1.261825,1.224560
2026-06-12T17:47:06.908047,5.539682,11.079363,194.682521,1.322443,1.233082
2026-06-12T17:47:06.917299,5.550084,11.100169,195.048113,1.353075,1.248743
2026-06-12T17:47:06.929787,5.560155,11.120310,195.402027,1.355654,1.267583
2026-06-12T17:47:06.938452,5.570341,11.140682,195.760000,1.334696,1.287021
2026-06-12T17:47:06.949762,5.580950,11.161899,196.132814,1.350173,1.305769
2026-06-12T17:47:06.958499,5.591460,11.182919,196.502170,1.363715,1.334512
2026-06-12T17:47:06.967550,5.601272,11.202543,196.846999,1.370486,1.350035
2026-06-12T17:47:06.979957,5.611116,11.222232,197.192953,1.372421,1.357174
2026-06-12T17:47:06.991407,5.621854,11.243709,197.570342,1.344046,1.355885
2026-06-12T17:47:07.001770,5.632907,11.265814,197.958770,1.255054,1.341513
2026-06-12T17:47:07.009275,5.643019,11.286038,198.314143,1.325990,1.340269
2026-06-12T17:47:07.021697,5.652951,11.305902,198.663182,1.254409,1.326589
2026-06-12T17:47:07.033081,5.663975,11.327951,199.050608,1.170898,1.299043
2026-06-12T17:47:07.041419,5.673995,11.347991,199.402751,1.208623,1.275920
2026-06-12T17:47:07.050933,5.684258,11.368517,199.763423,1.233128,1.256021
2026-06-12T17:47:07.064182,5.694887,11.389775,200.136957,1.325668,1.253396
2026-06-12T17:47:07.071143,5.704909,11.409817,200.489138,1.357911,1.268089
2026-06-12T17:47:07.083933,5.715543,11.431085,200.862855,1.371131,1.274538
2026-06-12T17:47:07.092664,5.725569,11.451138,201.215219,1.371776,1.291305
2026-06-12T17:47:07.102430,5.736207,11.472414,201.589070,1.378870,1.321015
2026-06-12T17:47:07.115725,5.746338,11.492676,201.945106,1.384351,1.346119
2026-06-12T17:47:07.125373,5.756121,11.512242,202.288913,1.291812,1.354503
2026-06-12T17:47:07.134488,5.766706,11.533412,202.660897,1.245703,1.343079
2026-06-12T17:47:07.143658,5.776632,11.553265,203.009751,1.347916,1.341651
2026-06-12T17:47:07.155716,5.786695,11.573391,203.363397,1.359523,1.339993
2026-06-12T17:47:07.166419,5.797541,11.595082,203.744544,1.357266,1.337920
2026-06-12T17:47:07.174796,5.807727,11.615455,204.102524,1.389510,1.339440
2026-06-12T17:47:07.186715,5.818115,11.636230,204.467578,1.404342,1.342296
2026-06-12T17:47:07.197859,5.828714,11.657429,204.840079,1.401440,1.357957
2026-06-12T17:47:07.205076,5.838188,11.676376,205.173012,1.361781,1.374540
2026-06-12T17:47:07.218077,5.848982,11.697965,205.552366,1.390477,1.380620
2026-06-12T17:47:07.229783,5.860840,11.721681,205.969095,1.393057,1.385411
2026-06-12T17:47:07.238658,5.870213,11.740425,206.298465,1.396926,1.391076
2026-06-12T17:47:07.249818,5.880652,11.761305,206.665350,1.409501,1.393932
2026-06-12T17:47:07.258409,5.890996,11.781992,207.028865,1.393702,1.392412
2026-06-12T17:47:07.267978,5.901544,11.803087,207.399535,1.400795,1.392320
2026-06-12T17:47:07.281061,5.912154,11.824308,207.772416,1.413371,1.399690
2026-06-12T17:47:07.291404,5.922438,11.844877,208.133843,1.349528,1.393840
2026-06-12T17:47:07.300677,5.932421,11.864842,208.484668,1.233773,1.371085
2026-06-12T17:47:07.309202,5.942757,11.885514,208.847905,1.320186,1.360122
2026-06-12T17:47:07.322455,5.953298,11.906596,209.218347,1.395959,1.358188
2026-06-12T17:47:07.333081,5.963868,11.927736,209.589825,1.423688,1.362471
2026-06-12T17:47:07.342248,5.973827,11.947654,209.939807,1.436264,1.367538
2026-06-12T17:47:07.350030,5.983629,11.967259,210.284295,1.444002,1.371914
2026-06-12T17:47:07.360534,5.993633,11.987265,210.635844,1.440133,1.384858
2026-06-12T17:47:07.371503,6.004345,12.008690,211.012316,1.439810,1.414292
2026-06-12T17:47:07.383106,6.015282,12.030564,211.396674,1.442067,1.431703
2026-06-12T17:47:07.392140,6.025050,12.050099,211.739943,1.444324,1.438613
2026-06-12T17:47:07.401857,6.035153,12.070307,212.095017,1.447549,1.442021
2026-06-12T17:47:07.413831,6.045791,12.091581,212.468846,1.448194,1.443726
2026-06-12T17:47:07.425077,6.056529,12.113058,212.846232,1.447871,1.444278
2026-06-12T17:47:07.433954,6.066543,12.133087,213.198171,1.355654,1.432210
2026-06-12T17:47:07.442911,6.076155,12.152310,213.535954,1.256344,1.406001
2026-06-12T17:47:07.454997,6.086655,12.173309,213.904941,1.326635,1.389510
2026-06-12T17:47:07.466377,6.096869,12.193739,214.263926,1.387576,1.381403
2026-06-12T17:47:07.475232,6.107122,12.214245,214.624246,1.429815,1.378870
2026-06-12T17:47:07.484665,6.117995,12.235990,215.006352,1.442390,1.378041
2026-06-12T17:47:07.496813,6.128125,12.256251,215.362360,1.405632,1.372006
2026-06-12T17:47:07.509193,6.140158,12.280317,215.785236,1.407889,1.379469
2026-06-12T17:47:07.516516,6.149520,12.299041,216.114250,1.415950,1.402269
2026-06-12T17:47:07.528348,6.159300,12.318599,216.457924,1.397249,1.412357
2026-06-12T17:47:07.537664,6.168741,12.337481,216.789711,1.356299,1.407889
2026-06-12T17:47:07.547571,6.179102,12.358203,217.153834,1.422399,1.406830
2026-06-12T17:47:07.558024,6.189246,12.378491,217.510324,1.440455,1.406553
2026-06-12T17:47:07.567015,6.199271,12.398543,217.862660,1.448839,1.412726
2026-06-12T17:47:07.575986,6.209040,12.418080,218.205960,1.448839,1.418576
2026-06-12T17:47:07.588104,6.219573,12.439147,218.576142,1.453353,1.423919
2026-06-12T17:47:07.596131,6.229942,12.459884,218.940525,1.452063,1.431749
2026-06-12T17:47:07.608055,6.240779,12.481558,219.321380,1.455287,1.445891
2026-06-12T17:47:07.617429,6.250200,12.500400,219.652461,1.458512,1.451050
2026-06-12T17:47:07.629887,6.260762,12.521523,220.023630,1.454642,1.453076
2026-06-12T17:47:07.637695,6.271359,12.542718,220.396061,1.452708,1.453629
2026-06-12T17:47:07.650306,6.282535,12.565071,220.788829,1.462059,1.455518
2026-06-12T17:47:07.658678,6.292345,12.584690,221.133574,1.462703,1.456853
2026-06-12T17:47:07.672056,6.302587,12.605174,221.493511,1.413048,1.451280
2026-06-12T17:47:07.683073,6.314348,12.628697,221.906849,1.434974,1.448378
2026-06-12T17:47:07.692532,6.323855,12.647710,222.240931,1.461736,1.448839
2026-06-12T17:47:07.700381,6.334262,12.668524,222.606681,1.450773,1.448286
2026-06-12T17:47:07.713682,6.344154,12.688308,222.954319,1.464316,1.449944
2026-06-12T17:47:07.720945,6.354423,12.708846,223.315198,1.474311,1.451694
2026-06-12T17:47:07.734171,6.364865,12.729730,223.682164,1.419819,1.445568
2026-06-12T17:47:07.742438,6.375399,12.750799,224.052373,1.428203,1.447733
2026-06-12T17:47:07.754762,6.386173,12.772347,224.431011,1.464316,1.451925
2026-06-12T17:47:07.763436,6.396360,12.792720,224.788997,1.428203,1.447134
2026-06-12T17:47:07.774756,6.406882,12.813764,225.158782,1.434974,1.444877
2026-06-12T17:47:07.783467,6.417773,12.835547,225.541541,1.464638,1.444923
2026-06-12T17:47:07.797550,6.428438,12.856876,225.916323,1.478503,1.445522
2026-06-12T17:47:07.808389,6.439060,12.878119,226.289605,1.486241,1.455011
2026-06-12T17:47:07.817057,6.447706,12.895412,226.593460,1.491078,1.463993
2026-06-12T17:47:07.825071,6.458192,12.916385,226.961994,1.490755,1.467770
2026-06-12T17:47:07.835112,6.468309,12.936618,227.317528,1.372099,1.459755
2026-06-12T17:47:07.847167,6.479001,12.958002,227.693279,1.318252,1.443081
2026-06-12T17:47:07.858353,6.489427,12.978854,228.059676,1.373711,1.430091
2026-06-12T17:47:07.867196,6.501575,13.003150,228.486607,1.465283,1.428203
2026-06-12T17:47:07.875969,6.509086,13.018173,228.750572,1.487531,1.428387
2026-06-12T17:47:07.888008,6.519211,13.038421,229.106369,1.498494,1.429446
2026-06-12T17:47:07.896298,6.529768,13.059535,229.477384,1.469152,1.426360
2026-06-12T17:47:07.909655,6.541156,13.082313,229.877616,1.436908,1.435619
2026-06-12T17:47:07.917606,6.550747,13.101493,230.214654,1.463993,1.456439
2026-06-12T17:47:07.929925,6.560670,13.121340,230.563395,1.449806,1.467310
2026-06-12T17:47:07.937700,6.571002,13.142005,230.926506,1.453030,1.465559
2026-06-12T17:47:07.950074,6.582111,13.164222,231.316895,1.491400,1.466112
2026-06-12T17:47:07.958977,6.591505,13.183010,231.647038,1.504620,1.466987
2026-06-12T17:47:07.968407,6.601640,13.203279,232.003197,1.510102,1.472837
2026-06-12T17:47:07.980234,6.612061,13.224122,232.369432,1.511069,1.483432
2026-06-12T17:47:07.991882,6.623054,13.246108,232.755773,1.489143,1.487024
2026-06-12T17:47:07.999740,6.633218,13.266436,233.112972,1.241834,1.457314
2026-06-12T17:47:08.010196,6.643360,13.286720,233.469381,1.279881,1.432579
2026-06-12T17:47:08.021801,6.654325,13.308649,233.854720,1.355654,1.413186
2026-06-12T17:47:08.034660,6.665560,13.331121,234.249587,1.468830,1.408073
2026-06-12T17:47:08.042195,6.675075,13.350150,234.583954,1.500751,1.406738
2026-06-12T17:47:08.054890,6.685663,13.371326,234.956054,1.509457,1.406507
2026-06-12T17:47:08.064519,6.696066,13.392132,235.321657,1.463026,1.402776
2026-06-12T17:47:08.074775,6.706420,13.412841,235.685534,1.440455,1.431151
2026-06-12T17:47:08.083081,6.716348,13.432697,236.034443,1.463993,1.457452
2026-06-12T17:47:08.093611,6.726535,13.453069,236.392416,1.494947,1.477351
2026-06-12T17:47:08.104927,6.737402,13.474804,236.774332,1.505265,1.482556
2026-06-12T17:47:08.116418,6.747282,13.494565,237.121561,1.508167,1.483616
2026-06-12T17:47:08.124797,6.757507,13.515014,237.480887,1.513971,1.484261
2026-06-12T17:47:08.134604,6.767259,13.534519,237.823615,1.393379,1.474311
2026-06-12T17:47:08.146628,6.778657,13.557314,238.224167,1.254086,1.447687
2026-06-12T17:47:08.154747,6.788110,13.576219,238.556363,1.313415,1.426176
2026-06-12T17:47:08.167188,6.798060,13.596120,238.906045,1.416595,1.414983
2026-06-12T17:47:08.174979,6.808711,13.617421,239.280349,1.481082,1.411528
2026-06-12T17:47:08.188127,6.818704,13.637408,239.631550,1.514293,1.412403
2026-06-12T17:47:08.197064,6.828904,13.657808,239.990011,1.524611,1.413923
2026-06-12T17:47:08.208547,6.839398,13.678796,240.358808,1.532027,1.433730
2026-06-12T17:47:08.217181,6.849643,13.699287,240.718862,1.536542,1.474081
2026-06-12T17:47:08.229821,6.860269,13.720538,241.092276,1.532027,1.505311
2026-06-12T17:47:08.238552,6.870184,13.740367,241.440715,1.501718,1.517472
2026-06-12T17:47:08.249757,6.881256,13.762511,241.829818,1.527191,1.524059
2026-06-12T17:47:08.258589,6.891197,13.782395,242.179208,1.537509,1.527375
2026-06-12T17:47:08.268031,6.901666,13.803332,242.547106,1.543635,1.530093
2026-06-12T17:47:08.280879,6.912342,13.824684,242.922302,1.545247,1.531981
2026-06-12T17:47:08.291451,6.922873,13.845746,243.292382,1.545892,1.533317
2026-06-12T17:47:08.302415,6.933338,13.866675,243.660149,1.460769,1.523137
2026-06-12T17:47:08.311838,6.943026,13.886052,244.000638,1.398861,1.508443
2026-06-12T17:47:08.321454,6.952710,13.905420,244.340955,1.494947,1.503837
2026-06-12T17:47:08.331949,6.963069,13.926139,244.705025,1.530415,1.502824
2026-06-12T17:47:08.343953,6.974582,13.949164,245.109619,1.471732,1.492552
2026-06-12T17:47:08.350965,6.984063,13.968126,245.442802,1.513004,1.487946
2026-06-12T17:47:08.363576,6.994505,13.989009,245.809758,1.532027,1.485965
2026-06-12T17:47:08.371495,7.004714,14.009427,246.168535,1.499139,1.491446
2026-06-12T17:47:08.383038,7.015195,14.030390,246.536889,1.520420,1.508812
2026-06-12T17:47:08.392517,7.025933,14.051866,246.914254,1.479148,1.506555
2026-06-12T17:47:08.405239,7.036375,14.072750,247.281224,1.272143,1.469659
2026-06-12T17:47:08.416700,7.047452,14.094904,247.670506,1.186697,1.428940
2026-06-12T17:47:08.425149,7.056826,14.113653,247.999953,1.337275,1.403836
2026-06-12T17:47:08.436117,7.067802,14.135605,248.385685,1.462703,1.393932
2026-06-12T17:47:08.445166,7.077375,14.154749,248.722080,1.532027,1.398631
2026-06-12T17:47:08.455528,7.087959,14.175919,249.094065,1.557178,1.403882
2026-06-12T17:47:08.466744,7.099149,14.198298,249.487307,1.562014,1.415720
2026-06-12T17:47:08.474946,7.108511,14.217022,249.816322,1.552986,1.455840
2026-06-12T17:47:08.485149,7.118157,14.236314,250.155307,1.571365,1.510793
2026-06-12T17:47:08.496434,7.129081,14.258163,250.539230,1.577169,1.545063
2026-06-12T17:47:08.508747,7.139305,14.278611,250.898531,1.577491,1.561461
2026-06-12T17:47:08.517274,7.149743,14.299486,251.265350,1.575234,1.567634
2026-06-12T17:47:08.526339,7.159898,14.319796,251.622226,1.580715,1.570996
2026-06-12T17:47:08.538552,7.170506,14.341013,251.995033,1.540733,1.567956
2026-06-12T17:47:08.549722,7.181227,14.362455,252.371807,1.534607,1.565331
2026-06-12T17:47:08.558124,7.191661,14.383321,252.738464,1.567496,1.564778
2026-06-12T17:47:08.568030,7.201075,14.402149,253.069306,1.539443,1.559389
2026-06-12T17:47:08.580169,7.211521,14.423043,253.436437,1.472699,1.544418
2026-06-12T17:47:08.591390,7.222321,14.444641,253.815960,1.451741,1.526776
2026-06-12T17:47:08.601810,7.232325,14.464649,254.167530,1.471732,1.511207
2026-06-12T17:47:08.609049,7.242224,14.484447,254.515417,1.527191,1.509273
2026-06-12T17:47:08.622013,7.253312,14.506625,254.905106,1.566206,1.513787
2026-06-12T17:47:08.632532,7.262976,14.525952,255.244713,1.567818,1.513833
2026-06-12T17:47:08.641358,7.273290,14.546581,255.607202,1.555888,1.516182
2026-06-12T17:47:08.650327,7.283503,14.567007,255.966117,1.536219,1.525256
2026-06-12T17:47:08.663383,7.294051,14.588101,256.336787,1.502363,1.532488
2026-06-12T17:47:08.671177,7.304845,14.609691,256.716144,1.507845,1.537647
2026-06-12T17:47:08.683940,7.315657,14.631313,257.096092,1.566206,1.543221
2026-06-12T17:47:08.692302,7.326230,14.652460,257.467669,1.586842,1.546169
2026-06-12T17:47:08.704768,7.336157,14.672314,257.816540,1.591678,1.549577
2026-06-12T17:47:08.715572,7.346093,14.692186,258.165723,1.590066,1.554460
2026-06-12T17:47:08.724994,7.356531,14.713062,258.532545,1.591678,1.562383
2026-06-12T17:47:08.732961,7.366730,14.733460,258.890982,1.591033,1.575050
2026-06-12T17:47:08.746413,7.377564,14.755127,259.271707,1.593935,1.587348
2026-06-12T17:47:08.755996,7.387397,14.774794,259.617277,1.596192,1.591632
2026-06-12T17:47:08.767284,7.397727,14.795454,259.980318,1.580393,1.590711
2026-06-12T17:47:08.775092,7.407631,14.815261,260.328356,1.473666,1.573852
2026-06-12T17:47:08.785033,7.417995,14.835990,260.692588,1.499461,1.560909
2026-06-12T17:47:08.796950,7.428938,14.857877,261.077182,1.569753,1.557776
2026-06-12T17:47:08.808017,7.439183,14.878367,261.437221,1.462703,1.539443
2026-06-12T17:47:08.817331,7.449305,14.898610,261.792923,1.476246,1.522631
2026-06-12T17:47:08.826374,7.459729,14.919457,262.159253,1.562981,1.517886
2026-06-12T17:47:08.838566,7.470535,14.941069,262.539008,1.556210,1.514432
2026-06-12T17:47:08.846806,7.480408,14.960816,262.885985,1.552986,1.525763
2026-06-12T17:47:08.858100,7.490850,14.981701,263.252968,1.592646,1.539075
2026-06-12T17:47:08.870695,7.501421,15.002841,263.624447,1.551696,1.536495
2026-06-12T17:47:08.879792,7.510998,15.021997,263.961035,1.541701,1.547781
2026-06-12T17:47:08.888127,7.520810,15.041621,264.305864,1.593935,1.564594
2026-06-12T17:47:08.899685,7.531126,15.062252,264.668391,1.604576,1.570536
2026-06-12T17:47:08.911199,7.542008,15.084016,265.050817,1.552986,1.570075
2026-06-12T17:47:08.921454,7.552283,15.104566,265.411921,1.562337,1.571411
2026-06-12T17:47:08.930284,7.562342,15.124683,265.765406,1.594580,1.571687
2026-06-12T17:47:08.941587,7.572926,15.145851,266.137366,1.532995,1.569016
2026-06-12T17:47:08.949600,7.582809,15.165619,266.484708,1.413048,1.550637
2026-06-12T17:47:08.961698,7.593358,15.186715,266.855413,1.344691,1.515030
2026-06-12T17:47:08.971579,7.604556,15.209112,267.248965,1.348883,1.478503
2026-06-12T17:47:08.983123,7.614928,15.229857,267.613478,1.506555,1.471870
2026-06-12T17:47:08.991426,7.624362,15.248724,267.945013,1.580715,1.474495
2026-06-12T17:47:09.001322,7.634639,15.269278,268.306166,1.598772,1.475094
2026-06-12T17:47:09.013375,7.645405,15.290811,268.684540,1.601674,1.484906
2026-06-12T17:47:09.025017,7.656209,15.312418,269.064213,1.629403,1.515813
2026-06-12T17:47:09.033111,7.666364,15.332727,269.421083,1.635530,1.557362
2026-06-12T17:47:09.046437,7.676958,15.353916,269.793401,1.636175,1.598403
2026-06-12T17:47:09.055048,7.687117,15.374234,270.150429,1.636497,1.616967
2026-06-12T17:47:09.066317,7.697682,15.395364,270.521707,1.643268,1.625903
2026-06-12T17:47:09.075138,7.707559,15.415118,270.868827,1.637787,1.631476
2026-06-12T17:47:09.084232,7.717956,15.435912,271.234208,1.642623,1.637326
2026-06-12T17:47:09.096556,7.728570,15.457140,271.607216,1.643268,1.639307
2026-06-12T17:47:09.108907,7.739434,15.478869,271.989023,1.530415,1.624291
2026-06-12T17:47:09.116714,7.749310,15.498620,272.336083,1.544925,1.611255
2026-06-12T17:47:09.125838,7.759665,15.519331,272.700013,1.620375,1.608952
2026-06-12T17:47:09.138860,7.769972,15.539944,273.062210,1.594580,1.601996
2026-06-12T17:47:09.146394,7.779520,15.559040,273.397772,1.613604,1.598542
2026-06-12T17:47:09.158381,7.791464,15.582927,273.817506,1.650362,1.599647
2026-06-12T17:47:09.167319,7.800376,15.600753,274.130731,1.659390,1.601950
2026-06-12T17:47:09.179854,7.811172,15.622343,274.510109,1.659713,1.620421
2026-06-12T17:47:09.191404,7.822108,15.644217,274.894461,1.668741,1.638109
2026-06-12T17:47:09.199717,7.832565,15.665129,275.261926,1.647460,1.641979
2026-06-12T17:47:09.209166,7.842899,15.685798,275.625107,1.532027,1.633042
2026-06-12T17:47:09.222131,7.853602,15.707204,276.001256,1.623277,1.634424
2026-06-12T17:47:09.233070,7.864652,15.729304,276.389589,1.667451,1.636866
2026-06-12T17:47:09.243073,7.873817,15.747634,276.711677,1.615216,1.630555
2026-06-12T17:47:09.250843,7.884514,15.769029,277.087612,1.645203,1.628482
2026-06-12T17:47:09.263651,7.894522,15.789045,277.439329,1.681316,1.630279
2026-06-12T17:47:09.274706,7.905513,15.811027,277.825589,1.641656,1.629450
2026-06-12T17:47:09.283814,7.915641,15.831282,278.181506,1.639399,1.644788
2026-06-12T17:47:09.292534,7.926001,15.852002,278.545579,1.677124,1.652481
2026-06-12T17:47:09.305412,7.936589,15.873179,278.917694,1.690344,1.655751
2026-06-12T17:47:09.316419,7.947131,15.894262,279.288164,1.685830,1.665839
2026-06-12T17:47:09.324888,7.958378,15.916755,279.683406,1.647138,1.666115
2026-06-12T17:47:09.334504,7.967382,15.934764,279.999850,1.572977,1.650638
2026-06-12T17:47:09.347219,7.978066,15.956132,280.375317,1.631338,1.649164
2026-06-12T17:47:09.354921,7.988312,15.976624,280.735395,1.674867,1.654231
2026-06-12T17:47:09.367463,7.999215,15.998430,281.118573,1.686475,1.655567
2026-06-12T17:47:09.375867,8.009153,16.018307,281.467837,1.600384,1.642716
2026-06-12T17:47:09.388160,8.019536,16.039072,281.832705,1.601351,1.630647
2026-06-12T17:47:09.399756,8.030737,16.061475,282.226362,1.667129,1.633503
2026-06-12T17:47:09.408066,8.040797,16.081595,282.579904,1.687120,1.649809
2026-06-12T17:47:09.417511,8.051252,16.102505,282.947334,1.693891,1.658745
2026-06-12T17:47:09.429611,8.061683,16.123365,283.313885,1.701952,1.662615
2026-06-12T17:47:09.438308,8.072109,16.144218,283.680296,1.702597,1.664918
2026-06-12T17:47:09.449770,8.082813,16.165625,284.056459,1.699050,1.679013
2026-06-12T17:47:09.459058,8.092786,16.185571,284.406942,1.703242,1.693568
2026-06-12T17:47:09.471926,8.102715,16.205430,284.755887,1.710980,1.699833
2026-06-12T17:47:09.479832,8.112898,16.225797,285.113768,1.712915,1.703518
2026-06-12T17:47:09.491858,8.123636,16.247273,285.491140,1.715172,1.706558
2026-06-12T17:47:09.500819,8.134011,16.268022,285.855731,1.716784,1.708677
2026-06-12T17:47:09.513592,8.144761,16.289522,286.233535,1.680671,1.705545
2026-06-12T17:47:09.524826,8.156107,16.312214,286.632260,1.687765,1.703933
2026-06-12T17:47:09.533493,8.165978,16.331956,286.979163,1.716139,1.705775
2026-06-12T17:47:09.542099,8.175351,16.350702,287.308561,1.727424,1.708124
2026-06-12T17:47:09.554741,8.185515,16.371031,287.665767,1.730971,1.710704
2026-06-12T17:47:09.563616,8.196182,16.392363,288.040616,1.736775,1.713790
2026-06-12T17:47:09.576098,8.207474,16.414948,288.437475,1.638432,1.702597
2026-06-12T17:47:09.584926,8.217274,16.434549,288.781882,1.432717,1.667175
2026-06-12T17:47:09.594587,8.226886,16.453772,289.119676,1.481405,1.637695
2026-06-12T17:47:09.604193,8.237508,16.475015,289.492947,1.622310,1.624291
2026-06-12T17:47:09.617292,8.248273,16.496546,289.871285,1.714204,1.622402
2026-06-12T17:47:09.624963,8.258267,16.516534,290.222493,1.744514,1.624337
2026-06-12T17:47:09.637428,8.268511,16.537023,290.582525,1.756766,1.627192
2026-06-12T17:47:09.649713,8.280079,16.560159,290.989055,1.664227,1.630877
2026-06-12T17:47:09.658048,8.289507,16.579014,291.320369,1.679059,1.666069
2026-06-12T17:47:09.667414,8.299895,16.599790,291.685440,1.742579,1.703380
2026-06-12T17:47:09.678256,8.309257,16.618513,292.014441,1.761603,1.723279
2026-06-12T17:47:09.688034,8.319522,16.639045,292.375211,1.767407,1.730879
2026-06-12T17:47:09.699755,8.330732,16.661465,292.769174,1.767407,1.734150
2026-06-12T17:47:09.708054,8.340517,16.681034,293.113041,1.767407,1.735670
2026-06-12T17:47:09.719853,8.350776,16.701553,293.473583,1.767084,1.750364
2026-06-12T17:47:09.729416,8.361078,16.722156,293.835614,1.769341,1.763261
2026-06-12T17:47:09.738233,8.371348,16.742695,294.196522,1.771921,1.767453
2026-06-12T17:47:09.749688,8.382345,16.764689,294.582992,1.767084,1.768236
2026-06-12T17:47:09.759166,8.392657,16.785314,294.945404,1.772888,1.769019
2026-06-12T17:47:09.771912,8.403186,16.806372,295.315434,1.776112,1.770262
2026-06-12T17:47:09.783031,8.414178,16.828357,295.701740,1.766439,1.770124
2026-06-12T17:47:09.792175,8.424126,16.848252,296.051334,1.774823,1.771230
2026-06-12T17:47:09.800855,8.434254,16.868507,296.407248,1.772566,1.771690
2026-06-12T17:47:09.814049,8.444906,16.889811,296.781594,1.476568,1.729497
2026-06-12T17:47:09.824736,8.456342,16.912683,297.183492,1.310513,1.664273
2026-06-12T17:47:09.833043,8.465498,16.930996,297.505271,1.325668,1.600384
2026-06-12T17:47:09.842446,8.476114,16.952229,297.878373,1.494947,1.560218
2026-06-12T17:47:09.854867,8.486086,16.972172,298.228808,1.615861,1.538706
2026-06-12T17:47:09.863782,8.496710,16.993421,298.602180,1.730326,1.532350
2026-06-12T17:47:09.877165,8.509119,17.018238,299.038259,1.769986,1.531981
2026-06-12T17:47:09.884536,8.517062,17.034124,299.317409,1.778692,1.575142
2026-06-12T17:47:09.897296,8.527745,17.055489,299.692824,1.789332,1.643545
2026-06-12T17:47:09.908096,8.539024,17.078049,300.089229,1.793846,1.710427
2026-06-12T17:47:09.916987,8.548865,17.097730,300.435071,1.774178,1.750317
2026-06-12T17:47:09.925332,8.558722,17.117444,300.781471,1.781916,1.774040
2026-06-12T17:47:09.937663,8.569238,17.138477,301.151048,1.794169,1.783160
2026-06-12T17:47:09.948816,8.579250,17.158499,301.502881,1.749028,1.780166
2026-06-12T17:47:09.958094,8.589658,17.179315,301.868652,1.735808,1.774040
2026-06-12T17:47:09.968471,8.599711,17.199423,302.221969,1.788365,1.773901
2026-06-12T17:47:09.981304,8.612306,17.224612,302.664588,1.754187,1.768236
2026-06-12T17:47:09.988889,8.621104,17.242208,302.973778,1.763215,1.766670
2026-06-12T17:47:10.000685,8.631132,17.262265,303.326212,1.791267,1.768005
2026-06-12T17:47:10.008658,8.641062,17.282125,303.675182,1.784818,1.766670
2026-06-12T17:47:10.017953,8.651004,17.302008,304.024562,1.739032,1.765242
2026-06-12T17:47:10.029872,8.661333,17.322666,304.387564,1.788043,1.772704
2026-06-12T17:47:10.041409,8.671965,17.343930,304.761207,1.794169,1.773533
2026-06-12T17:47:10.049740,8.682751,17.365503,305.140269,1.696793,1.765334
2026-06-12T17:47:10.059672,8.693094,17.386188,305.503749,1.725812,1.759991
2026-06-12T17:47:10.070885,8.703399,17.406798,305.865893,1.784496,1.759023
2026-06-12T17:47:10.083395,8.714346,17.428692,306.250603,1.783206,1.758793
2026-06-12T17:47:10.092171,8.723935,17.447869,306.587585,1.786753,1.765610
2026-06-12T17:47:10.101113,8.734294,17.468588,306.951648,1.809001,1.768604
2026-06-12T17:47:10.113685,8.744739,17.489478,307.318709,1.775790,1.765979
2026-06-12T17:47:10.124709,8.755381,17.510762,307.692718,1.780304,1.777909
2026-06-12T17:47:10.133835,8.765871,17.531742,308.061367,1.810936,1.790069
2026-06-12T17:47:10.142584,8.776343,17.552687,308.429398,1.823188,1.795597
2026-06-12T17:47:10.154851,8.786805,17.573611,308.797071,1.812548,1.799789
2026-06-12T17:47:10.166408,8.797105,17.594211,309.159043,1.820286,1.804579
2026-06-12T17:47:10.174763,8.807824,17.615648,309.535729,1.828670,1.807389
2026-06-12T17:47:10.184437,8.817871,17.635742,309.888807,1.704854,1.797255
2026-06-12T17:47:10.197190,8.828327,17.656654,310.256268,1.778047,1.796933
2026-06-12T17:47:10.208042,8.838990,17.677981,310.631019,1.812225,1.797117
2026-06-12T17:47:10.217290,8.849263,17.698525,310.992017,1.797393,1.793432
2026-06-12T17:47:10.226318,8.859973,17.719946,311.368409,1.826413,1.795413
2026-06-12T17:47:10.237825,8.870774,17.741549,311.748009,1.763537,1.787306
2026-06-12T17:47:10.249737,8.881301,17.762602,312.117948,1.457544,1.734288
2026-06-12T17:47:10.258058,8.891227,17.782454,312.466790,1.444969,1.697161
2026-06-12T17:47:10.267568,8.901045,17.802089,312.811810,1.663904,1.680855
2026-06-12T17:47:10.280068,8.911368,17.822736,313.174604,1.767407,1.674453
2026-06-12T17:47:10.287869,8.921571,17.843142,313.533171,1.813193,1.676710
2026-06-12T17:47:10.299721,8.932698,17.865396,313.924203,1.828992,1.677078
2026-06-12T17:47:10.308675,8.942659,17.885319,314.274290,1.726135,1.671735
2026-06-12T17:47:10.322052,8.952899,17.905798,314.634136,1.548794,1.684771
2026-06-12T17:47:10.330344,8.963056,17.926111,314.991079,1.650362,1.714112
2026-06-12T17:47:10.341477,8.973572,17.947144,315.360663,1.778369,1.730465
2026-06-12T17:47:10.349717,8.983362,17.966724,315.704716,1.818997,1.737835
2026-06-12T17:47:10.359969,8.993542,17.987084,316.062471,1.828025,1.739953
2026-06-12T17:47:10.371920,9.003751,18.007502,316.421238,1.833506,1.740598
2026-06-12T17:47:10.383909,9.014829,18.029659,316.810579,1.782884,1.748705
2026-06-12T17:47:10.392694,9.024272,18.048544,317.142427,1.789332,1.783068
2026-06-12T17:47:10.401289,9.035258,18.070516,317.528507,1.825445,1.808080
2026-06-12T17:47:10.413527,9.044837,18.089674,317.865145,1.837053,1.816463
2026-06-12T17:47:10.425912,9.056528,18.113057,318.276012,1.844469,1.820102
2026-06-12T17:47:10.433028,9.065643,18.131286,318.596332,1.849306,1.823142
2026-06-12T17:47:10.442588,9.076195,18.152391,318.967174,1.837698,1.823741
2026-06-12T17:47:10.454915,9.086833,18.173667,319.341032,1.827702,1.830144
2026-06-12T17:47:10.466392,9.097290,18.194579,319.708493,1.844469,1.838020
2026-06-12T17:47:10.474774,9.107544,18.215088,320.068874,1.844792,1.840784
2026-06-12T17:47:10.484140,9.117765,18.235531,320.428083,1.849628,1.842581
2026-06-12T17:47:10.496466,9.128082,18.256163,320.790632,1.851563,1.843594
2026-06-12T17:47:10.504819,9.138172,18.276345,321.145256,1.855110,1.844423
2026-06-12T17:47:10.517398,9.148881,18.297761,321.521573,1.847371,1.845805
2026-06-12T17:47:10.525709,9.159534,18.319069,321.895983,1.833184,1.846588
2026-06-12T17:47:10.538976,9.169832,18.339664,322.257877,1.818352,1.842857
2026-06-12T17:47:10.545992,9.179553,18.359107,322.599516,1.806422,1.837376
2026-06-12T17:47:10.558034,9.190174,18.380349,322.972769,1.802552,1.830650
2026-06-12T17:47:10.567098,9.200091,18.400183,323.321288,1.842534,1.829361
2026-06-12T17:47:10.577432,9.210086,18.420172,323.672524,1.853175,1.829084
2026-06-12T17:47:10.588262,9.220937,18.441874,324.053867,1.833829,1.827150
2026-06-12T17:47:10.599747,9.231767,18.463535,324.434490,1.853497,1.830052
2026-06-12T17:47:10.611130,9.241756,18.483512,324.785525,1.864783,1.836685
2026-06-12T17:47:10.618262,9.251886,18.503773,325.141530,1.845114,1.842212
2026-06-12T17:47:10.630149,9.262022,18.524044,325.497728,1.809646,1.843225
2026-06-12T17:47:10.641438,9.272731,18.545461,325.874071,1.856077,1.845160
2026-06-12T17:47:10.649731,9.282876,18.565752,326.230606,1.868652,1.847371
2026-06-12T17:47:10.659648,9.292852,18.585703,326.581188,1.869619,1.852484
2026-06-12T17:47:10.671736,9.303234,18.606469,326.946067,1.875746,1.855662
2026-06-12T17:47:10.680991,9.313900,18.627799,327.320880,1.779659,1.843502
2026-06-12T17:47:10.691403,9.324369,18.648738,327.688813,1.541056,1.800065
2026-06-12T17:47:10.700863,9.334400,18.668799,328.041321,1.680026,1.781548
2026-06-12T17:47:10.713671,9.344536,18.689073,328.397554,1.769986,1.769249
2026-06-12T17:47:10.725324,9.355713,18.711426,328.790340,1.836086,1.764597
2026-06-12T17:47:10.733632,9.366358,18.732717,329.164451,1.847693,1.761465
2026-06-12T17:47:10.742217,9.375729,18.751459,329.493778,1.835763,1.755753
2026-06-12T17:47:10.755997,9.387013,18.774027,329.890335,1.858656,1.767038
2026-06-12T17:47:10.766436,9.397093,18.794187,330.244582,1.871876,1.814298
2026-06-12T17:47:10.776805,9.408000,18.816001,330.627894,1.873811,1.841982
2026-06-12T17:47:10.784170,9.417412,18.834824,330.958641,1.826090,1.849997
2026-06-12T17:47:10.797248,9.427872,18.855745,331.326257,1.827058,1.848707
2026-06-12T17:47:10.804916,9.437974,18.875949,331.681274,1.868007,1.851609
2026-06-12T17:47:10.817138,9.448322,18.896644,332.044916,1.877358,1.857551
2026-06-12T17:47:10.825537,9.458628,18.917257,332.407127,1.815450,1.851378
2026-06-12T17:47:10.838757,9.469124,18.938248,332.775973,1.848983,1.848108
2026-06-12T17:47:10.845937,9.479527,18.959055,333.141583,1.877358,1.848615
2026-06-12T17:47:10.858501,9.490221,18.980443,333.517401,1.874456,1.855524
2026-06-12T17:47:10.872287,9.502774,19.005548,333.958548,1.885419,1.863861
2026-06-12T17:47:10.879794,9.510269,19.020538,334.221950,1.890578,1.867086
2026-06-12T17:47:10.888548,9.520793,19.041586,334.591784,1.894769,1.869573
2026-06-12T17:47:10.899678,9.531501,19.063002,334.968105,1.898639,1.881457
2026-06-12T17:47:10.908026,9.541057,19.082114,335.303934,1.900896,1.888873
2026-06-12T17:47:10.921387,9.551839,19.103677,335.682838,1.794814,1.877081
2026-06-12T17:47:10.930435,9.562656,19.125311,336.062979,1.720331,1.855063
2026-06-12T17:47:10.941366,9.573082,19.146165,336.429408,1.833829,1.847693
2026-06-12T17:47:10.949945,9.583288,19.166576,336.788076,1.849628,1.841844
2026-06-12T17:47:10.963049,9.593699,19.187397,337.153928,1.868974,1.838159
2026-06-12T17:47:10.972180,9.604256,19.208512,337.524946,1.878003,1.835211
2026-06-12T17:47:10.983056,9.614227,19.228455,337.875378,1.799328,1.820701
2026-06-12T17:47:10.992783,9.625979,19.251957,338.288360,1.842534,1.827518
2026-06-12T17:47:11.001587,9.634733,19.269467,338.596032,1.879615,1.850273
2026-06-12T17:47:11.013486,9.645186,19.290372,338.963371,1.891545,1.858518
2026-06-12T17:47:11.024677,9.655830,19.311660,339.337439,1.777725,1.848246
2026-06-12T17:47:11.032875,9.665649,19.331298,339.682504,1.797393,1.838020
2026-06-12T17:47:11.042524,9.675643,19.351286,340.033730,1.864783,1.836132
2026-06-12T17:47:11.056080,9.687066,19.374131,340.435154,1.837053,1.841521
2026-06-12T17:47:11.065286,9.697269,19.394537,340.793720,1.812225,1.837191
2026-06-12T17:47:11.074753,9.707424,19.414848,341.150611,1.868007,1.835533
2026-06-12T17:47:11.083930,9.717340,19.434679,341.499084,1.753542,1.815818
2026-06-12T17:47:11.097203,9.727672,19.455343,341.862181,1.508489,1.777356
2026-06-12T17:47:11.105167,9.738778,19.477556,342.252489,1.690989,1.762155
2026-06-12T17:47:11.116398,9.748178,19.496356,342.582843,1.789655,1.751423
2026-06-12T17:47:11.125349,9.758144,19.516289,342.933095,1.857367,1.754325
2026-06-12T17:47:11.138679,9.769169,19.538338,343.320535,1.898639,1.766670
2026-06-12T17:47:11.147307,9.779810,19.559620,343.694495,1.915728,1.773487
2026-06-12T17:47:11.158097,9.790162,19.580325,344.058312,1.923144,1.797716
2026-06-12T17:47:11.167477,9.800318,19.600636,344.415210,1.933462,1.858426
2026-06-12T17:47:11.176872,9.809882,19.619764,344.751327,1.935396,1.893341
2026-06-12T17:47:11.188174,9.820667,19.641335,345.130358,1.885741,1.907068
2026-06-12T17:47:11.200278,9.830882,19.661764,345.489325,1.908634,1.914392
2026-06-12T17:47:11.207806,9.841273,19.682546,345.854502,1.928948,1.918722
2026-06-12T17:47:11.221228,9.852266,19.704532,346.240839,1.930237,1.920795
2026-06-12T17:47:11.230924,9.862332,19.724664,346.594595,1.915083,1.919643
2026-06-12T17:47:11.241957,9.872414,19.744828,346.948909,1.923144,1.918169
2026-06-12T17:47:11.252924,9.883509,19.767019,347.338827,1.904120,1.913701
2026-06-12T17:47:11.259931,9.893103,19.786206,347.675988,1.844147,1.907759
2026-06-12T17:47:11.272084,9.903771,19.807543,348.050900,1.902185,1.906838
2026-06-12T17:47:11.283059,9.913976,19.827952,348.409534,1.917985,1.905272
2026-06-12T17:47:11.292281,9.924118,19.848235,348.765939,1.921854,1.904074
2026-06-12T17:47:11.301139,9.934662,19.869325,349.136515,1.927980,1.905916
2026-06-12T17:47:11.314171,9.944899,19.889798,349.496269,1.928948,1.906746
2026-06-12T17:47:11.324764,9.955939,19.911878,349.884251,1.753542,1.885234
2026-06-12T17:47:11.333184,9.966266,19.932533,350.247182,1.592968,1.849352
2026-06-12T17:47:11.342517,9.976259,19.952518,350.598355,1.756121,1.828485
2026-06-12T17:47:11.355803,9.986793,19.973586,350.968558,1.855110,1.819503
2026-06-12T17:47:11.366354,9.997539,19.995078,351.346204,1.908634,1.817615
2026-06-12T17:47:11.374683,10.007395,20.014790,351.692583,1.917662,1.816141
2026-06-12T17:47:11.384361,10.017166,20.034333,352.035971,1.882517,1.809508
2026-06-12T17:47:11.396559,10.027544,20.055087,352.400667,1.739032,1.807435
2026-06-12T17:47:11.408052,10.038514,20.077029,352.786213,1.748060,1.829591
2026-06-12T17:47:11.417483,10.048903,20.097806,353.151303,1.694858,1.820839
2026-06-12T17:47:11.425800,10.059331,20.118662,353.517777,1.795781,1.812364
2026-06-12T17:47:11.439181,10.070049,20.140099,353.894456,1.884451,1.808909
2026-06-12T17:47:11.449768,10.080890,20.161781,354.275441,1.909924,1.807803
2026-06-12T17:47:11.458628,10.091004,20.182008,354.630862,1.883806,1.807988
2026-06-12T17:47:11.467495,10.101769,20.203537,355.009176,1.909279,1.832309
2026-06-12T17:47:11.479745,10.111748,20.223496,355.359874,1.921532,1.857090
2026-06-12T17:47:11.488101,10.121669,20.243338,355.708541,1.688087,1.856123
2026-06-12T17:47:11.501668,10.132269,20.264538,356.081060,1.495914,1.813285
2026-06-12T17:47:11.508642,10.142063,20.284125,356.425236,1.686475,1.785002
2026-06-12T17:47:11.522051,10.152787,20.305575,356.802137,1.852530,1.776803
2026-06-12T17:47:11.533017,10.163618,20.327237,357.182780,1.843179,1.770999
2026-06-12T17:47:11.542626,10.173787,20.347573,357.540124,1.759023,1.749534
2026-06-12T17:47:11.549721,10.183420,20.366841,357.878680,1.653586,1.711256
2026-06-12T17:47:11.563059,10.194075,20.388150,358.253121,1.819319,1.730004
2026-06-12T17:47:11.573302,10.204337,20.408673,358.613748,1.909279,1.789056
2026-06-12T17:47:11.583061,10.214409,20.428818,358.967728,1.932172,1.824156
2026-06-12T17:47:11.594837,10.225705,20.451409,359.364689,1.856722,1.824754
2026-06-12T17:47:11.603373,10.235098,20.470197,359.694818,1.878003,1.829729
2026-06-12T17:47:11.614175,10.245275,20.490549,360.052443,1.920242,1.852760
2026-06-12T17:47:11.624682,10.255718,20.511436,360.419454,1.712270,1.861144
2026-06-12T17:47:11.633939,10.265920,20.531840,360.777993,1.698727,1.843916
2026-06-12T17:47:11.643041,10.276221,20.552442,361.140000,1.867040,1.837882
2026-06-12T17:47:11.655481,10.286891,20.573781,361.514968,1.912826,1.835118
2026-06-12T17:47:11.663254,10.296891,20.593781,361.866401,1.927013,1.845160
2026-06-12T17:47:11.675129,10.307191,20.614383,362.228405,1.938621,1.853820
2026-06-12T17:47:11.685731,10.317865,20.635729,362.603496,1.942490,1.856998
2026-06-12T17:47:11.697299,10.328077,20.656153,362.962376,1.937331,1.889150
2026-06-12T17:47:11.708015,10.338609,20.677218,363.332519,1.943780,1.924157
2026-06-12T17:47:11.717123,10.348629,20.697258,363.684651,1.942490,1.934936
2026-06-12T17:47:11.727113,10.358832,20.717665,364.043231,1.943780,1.939358
2026-06-12T17:47:11.738119,10.369698,20.739395,364.425077,1.943780,1.941753
2026-06-12T17:47:11.749699,10.380357,20.760714,364.799683,1.947971,1.943089
2026-06-12T17:47:11.757986,10.389256,20.778511,365.112406,1.938943,1.942582
2026-06-12T17:47:11.767309,10.399623,20.799246,365.476754,1.885419,1.935166
2026-06-12T17:47:11.778657,10.409700,20.819400,365.830882,1.925078,1.932494
2026-06-12T17:47:11.787193,10.420647,20.841294,366.215595,1.940555,1.932218
2026-06-12T17:47:11.800092,10.431110,20.862221,366.583317,1.942490,1.932034
2026-06-12T17:47:11.808111,10.441524,20.883048,366.949295,1.944425,1.932126
2026-06-12T17:47:11.821930,10.452666,20.905333,367.340869,1.936041,1.930422
2026-06-12T17:47:11.830840,10.462529,20.925057,367.687462,1.881549,1.922223
2026-06-12T17:47:11.842013,10.472887,20.945774,368.051487,1.915405,1.926506
2026-06-12T17:47:11.849696,10.483006,20.966013,368.407119,1.936686,1.928165
2026-06-12T17:47:11.860144,10.493406,20.986813,368.772602,1.898316,1.922130
2026-06-12T17:47:11.876097,10.506665,21.013330,369.238563,1.898961,1.915912
2026-06-12T17:47:11.883512,10.514130,21.028261,369.500911,1.934752,1.914530
2026-06-12T17:47:11.892499,10.524332,21.048665,369.859443,1.949584,1.916465
2026-06-12T17:47:11.901338,10.534645,21.069290,370.221872,1.952163,1.926552
2026-06-12T17:47:11.913681,10.545065,21.090129,370.588043,1.965061,1.933646
2026-06-12T17:47:11.924676,10.555313,21.110625,370.948192,1.947649,1.935212
2026-06-12T17:47:11.933072,10.565306,21.130611,371.299378,1.872199,1.931481
2026-06-12T17:47:11.941859,10.575512,21.151024,371.658057,1.929593,1.935857
2026-06-12T17:47:11.952600,10.585214,21.170428,371.999017,1.962159,1.939772
2026-06-12T17:47:11.965377,10.596031,21.192063,372.379180,1.863170,1.927428
2026-06-12T17:47:11.975083,10.607554,21.215108,372.784122,1.829315,1.909878
2026-06-12T17:47:11.982977,10.617172,21.234344,373.122140,1.917662,1.903107
2026-06-12T17:47:11.996504,10.627179,21.254358,373.473815,1.942490,1.902370
2026-06-12T17:47:12.005902,10.637314,21.274627,373.829978,1.960869,1.915037
2026-06-12T17:47:12.017050,10.647585,21.295170,374.190942,1.968930,1.920656
2026-06-12T17:47:12.024634,10.657812,21.315624,374.550363,1.932172,1.916373
2026-06-12T17:47:12.035074,10.668059,21.336119,374.910479,1.886708,1.919735
2026-06-12T17:47:12.046686,10.678188,21.356376,375.266428,1.941200,1.935719
2026-06-12T17:47:12.058446,10.689501,21.379002,375.664018,1.964093,1.942352
2026-06-12T17:47:12.066831,10.699859,21.399719,376.028035,1.961514,1.945070
2026-06-12T17:47:12.075798,10.708877,21.417753,376.344933,1.964416,1.945576
2026-06-12T17:47:12.087901,10.719630,21.439260,376.722842,1.975056,1.946451
2026-06-12T17:47:12.096280,10.729755,21.459510,377.078671,1.978281,1.953038
2026-06-12T17:47:12.108069,10.740062,21.480124,377.440886,1.983117,1.966811
2026-06-12T17:47:12.117375,10.750426,21.500852,377.805121,1.968285,1.970680
2026-06-12T17:47:12.129890,10.761171,21.522343,378.182746,1.772566,1.943319
2026-06-12T17:47:12.139384,10.771553,21.543106,378.547586,1.866717,1.929777
2026-06-12T17:47:12.149908,10.782316,21.564632,378.925830,1.947971,1.927428
2026-06-12T17:47:12.158507,10.792270,21.584541,379.275660,1.887353,1.914899
2026-06-12T17:47:12.171958,10.802832,21.605663,379.646818,1.914116,1.905732
2026-06-12T17:47:12.179461,10.813144,21.626289,380.009244,1.966028,1.903291
2026-06-12T17:47:12.192398,10.823541,21.647082,380.374614,1.984407,1.905594
2026-06-12T17:47:12.200304,10.833864,21.667728,380.737395,1.985052,1.935949
2026-06-12T17:47:12.213589,10.844052,21.688104,381.095434,1.989566,1.953499
2026-06-12T17:47:12.222562,10.855194,21.710387,381.486990,1.999239,1.960823
2026-06-12T17:47:12.233087,10.865385,21.730770,381.845156,1.876390,1.959257
2026-06-12T17:47:12.242057,10.875663,21.751327,382.206369,1.952486,1.964738
2026-06-12T17:47:12.254906,10.886099,21.772199,382.573125,1.907989,1.956447
2026-06-12T17:47:12.263257,10.896344,21.792688,382.933153,1.773210,1.926276
2026-06-12T17:47:12.274711,10.907206,21.814413,383.314894,1.649717,1.878371
2026-06-12T17:47:12.284173,10.917265,21.834529,383.668368,1.674222,1.833322
2026-06-12T17:47:12.296497,10.927208,21.854416,384.017815,1.860269,1.813469
2026-06-12T17:47:12.304961,10.937793,21.875587,384.389817,1.925401,1.820471
2026-06-12T17:47:12.317488,10.947900,21.895799,384.744986,1.965706,1.822359
2026-06-12T17:47:12.325173,10.957793,21.915586,385.092662,1.978603,1.832447
2026-06-12T17:47:12.334624,10.968208,21.936416,385.458686,1.982150,1.862295
2026-06-12T17:47:12.346510,10.978677,21.957353,385.826590,1.984407,1.910108
2026-06-12T17:47:12.358042,10.989060,21.978120,386.191486,1.960547,1.951012
2026-06-12T17:47:12.367509,11.000125,22.000251,386.580364,1.948939,1.963679
2026-06-12T17:47:12.375418,11.009250,22.018499,386.901022,1.973122,1.970496
2026-06-12T17:47:12.385902,11.019068,22.038137,387.246083,1.976668,1.972062
2026-06-12T17:47:12.397227,11.029255,22.058511,387.604087,1.954420,1.968607
2026-06-12T17:47:12.408102,11.040298,22.080596,387.992171,1.962159,1.965752
2026-06-12T17:47:12.416645,11.049811,22.099622,388.326475,1.976346,1.964600
2026-06-12T17:47:12.429556,11.060309,22.120619,388.695430,1.897026,1.955526
2026-06-12T17:47:12.439813,11.070913,22.141827,389.068089,1.709690,1.921347
2026-06-12T17:47:12.449708,11.081723,22.163447,389.447984,1.862526,1.905548
2026-06-12T17:47:12.458287,11.091845,22.183689,389.803680,1.920887,1.897579
2026-06-12T17:47:12.471741,11.102191,22.204382,390.167279,1.867685,1.885188
2026-06-12T17:47:12.482407,11.112890,22.225780,390.543281,1.929915,1.880582
2026-06-12T17:47:12.492052,11.122530,22.245060,390.882058,1.969575,1.879615
2026-06-12T17:47:12.499935,11.133423,22.266846,391.264874,1.982795,1.891867
2026-06-12T17:47:12.512332,11.143535,22.287070,391.620253,1.990533,1.931988
2026-06-12T17:47:12.521790,11.154034,22.308069,391.989233,1.988276,1.949952
2026-06-12T17:47:12.533046,11.164512,22.329025,392.357464,1.993758,1.960362
2026-06-12T17:47:12.542034,11.174836,22.349672,392.720276,1.994402,1.978465
2026-06-12T17:47:12.551810,11.184980,22.369960,393.076769,2.000529,1.988553
2026-06-12T17:47:12.564536,11.195151,22.390301,393.434191,2.001174,1.993067
2026-06-12T17:47:12.575084,11.205541,22.411082,393.799336,2.004076,1.996107
2026-06-12T17:47:12.583704,11.216220,22.432440,394.174638,2.005043,1.998180
2026-06-12T17:47:12.592978,11.226383,22.452766,394.531806,2.004076,2.000437
2026-06-12T17:47:12.605313,11.236975,22.473950,394.904040,2.002141,2.001634
2026-06-12T17:47:12.616373,11.247361,22.494722,395.269042,2.002463,2.002786
2026-06-12T17:47:12.625236,11.257771,22.515542,395.634876,1.960224,1.997028
2026-06-12T17:47:12.634616,11.268089,22.536177,395.997474,1.897994,1.982288
2026-06-12T17:47:12.646919,11.278373,22.556747,396.358912,1.971832,1.977682
2026-06-12T17:47:12.658017,11.289191,22.578383,396.739088,1.995047,1.976254
2026-06-12T17:47:12.667247,11.298832,22.597664,397.077894,1.916050,1.963679
2026-06-12T17:47:12.675906,11.309167,22.618334,397.441107,1.965061,1.958382
2026-06-12T17:47:12.688458,11.319892,22.639784,397.818008,1.996660,1.957552
2026-06-12T17:47:12.695978,11.329656,22.659312,398.161154,1.967963,1.958658
2026-06-12T17:47:12.708038,11.340130,22.680261,398.529255,1.962481,1.967870
2026-06-12T17:47:12.717345,11.350165,22.700330,398.881907,1.994080,1.971049
2026-06-12T17:47:12.729781,11.361027,22.722053,399.263612,1.999239,1.971648
2026-06-12T17:47:12.741404,11.372073,22.744146,399.651815,1.996015,1.983071
2026-06-12T17:47:12.749691,11.382021,22.764042,400.001424,2.003108,1.988506
2026-06-12T17:47:12.758761,11.392264,22.784529,400.361417,1.961514,1.983486
2026-06-12T17:47:12.771829,11.403337,22.806674,400.750541,1.902508,1.974135
2026-06-12T17:47:12.782326,11.413030,22.826061,401.091203,1.945070,1.971648
2026-06-12T17:47:12.791351,11.422827,22.845655,401.435501,1.979248,1.969529
2026-06-12T17:47:12.799514,11.432876,22.865751,401.788628,1.961514,1.964139
2026-06-12T17:47:12.812091,11.444096,22.888193,402.182963,1.989566,1.963218
2026-06-12T17:47:12.822127,11.453502,22.907004,402.513507,2.000851,1.962896
2026-06-12T17:47:12.833043,11.464070,22.928141,402.884915,1.979893,1.965521
2026-06-12T17:47:12.841208,11.474514,22.949029,403.251951,1.959579,1.973674
2026-06-12T17:47:12.851746,11.484924,22.969848,403.617782,1.995047,1.980814
2026-06-12T17:47:12.865014,11.496449,22.992897,404.022787,1.983762,1.981459
2026-06-12T17:47:12.875250,11.506244,23.012487,404.367016,1.962804,1.981643
2026-06-12T17:47:12.883971,11.516590,23.033180,404.730618,1.992468,1.982058
2026-06-12T17:47:12.892897,11.526063,23.052126,405.063538,2.005043,1.982657
2026-06-12T17:47:12.904945,11.536455,23.072910,405.428743,1.986986,1.983670
2026-06-12T17:47:12.916343,11.546742,23.093484,405.790255,2.002786,1.989842
2026-06-12T17:47:12.924692,11.557513,23.115027,406.168800,2.007945,1.991685
2026-06-12T17:47:12.934556,11.567766,23.135532,406.529114,2.003753,1.994541
2026-06-12T17:47:12.946852,11.578347,23.156694,406.900958,1.993113,1.998871
2026-06-12T17:47:12.958054,11.588873,23.177746,407.270876,1.989888,1.998502
2026-06-12T17:47:12.967191,11.599139,23.198277,407.631653,1.737742,1.960316
2026-06-12T17:47:12.975330,11.608853,23.217706,407.973038,1.781594,1.930974
2026-06-12T17:47:12.988059,11.619376,23.238752,408.342851,1.893157,1.915313
2026-06-12T17:47:12.996870,11.629182,23.258364,408.687466,1.939911,1.905594
2026-06-12T17:47:13.008026,11.640386,23.280772,409.081215,1.983117,1.902646
2026-06-12T17:47:13.016433,11.649498,23.298996,409.401440,2.001819,1.903890
2026-06-12T17:47:13.026259,11.659635,23.319270,409.757691,1.998594,1.905133
2026-06-12T17:47:13.038372,11.670087,23.340173,410.124998,2.018908,1.945300
2026-06-12T17:47:13.050138,11.680659,23.361317,410.496529,2.028581,1.980584
2026-06-12T17:47:13.058702,11.690926,23.381852,410.857362,2.031483,2.000345
2026-06-12T17:47:13.067135,11.700526,23.401052,411.194734,2.011814,2.010616
2026-06-12T17:47:13.077214,11.710387,23.420774,411.541289,2.021165,2.016052
2026-06-12T17:47:13.087574,11.721082,23.442165,411.917150,2.027291,2.019691
2026-06-12T17:47:13.099685,11.731523,23.463045,412.284060,2.019553,2.022685
2026-06-12T17:47:13.108027,11.741751,23.483502,412.643523,2.013426,2.021902
2026-06-12T17:47:13.121420,11.752109,23.504218,413.007533,2.020520,2.020750
2026-06-12T17:47:13.130118,11.762628,23.525255,413.377188,1.991501,2.015038
2026-06-12T17:47:13.142028,11.772916,23.545833,413.738773,1.630693,1.960593
2026-06-12T17:47:13.151820,11.782798,23.565597,414.086059,1.482695,1.883668
2026-06-12T17:47:13.160120,11.793316,23.586632,414.455675,1.551374,1.815680
2026-06-12T17:47:13.172346,11.804154,23.608308,414.836565,1.811258,1.785924
2026-06-12T17:47:13.183428,11.815582,23.631164,415.238178,1.963771,1.778830
2026-06-12T17:47:13.192316,11.825078,23.650156,415.571899,1.999561,1.775836
2026-06-12T17:47:13.204913,11.835397,23.670795,415.934553,1.925723,1.766439
2026-06-12T17:47:13.215110,11.845928,23.691857,416.304650,1.947649,1.811719
2026-06-12T17:47:13.224770,11.856584,23.713167,416.679112,1.996660,1.885142
2026-06-12T17:47:13.234128,11.866538,23.733075,417.028925,1.913148,1.936824
2026-06-12T17:47:13.246387,11.876768,23.753535,417.388440,1.868652,1.945023
2026-06-12T17:47:13.254523,11.888055,23.776110,417.785116,1.976991,1.946912
2026-06-12T17:47:13.267346,11.897813,23.795626,418.128037,2.006655,1.947925
2026-06-12T17:47:13.274535,11.908221,23.816442,418.493812,2.017295,1.961007
2026-06-12T17:47:13.288222,11.918549,23.837099,418.856786,2.021810,1.971602
2026-06-12T17:47:13.296784,11.928878,23.857755,419.219756,2.019553,1.974872
2026-06-12T17:47:13.308100,11.939402,23.878803,419.589607,1.997627,1.986940
2026-06-12T17:47:13.317285,11.949882,23.899764,419.957916,2.017940,2.008267
2026-06-12T17:47:13.326285,11.959885,23.919771,420.309471,2.020197,2.014440
2026-06-12T17:47:13.338317,11.970338,23.940676,420.676803,2.015683,2.015729
2026-06-12T17:47:13.350300,11.981447,23.962894,421.067210,2.017295,2.015729
2026-06-12T17:47:13.359025,11.992142,23.984284,421.443077,2.020520,2.015545
2026-06-12T17:47:13.370244,12.000880,24.001760,421.750163,1.844792,1.990579
2026-06-12T17:47:13.379972,12.012104,24.024209,422.144621,1.534284,1.924388
2026-06-12T17:47:13.391769,12.022196,24.044392,422.499266,1.654554,1.872475
2026-06-12T17:47:13.399707,12.032223,24.064447,422.851665,1.763860,1.835855
2026-06-12T17:47:13.409145,12.042730,24.085459,423.220891,1.828670,1.809139
2026-06-12T17:47:13.422064,12.053707,24.107414,423.606662,1.958934,1.800802
2026-06-12T17:47:13.429829,12.063396,24.126792,423.947169,2.004076,1.798453
2026-06-12T17:47:13.441406,12.074161,24.148322,424.325497,2.022454,1.823833
2026-06-12T17:47:13.451565,12.084400,24.168799,424.685308,2.029871,1.894631
2026-06-12T17:47:13.463248,12.094780,24.189559,425.050098,2.027613,1.947925
2026-06-12T17:47:13.475186,12.106409,24.212819,425.458804,2.028581,1.985743
2026-06-12T17:47:13.483007,12.115515,24.231031,425.778818,2.028258,2.014255
2026-06-12T17:47:13.492432,12.126697,24.253394,426.171773,1.982472,2.017618
2026-06-12T17:47:13.505011,12.136295,24.272590,426.509085,1.747416,1.980952
2026-06-12T17:47:13.516919,12.147385,24.294769,426.898806,1.887676,1.961698
2026-06-12T17:47:13.524695,12.157402,24.314803,427.250840,1.984407,1.955203
2026-06-12T17:47:13.534617,12.168051,24.336101,427.625081,2.008912,1.952532
2026-06-12T17:47:13.546693,12.179339,24.358678,428.021792,2.019875,1.951288
2026-06-12T17:47:13.558035,12.189254,24.378508,428.370227,2.024067,1.950689
2026-06-12T17:47:13.567042,12.199170,24.398339,428.718704,2.027936,1.957184
2026-06-12T17:47:13.575895,12.208908,24.417815,429.060929,2.007945,1.994402
2026-06-12T17:47:13.588797,12.220116,24.440232,429.454829,2.024389,2.013933
2026-06-12T17:47:13.599755,12.230470,24.460940,429.818692,2.002463,2.016512
2026-06-12T17:47:13.608095,12.240214,24.480428,430.161131,2.016973,2.017664
2026-06-12T17:47:13.617509,12.251271,24.502542,430.549707,2.028581,2.018908
2026-06-12T17:47:13.629901,12.261206,24.522412,430.898866,2.027291,2.019368
2026-06-12T17:47:13.639135,12.271220,24.542441,431.250801,1.940233,2.006839
2026-06-12T17:47:13.650601,12.281239,24.562477,431.602873,1.996015,2.005135
2026-06-12T17:47:13.658747,12.292012,24.584024,431.981493,2.023744,2.005043
2026-06-12T17:47:13.671591,12.302256,24.604512,432.341497,1.984084,2.002417
2026-06-12T17:47:13.680405,12.312925,24.625849,432.716420,1.999884,1.999976
2026-06-12T17:47:13.692041,12.322858,24.645716,433.065522,2.023744,1.999285
2026-06-12T17:47:13.699715,12.333150,24.666300,433.427213,1.767084,1.962113
2026-06-12T17:47:13.710164,12.343687,24.687375,433.797532,1.498816,1.899053
2026-06-12T17:47:13.722107,12.354158,24.708317,434.165514,1.618763,1.845160
2026-06-12T17:47:13.733075,12.364699,24.729397,434.535931,1.867362,1.822820
2026-06-12T17:47:13.741398,12.374790,24.749580,434.890579,1.943780,1.817062
2026-06-12T17:47:13.752239,12.385137,24.770274,435.254206,1.999239,1.816970
2026-06-12T17:47:13.763416,12.395825,24.791649,435.629800,1.944425,1.805638
2026-06-12T17:47:13.775267,12.406003,24.812007,435.987513,1.773533,1.806560
2026-06-12T17:47:13.783081,12.416136,24.832271,436.343595,1.914760,1.865980
2026-06-12T17:47:13.792600,12.426420,24.852840,436.705019,2.006978,1.921440
2026-06-12T17:47:13.805947,12.436909,24.873817,437.073626,2.029226,1.944563
2026-06-12T17:47:13.816368,12.447055,24.894110,437.430211,2.037609,1.957967
2026-06-12T17:47:13.826840,12.457694,24.915388,437.804086,2.042123,1.964093
2026-06-12T17:47:13.834512,12.467501,24.935003,438.148757,1.955388,1.965659
2026-06-12T17:47:13.846821,12.477332,24.954665,438.494247,1.937331,1.989059
2026-06-12T17:47:13.855735,12.488118,24.976235,438.873278,2.005043,2.001957
2026-06-12T17:47:13.867417,12.498869,24.997739,439.251135,1.941845,1.992652
2026-06-12T17:47:13.875794,12.509187,25.018374,439.613732,1.898639,1.973997
2026-06-12T17:47:13.888527,12.519024,25.038049,439.959444,2.005365,1.969391
2026-06-12T17:47:13.896077,12.529792,25.059585,440.337863,2.034707,1.968331
2026-06-12T17:47:13.909100,12.540346,25.080693,440.708765,2.007622,1.975793
2026-06-12T17:47:13.916490,12.550212,25.100425,441.055496,2.041156,1.990625
2026-06-12T17:47:13.929719,12.560564,25.121128,441.419285,2.055343,1.997811
2026-06-12T17:47:13.938379,12.570551,25.141101,441.770246,2.055666,2.014071
2026-06-12T17:47:13.950743,12.582043,25.164086,442.174120,2.055988,2.036550
2026-06-12T17:47:13.958584,12.591545,25.183090,442.508055,2.056955,2.043920
2026-06-12T17:47:13.967954,12.601209,25.202417,442.847669,2.054053,2.046683
2026-06-12T17:47:13.982120,12.612544,25.225088,443.246028,2.055666,2.053547
2026-06-12T17:47:13.991335,12.621913,25.243826,443.575289,2.059212,2.056126
2026-06-12T17:47:13.999844,12.632932,25.265864,443.962526,1.989888,2.046775
2026-06-12T17:47:14.009427,12.642700,25.285399,444.305798,1.759991,2.004536
2026-06-12T17:47:14.021566,12.652814,25.305628,444.661255,1.688732,1.952071
2026-06-12T17:47:14.029769,12.662997,25.325994,445.019112,1.920887,1.932633
2026-06-12T17:47:14.041660,12.673968,25.347935,445.404654,2.014394,1.926967
2026-06-12T17:47:14.050707,12.683545,25.367089,445.741225,1.981827,1.916419
2026-06-12T17:47:14.063117,12.693833,25.387666,446.102797,1.992790,1.906930
2026-06-12T17:47:14.073954,12.704401,25.408803,446.474198,1.945714,1.900619
2026-06-12T17:47:14.083023,12.714664,25.429329,446.834877,2.004398,1.935535
2026-06-12T17:47:14.093230,12.724876,25.449752,447.193739,2.040511,1.985789
2026-06-12T17:47:14.104762,12.735398,25.470796,447.563527,2.029226,2.001266
2026-06-12T17:47:14.113766,12.744899,25.489798,447.897409,2.005043,1.999930
2026-06-12T17:47:14.124664,12.755962,25.511925,448.286220,2.036642,2.007761
2026-06-12T17:47:14.133844,12.765639,25.531279,448.626301,1.979570,2.005872
2026-06-12T17:47:14.142507,12.775708,25.551416,448.980148,1.602319,1.956815
2026-06-12T17:47:14.156172,12.787498,25.574997,449.394494,1.605221,1.899790
2026-06-12T17:47:14.166341,12.796931,25.593862,449.725983,1.866717,1.874962
2026-06-12T17:47:14.174680,12.806897,25.613795,450.076239,1.997304,1.870402
2026-06-12T17:47:14.183841,12.817537,25.635075,450.450170,2.036319,1.874870
2026-06-12T17:47:14.196767,12.827794,25.655588,450.810621,2.057278,1.877818
2026-06-12T17:47:14.205763,12.838087,25.676173,451.172336,2.059535,1.889242
2026-06-12T17:47:14.216381,12.849021,25.698041,451.556593,2.062114,1.954927
2026-06-12T17:47:14.225472,12.859122,25.718244,451.911585,2.065016,2.020612
2026-06-12T17:47:14.238062,12.869263,25.738527,452.267984,2.062759,2.048618
2026-06-12T17:47:14.249755,12.880284,25.760568,452.655287,2.046315,2.055619
2026-06-12T17:47:14.258035,12.890369,25.780738,453.009714,2.059535,2.058936
2026-06-12T17:47:14.267364,12.900542,25.801085,453.367230,2.065339,2.060088
2026-06-12T17:47:14.279624,12.911156,25.822311,453.740220,2.054053,2.059304
2026-06-12T17:47:14.287796,12.921418,25.842836,454.100867,2.047927,2.057278
2026-06-12T17:47:14.299738,12.931952,25.863904,454.471063,2.056955,2.056126
2026-06-12T17:47:14.308027,12.943014,25.886028,454.859817,2.057923,2.055435
2026-06-12T17:47:14.321485,12.952514,25.905028,455.193682,2.054698,2.056633
2026-06-12T17:47:14.329811,12.962140,25.924280,455.531978,2.064694,2.057370
2026-06-12T17:47:14.342166,12.972756,25.945512,455.905059,2.064371,2.057232
2026-06-12T17:47:14.349776,12.983153,25.966305,456.270430,2.069530,2.059443
2026-06-12T17:47:14.359626,12.993177,25.986353,456.622702,2.069530,2.062529
2026-06-12T17:47:14.371762,13.003329,26.006658,456.979494,1.989566,2.052902
2026-06-12T17:47:14.383471,13.013915,26.027831,457.351528,1.966350,2.039820
2026-06-12T17:47:14.392436,13.024287,26.048575,457.716034,2.043735,2.038254
2026-06-12T17:47:14.403205,13.034521,26.069041,458.075669,2.058245,2.037333
2026-06-12T17:47:14.413166,13.045218,26.090437,458.451625,2.038254,2.033602
2026-06-12T17:47:14.422251,13.054928,26.109855,458.792838,2.047605,2.030469
2026-06-12T17:47:14.434625,13.065022,26.130044,459.147581,2.061792,2.029364
2026-06-12T17:47:14.444473,13.074943,26.149885,459.496230,2.042768,2.036964
2026-06-12T17:47:14.451904,13.084901,26.169803,459.846212,2.031805,2.046315
2026-06-12T17:47:14.463329,13.095160,26.190320,460.206736,2.062437,2.048986
2026-06-12T17:47:14.474645,13.106227,26.212453,460.595652,2.066306,2.050138
2026-06-12T17:47:14.483863,13.116509,26.233017,460.956992,2.062759,2.053639
2026-06-12T17:47:14.493427,13.126513,26.253026,461.308572,2.065016,2.056126
2026-06-12T17:47:14.504529,13.137237,26.274474,461.685456,2.064371,2.056495
2026-06-12T17:47:14.516328,13.147795,26.295590,462.056491,1.987631,2.048618
2026-06-12T17:47:14.524708,13.158147,26.316294,462.420294,2.021487,2.047144
2026-06-12T17:47:14.534496,13.167999,26.335999,462.766543,2.048572,2.045163
2026-06-12T17:47:14.546629,13.178331,26.356662,463.129630,1.914116,2.023422
2026-06-12T17:47:14.558020,13.189394,26.378788,463.518420,1.993435,2.013518
2026-06-12T17:47:14.567178,13.198746,26.397492,463.847079,2.040189,2.009972
2026-06-12T17:47:14.575558,13.209440,26.418879,464.222888,1.982472,1.998272
2026-06-12T17:47:14.588052,13.218837,26.437674,464.553146,2.031483,2.004536
2026-06-12T17:47:14.597631,13.229528,26.459056,464.928856,2.058890,2.009879
2026-06-12T17:47:14.608013,13.239520,26.479040,465.280015,1.967963,1.998364
2026-06-12T17:47:14.617272,13.250004,26.500008,465.648460,1.979570,2.007715
2026-06-12T17:47:14.626289,13.259763,26.519526,465.991423,2.045992,2.015223
2026-06-12T17:47:14.638416,13.270224,26.540448,466.359047,2.041801,2.015453
2026-06-12T17:47:14.649712,13.280546,26.561092,466.721799,2.005365,2.018723
2026-06-12T17:47:14.658303,13.291002,26.582003,467.089246,2.052441,2.021717
2026-06-12T17:47:14.667963,13.301398,26.602796,467.454617,2.047605,2.020105
2026-06-12T17:47:14.680410,13.312212,26.624423,467.834639,1.824156,1.999561
2026-06-12T17:47:14.692033,13.322912,26.645825,468.210696,1.905410,1.988967
2026-06-12T17:47:14.700876,13.332363,26.664726,468.542818,2.022777,1.985651
2026-06-12T17:47:14.709504,13.342630,26.685261,468.903651,2.035997,1.984821
2026-06-12T17:47:14.722278,13.353061,26.706122,469.270217,2.038254,1.989520
2026-06-12T17:47:14.732979,13.364074,26.728148,469.657253,2.066951,1.991593
2026-06-12T17:47:14.742161,13.374188,26.748375,470.012678,2.061147,1.993527
2026-06-12T17:47:14.750788,13.384284,26.768567,470.367484,2.047927,2.025495
2026-06-12T17:47:14.763771,13.394533,26.789066,470.727682,2.057600,2.047236
2026-06-12T17:47:14.774654,13.405531,26.811062,471.114191,2.038576,2.049493
2026-06-12T17:47:14.782981,13.416189,26.832377,471.488727,1.908312,2.031252
2026-06-12T17:47:14.792281,13.425769,26.851537,471.825399,1.963448,2.020566
2026-06-12T17:47:14.805390,13.436260,26.872520,472.194098,1.961836,2.005550
2026-06-12T17:47:14.815864,13.447055,26.894111,472.573484,1.918630,1.985190
2026-06-12T17:47:14.825302,13.457375,26.914750,472.936145,2.006978,1.979340
2026-06-12T17:47:14.833627,13.466701,26.933402,473.263898,2.055021,1.978972
2026-06-12T17:47:14.846454,13.477262,26.954524,473.635049,1.807066,1.945899
2026-06-12T17:47:14.857039,13.489059,26.978118,474.049631,1.687765,1.914392
2026-06-12T17:47:14.867390,13.498164,26.996327,474.369593,1.897671,1.904995
2026-06-12T17:47:14.875706,13.508523,27.017046,474.733656,2.002786,1.910845
2026-06-12T17:47:14.888007,13.518633,27.037266,475.088954,2.053731,1.930145
2026-06-12T17:47:14.895954,13.529056,27.058113,475.455267,2.077269,1.940187
2026-06-12T17:47:14.907962,13.539292,27.078583,475.814972,2.074044,1.942905
2026-06-12T17:47:14.916358,13.549808,27.099615,476.184535,2.082428,1.982242
2026-06-12T17:47:14.929549,13.559944,27.119888,476.540754,2.094358,2.040327
2026-06-12T17:47:14.941312,13.572641,27.145283,476.986993,2.095325,2.068563
2026-06-12T17:47:14.949673,13.582637,27.165275,477.338282,2.090811,2.081138
2026-06-12T17:47:14.961395,13.592254,27.184509,477.676255,2.089844,2.086297
2026-06-12T17:47:14.969395,13.602646,27.205292,478.041456,2.093713,2.088646
2026-06-12T17:47:14.980907,13.612908,27.225817,478.402104,2.092423,2.091272
2026-06-12T17:47:14.991319,13.623652,27.247303,478.779655,2.088232,2.092101
2026-06-12T17:47:15.000753,13.633910,27.267819,479.140151,2.083718,2.090581
2026-06-12T17:47:15.010803,13.644003,27.288007,479.494880,1.786753,2.046499
2026-06-12T17:47:15.021605,13.654065,27.308131,479.848495,1.543635,1.968331
2026-06-12T17:47:15.032977,13.664631,27.329262,480.219805,1.694213,1.911812
2026-06-12T17:47:15.042903,13.674889,27.349778,480.580305,1.848016,1.876713
2026-06-12T17:47:15.051799,13.684802,27.369604,480.928673,2.012781,1.865335
2026-06-12T17:47:15.062947,13.695734,27.391468,481.312863,2.069853,1.862710
2026-06-12T17:47:15.074644,13.705707,27.411414,481.663357,2.084040,1.862756
2026-06-12T17:47:15.083842,13.715826,27.431651,482.018954,2.073722,1.903752
2026-06-12T17:47:15.092675,13.725809,27.451619,482.369814,2.074367,1.979570
2026-06-12T17:47:15.105561,13.736890,27.473781,482.759233,2.077269,2.034293
2026-06-12T17:47:15.114302,13.746502,27.493003,483.097009,1.948616,2.048664
2026-06-12T17:47:15.124650,13.756353,27.512707,483.443226,1.998594,2.046637
2026-06-12T17:47:15.133389,13.766350,27.532699,483.794529,2.065661,2.046038
2026-06-12T17:47:15.146363,13.776818,27.553637,484.162437,2.046315,2.040649
2026-06-12T17:47:15.154957,13.787521,27.575043,484.538579,1.717429,1.989750
2026-06-12T17:47:15.166617,13.798177,27.596354,484.913044,1.688732,1.934659
2026-06-12T17:47:15.175061,13.807887,27.615774,485.254286,1.809323,1.896382
2026-06-12T17:47:15.185126,13.817986,27.635973,485.609215,1.962481,1.898362
2026-06-12T17:47:15.196760,13.828317,27.656634,485.972270,2.024712,1.902093
2026-06-12T17:47:15.205160,13.837907,27.675815,486.309308,2.065661,1.902093
2026-06-12T17:47:15.217124,13.849358,27.698717,486.711726,2.011492,1.897119
2026-06-12T17:47:15.229598,13.861578,27.723157,487.141180,1.987309,1.935673
2026-06-12T17:47:15.238469,13.870136,27.740273,487.441937,2.025356,1.983762
2026-06-12T17:47:15.250501,13.881378,27.762755,487.836993,2.065339,2.020336
2026-06-12T17:47:15.258342,13.890849,27.781698,488.169841,2.079526,2.037056
2026-06-12T17:47:15.267940,13.901108,27.802216,488.530373,2.090166,2.046407
2026-06-12T17:47:15.279759,13.911163,27.822327,488.883756,1.928625,2.026830
2026-06-12T17:47:15.290354,13.921726,27.843451,489.254950,1.912503,2.012689
2026-06-12T17:47:15.299762,13.931744,27.863487,489.607015,2.034062,2.019368
2026-06-12T17:47:15.309126,13.942537,27.885074,489.986330,2.062114,2.024619
2026-06-12T17:47:15.321911,13.952758,27.905517,490.345544,2.006655,2.016236
2026-06-12T17:47:15.329650,13.962692,27.925384,490.694643,2.035030,2.009879
2026-06-12T17:47:15.341337,13.973185,27.946371,491.063412,2.014716,1.999101
2026-06-12T17:47:15.350452,13.983748,27.967496,491.434623,1.955388,2.002924
2026-06-12T17:47:15.363111,13.994128,27.988256,491.799410,1.968285,2.010893
2026-06-12T17:47:15.371816,14.004073,28.008145,492.148896,2.051796,2.013426
2026-06-12T17:47:15.382974,14.014812,28.029625,492.526324,2.072755,2.014946
2026-06-12T17:47:15.391951,14.025079,28.050158,492.887122,2.082750,2.025817
2026-06-12T17:47:15.402270,14.035347,28.070695,493.247991,2.094680,2.034339
2026-06-12T17:47:15.412634,14.046226,28.092452,493.630294,2.079203,2.043551
2026-06-12T17:47:15.424645,14.056373,28.112746,493.986906,1.990533,2.048572
2026-06-12T17:47:15.433595,14.066517,28.133034,494.343389,2.000206,2.053132
2026-06-12T17:47:15.443931,14.076872,28.153744,494.707294,2.045348,2.052211
2026-06-12T17:47:15.454375,14.087640,28.175280,495.085724,2.082428,2.053593
2026-06-12T17:47:15.466311,14.098255,28.196510,495.458773,2.096293,2.055527
2026-06-12T17:47:15.475239,14.109298,28.218595,495.846843,1.985697,2.039958
2026-06-12T17:47:15.488674,14.119287,28.238573,496.197893,1.729037,1.989934
2026-06-12T17:47:15.498262,14.129061,28.258122,496.541397,1.753219,1.956032
2026-06-12T17:47:15.508547,14.139318,28.278636,496.901858,1.872521,1.937792
2026-06-12T17:47:15.516311,14.149498,28.298995,497.259606,2.019230,1.934061
2026-06-12T17:47:15.526777,14.159919,28.319838,497.625848,2.055343,1.930191
2026-06-12T17:47:15.538149,14.170268,28.340536,497.989542,2.010202,1.917893
2026-06-12T17:47:15.549651,14.180747,28.361493,498.357794,1.959902,1.914208
2026-06-12T17:47:15.557997,14.190886,28.381772,498.714130,2.052119,1.960362
2026-06-12T17:47:15.567983,14.201045,28.402091,499.071157,2.088554,2.008267
2026-06-12T17:47:15.580029,14.211694,28.423388,499.445384,2.085975,2.038761
2026-06-12T17:47:15.591317,14.222018,28.444037,499.808224,2.018908,2.038715
2026-06-12T17:47:15.599674,14.232316,28.464633,500.170122,2.071787,2.041064
2026-06-12T17:47:15.609561,14.242876,28.485751,500.541207,2.097582,2.053547
2026-06-12T17:47:15.621733,14.253570,28.507140,500.917040,2.102096,2.073860
2026-06-12T17:47:15.633046,14.264118,28.528236,501.287745,2.096937,2.080263
2026-06-12T17:47:15.641373,14.273830,28.547659,501.629032,2.072755,2.078006
2026-06-12T17:47:15.651206,14.284744,28.569487,502.012585,1.884129,2.049171
2026-06-12T17:47:15.663434,14.294630,28.589260,502.360033,1.987631,2.044703
2026-06-12T17:47:15.671586,14.304729,28.609459,502.714959,2.045025,2.040879
2026-06-12T17:47:15.683856,14.315361,28.630722,503.088581,1.946359,2.019276
2026-06-12T17:47:15.692594,14.326077,28.652154,503.465176,2.029548,2.008912
2026-06-12T17:47:15.704883,14.336697,28.673393,503.838387,2.088554,2.007715
2026-06-12T17:47:15.713679,14.346707,28.693413,504.190175,1.984084,1.995047
2026-06-12T17:47:15.724756,14.358880,28.717760,504.617981,2.043090,2.017756
2026-06-12T17:47:15.734688,14.367898,28.735796,504.934910,2.098872,2.033648
2026-06-12T17:47:15.746884,14.377948,28.755896,505.288103,2.111770,2.043183
2026-06-12T17:47:15.758014,14.389200,28.778401,505.683539,2.110480,2.066628
2026-06-12T17:47:15.767374,14.399324,28.798649,506.039333,2.115961,2.078973
2026-06-12T17:47:15.776339,14.409628,28.819257,506.401453,2.109513,2.081967
2026-06-12T17:47:15.788804,14.420097,28.840194,506.769346,2.093068,2.097536
2026-06-12T17:47:15.799658,14.430616,28.861231,507.139008,2.105643,2.106472
2026-06-12T17:47:15.808573,14.441585,28.883170,507.524515,2.112414,2.108407
2026-06-12T17:47:15.817924,14.451056,28.902113,507.857368,2.106933,2.107716
2026-06-12T17:47:15.831172,14.462427,28.924853,508.256954,2.109513,2.107578
2026-06-12T17:47:15.838539,14.472011,28.944023,508.593792,2.113704,2.107255
2026-06-12T17:47:15.849635,14.482058,28.964115,508.946851,2.003108,2.092055
2026-06-12T17:47:15.859583,14.492693,28.985386,509.320611,1.761925,2.044749
2026-06-12T17:47:15.872356,14.503276,29.006552,509.692528,1.938298,2.020842
2026-06-12T17:47:15.882957,14.513813,29.027627,510.062851,2.054053,2.012505
2026-06-12T17:47:15.891328,14.524066,29.048132,510.423160,2.092101,2.010386
2026-06-12T17:47:15.901073,14.534674,29.069348,510.795964,2.106611,2.009972
2026-06-12T17:47:15.913198,14.544934,29.089869,511.156544,2.017295,1.996199
2026-06-12T17:47:15.924674,14.555358,29.110716,511.522857,1.740322,1.958658
2026-06-12T17:47:15.933012,14.565541,29.131082,511.880721,1.927980,1.982380
2026-06-12T17:47:15.945176,14.575716,29.151431,512.238300,2.037931,1.996613
2026-06-12T17:47:15.954701,14.586261,29.172521,512.608882,2.052119,1.996337
2026-06-12T17:47:15.962826,14.596102,29.192205,512.954755,2.084040,1.995186
2026-06-12T17:47:15.975743,14.606840,29.213680,513.332109,2.089844,1.992790
2026-06-12T17:47:15.985680,14.617286,29.234573,513.699234,1.976668,1.986986
2026-06-12T17:47:15.996429,14.627519,29.255038,514.058841,2.056310,2.032128
2026-06-12T17:47:16.004364,14.638265,29.276530,514.436483,2.098227,2.056449
2026-06-12T17:47:16.016379,14.648438,29.296875,514.793982,1.997627,2.050691
2026-06-12T17:47:16.027987,14.659161,29.318321,515.170830,1.798361,2.014440
2026-06-12T17:47:16.035421,14.668975,29.337949,515.515722,1.931850,1.992698
2026-06-12T17:47:16.046988,14.678885,29.357770,515.864006,1.879937,1.962711
2026-06-12T17:47:16.058023,14.689065,29.378130,516.221765,1.858656,1.945853
2026-06-12T17:47:16.068913,14.699780,29.399560,516.598321,2.025679,1.941477
2026-06-12T17:47:16.076633,14.709691,29.419381,516.946619,2.083718,1.939404
2026-06-12T17:47:16.087973,14.720297,29.440595,517.319373,1.920887,1.928441
2026-06-12T17:47:16.099619,14.730877,29.461754,517.691168,1.976346,1.953867
2026-06-12T17:47:16.108159,14.741311,29.482621,518.057849,2.088877,1.976300
2026-06-12T17:47:16.118397,14.752025,29.504050,518.434388,2.109835,2.009142
2026-06-12T17:47:16.129727,14.762350,29.524700,518.797243,2.082428,2.041110
2026-06-12T17:47:16.142350,14.773106,29.546213,519.175254,2.114349,2.053777
2026-06-12T17:47:16.150262,14.783031,29.566062,519.524034,2.125634,2.059765
2026-06-12T17:47:16.159691,14.793200,29.586399,519.881398,2.126924,2.089199
2026-06-12T17:47:16.172574,14.803790,29.607579,520.253562,2.136920,2.112138
2026-06-12T17:47:16.183905,14.814893,29.629787,520.643790,2.130793,2.118126
2026-06-12T17:47:16.192910,14.825006,29.650013,520.999190,2.099839,2.116698
2026-06-12T17:47:16.200585,14.833806,29.667611,521.308426,2.111770,2.120890
2026-06-12T17:47:16.214012,14.845620,29.691241,521.723630,2.122410,2.122042
2026-06-12T17:47:16.222025,14.853987,29.707974,522.017663,2.032450,2.108729
2026-06-12T17:47:16.232966,14.864500,29.729001,522.387135,1.958289,2.084639
2026-06-12T17:47:16.241888,14.874819,29.749638,522.749771,2.017618,2.067596
2026-06-12T17:47:16.254689,14.885284,29.770569,523.117552,2.055021,2.056771
2026-06-12T17:47:16.265429,14.896357,29.792713,523.506673,2.106933,2.057784
2026-06-12T17:47:16.275641,14.907195,29.814390,523.887573,2.124990,2.059673
2026-06-12T17:47:16.283818,14.916169,29.832338,524.202945,2.121765,2.059581
2026-06-12T17:47:16.292869,14.926051,29.852103,524.550238,2.113382,2.071143
2026-06-12T17:47:16.304794,14.936834,29.873668,524.929181,2.114672,2.093483
2026-06-12T17:47:16.316880,14.947532,29.895064,525.305140,2.122410,2.108453
2026-06-12T17:47:16.324794,14.957088,29.914177,525.640987,2.111447,2.116514
2026-06-12T17:47:16.334155,14.967945,29.935891,526.022530,2.090489,2.114165
2026-06-12T17:47:16.346165,14.977535,29.955070,526.359551,2.106611,2.111539
2026-06-12T17:47:16.357969,14.988408,29.976816,526.741663,2.118218,2.111033
2026-06-12T17:47:16.367272,14.998521,29.997042,527.097057,2.123377,2.112461
2026-06-12T17:47:16.375541,15.008820,30.017640,527.459008,2.127569,2.114303
2026-06-12T17:47:16.388601,15.019532,30.039063,527.835441,2.103064,2.111539
2026-06-12T17:47:16.396107,15.029773,30.059546,528.195361,2.077591,2.106703
2026-06-12T17:47:16.408498,15.040184,30.080368,528.561231,2.115961,2.110342
2026-06-12T17:47:16.417407,15.050281,30.100562,528.916079,2.091456,2.108177
2026-06-12T17:47:16.429985,15.061009,30.122019,529.293107,1.993435,2.090351
2026-06-12T17:47:16.438827,15.070943,30.141886,529.642213,2.061792,2.081553
2026-06-12T17:47:16.449658,15.081122,30.162245,529.999940,2.110157,2.079065
2026-06-12T17:47:16.460293,15.091203,30.182407,530.354223,2.122088,2.081783
2026-06-12T17:47:16.471817,15.102373,30.204746,530.746752,2.125312,2.088600
2026-06-12T17:47:16.480223,15.112101,30.224203,531.088650,2.125957,2.090028
2026-06-12T17:47:16.491326,15.122352,30.244704,531.448893,2.117573,2.093759
2026-06-12T17:47:16.499620,15.132308,30.264615,531.798762,2.118863,2.111677
2026-06-12T17:47:16.509550,15.142843,30.285687,532.169021,2.128859,2.121258
2026-06-12T17:47:16.521952,15.153135,30.306270,532.530702,2.127891,2.123792
2026-06-12T17:47:16.532975,15.163963,30.327927,532.911247,2.130149,2.124943
2026-06-12T17:47:16.544311,15.174807,30.349614,533.292334,2.132728,2.126003
2026-06-12T17:47:16.550633,15.184371,30.368741,533.628426,2.129826,2.126556
2026-06-12T17:47:16.563534,15.194134,30.388268,533.971544,2.106288,2.124943
2026-06-12T17:47:16.574677,15.205367,30.410734,534.366308,2.122088,2.125404
2026-06-12T17:47:16.583829,15.215890,30.431781,534.736128,2.127569,2.125220
2026-06-12T17:47:16.592736,15.226271,30.452542,535.100943,2.090811,2.119923
2026-06-12T17:47:16.604910,15.237092,30.474185,535.481236,2.113704,2.117573
2026-06-12T17:47:16.616299,15.246867,30.493734,535.824758,2.115639,2.115132
2026-06-12T17:47:16.624648,15.257308,30.514616,536.191688,2.053731,2.104261
2026-06-12T17:47:16.634534,15.267419,30.534837,536.547001,2.096937,2.102926
2026-06-12T17:47:16.646605,15.277785,30.555571,536.911324,2.120798,2.102741
2026-06-12T17:47:16.658005,15.288558,30.577117,537.289926,1.768051,2.051382
2026-06-12T17:47:16.666355,15.299348,30.598696,537.669111,1.689377,1.994034
2026-06-12T17:47:16.675091,15.308171,30.616342,537.979170,1.730971,1.939358
2026-06-12T17:47:16.688332,15.318715,30.637430,538.349717,1.896704,1.908081
2026-06-12T17:47:16.697455,15.328843,30.657686,538.705648,2.023422,1.903752
2026-06-12T17:47:16.708317,15.339438,30.678876,539.077991,2.067596,1.899560
2026-06-12T17:47:16.716324,15.349769,30.699539,539.441077,2.003431,1.882793
2026-06-12T17:47:16.726560,15.360165,30.720329,539.806395,1.943780,1.907897
2026-06-12T17:47:16.738540,15.370788,30.741576,540.179736,2.059857,1.960823
2026-06-12T17:47:16.750732,15.381202,30.762404,540.545722,2.094036,2.012689
2026-06-12T17:47:16.758114,15.391784,30.783568,540.917608,1.954420,2.020934
2026-06-12T17:47:16.771301,15.402297,30.804594,541.287072,2.011814,2.019276
2026-06-12T17:47:16.779915,15.413332,30.826664,541.674871,2.092423,2.022823
2026-06-12T17:47:16.792468,15.423054,30.846108,542.016541,2.098550,2.036411
2026-06-12T17:47:16.800086,15.433648,30.867296,542.388838,2.074689,2.055113
2026-06-12T17:47:16.813371,15.443973,30.887945,542.751686,2.110157,2.062299
2026-06-12T17:47:16.822848,15.454465,30.908929,543.120409,2.110157,2.064602
2026-06-12T17:47:16.832982,15.464258,30.928516,543.464584,2.074044,2.081691
2026-06-12T17:47:16.841073,15.475055,30.950110,543.844026,2.090489,2.092930
2026-06-12T17:47:16.851767,15.485384,30.970767,544.207004,2.011492,2.081368
2026-06-12T17:47:16.863264,15.495505,30.991010,544.562696,1.998594,2.067089
2026-06-12T17:47:16.874931,15.507541,31.015082,544.985680,2.095648,2.070083
2026-06-12T17:47:16.884538,15.516933,31.033867,545.315767,2.119831,2.071465
2026-06-12T17:47:16.897660,15.528094,31.056189,545.708004,2.129504,2.074229
2026-06-12T17:47:16.905854,15.537163,31.074326,546.026697,2.134663,2.082888
2026-06-12T17:47:16.917370,15.548140,31.096280,546.412465,2.140144,2.089982
2026-06-12T17:47:16.924631,15.557986,31.115973,546.758500,1.987309,2.086527
2026-06-12T17:47:16.937991,15.568386,31.136772,547.123979,1.994402,2.085929
2026-06-12T17:47:16.947228,15.578637,31.157273,547.484219,2.097905,2.086251
2026-06-12T17:47:16.957964,15.589163,31.178326,547.854144,2.077269,2.080171
2026-06-12T17:47:16.966676,15.599973,31.199947,548.234067,2.062437,2.070590
2026-06-12T17:47:16.979563,15.610078,31.220157,548.589187,2.118863,2.068333
2026-06-12T17:47:16.988454,15.620340,31.240679,548.949799,2.125634,2.066260
2026-06-12T17:47:17.000194,15.631099,31.262197,549.327909,2.030515,2.072432
2026-06-12T17:47:17.008212,15.640822,31.281644,549.669624,2.060502,2.081875
2026-06-12T17:47:17.017680,15.651536,31.303072,550.046149,2.118218,2.084777
2026-06-12T17:47:17.030304,15.661894,31.323788,550.410156,2.130793,2.092423
2026-06-12T17:47:17.041581,15.673631,31.347261,550.822619,2.132083,2.102373
2026-06-12T17:47:17.049623,15.682627,31.365253,551.138767,2.139822,2.105367
2026-06-12T17:47:17.059621,15.692924,31.385848,551.500645,2.013104,2.089291
2026-06-12T17:47:17.073275,15.704145,31.408291,551.895008,1.962804,2.079618
2026-06-12T17:47:17.081891,15.712910,31.425820,552.203022,2.074689,2.081645
2026-06-12T17:47:17.092057,15.723811,31.447622,552.586122,2.112737,2.080862
2026-06-12T17:47:17.100797,15.734056,31.468111,552.946154,2.119186,2.079203
2026-06-12T17:47:17.114197,15.744641,31.489282,553.318149,2.133050,2.079342
2026-06-12T17:47:17.124693,15.755848,31.511697,553.712017,2.017618,2.061884
2026-06-12T17:47:17.133443,15.765629,31.531259,554.055757,2.030193,2.064325
2026-06-12T17:47:17.143328,15.776112,31.552224,554.424157,2.101129,2.084086
2026-06-12T17:47:17.154924,15.786759,31.573518,554.798320,2.024712,2.076946
2026-06-12T17:47:17.166326,15.797108,31.594217,555.162032,1.957000,2.054698
2026-06-12T17:47:17.174703,15.807208,31.614417,555.516979,2.076302,2.048572
2026-06-12T17:47:17.184224,15.817514,31.635028,555.879152,2.078236,2.040741
2026-06-12T17:47:17.197069,15.828433,31.656867,556.262892,1.948294,2.030838
2026-06-12T17:47:17.204743,15.838799,31.677598,556.627183,2.041156,2.032404
2026-06-12T17:47:17.217252,15.849279,31.698557,556.995467,2.114027,2.034246
2026-06-12T17:47:17.224998,15.858380,31.716761,557.315331,2.117896,2.047559
2026-06-12T17:47:17.237976,15.869251,31.738502,557.697362,2.057278,2.061884
2026-06-12T17:47:17.247282,15.879799,31.759598,558.068047,2.108223,2.066444
2026-06-12T17:47:17.261702,15.893136,31.786273,558.536766,2.057278,2.063450
2026-06-12T17:47:17.269795,15.900283,31.800566,558.787918,2.015683,2.073077
2026-06-12T17:47:17.279544,15.910718,31.821436,559.154652,2.088877,2.079894
2026-06-12T17:47:17.290756,15.921575,31.843149,559.536185,2.107578,2.078973
2026-06-12T17:47:17.299813,15.931361,31.862723,559.880118,2.035030,2.067135
2026-06-12T17:47:17.308630,15.941110,31.882219,560.222705,2.076302,2.069853
2026-06-12T17:47:17.318445,15.951630,31.903259,560.592412,2.129504,2.072893
2026-06-12T17:47:17.329667,15.962688,31.925375,560.981030,2.147238,2.085744
2026-06-12T17:47:17.341301,15.972633,31.945266,561.330537,2.151752,2.105183
2026-06-12T17:47:17.349752,15.982912,31.965825,561.691789,2.158523,2.115132
2026-06-12T17:47:17.363060,15.993527,31.987054,562.064831,1.898639,2.085284
2026-06-12T17:47:17.371280,16.004090,32.008180,562.436046,1.796426,2.051197
2026-06-12T17:47:17.383014,16.014180,32.028360,562.790645,2.027291,2.044196
2026-06-12T17:47:17.391460,16.024768,32.049537,563.162752,2.118863,2.042676
2026-06-12T17:47:17.401357,16.034997,32.069994,563.522212,2.134340,2.040833
2026-06-12T17:47:17.413814,16.045099,32.090197,563.877218,2.142724,2.039544
2026-06-12T17:47:17.424643,16.055939,32.111878,564.258179,2.130793,2.035582
2026-06-12T17:47:17.433009,16.065768,32.131536,564.603602,2.145626,2.070866
2026-06-12T17:47:17.442479,16.076219,32.152438,564.970895,2.151752,2.121627
2026-06-12T17:47:17.455452,16.086662,32.173324,565.337885,2.157878,2.140282
2026-06-12T17:47:17.463168,16.096867,32.193735,565.696540,2.114672,2.139683
2026-06-12T17:47:17.474666,16.107420,32.214839,566.067382,2.126924,2.138624
2026-06-12T17:47:17.484498,16.117050,32.234100,566.405829,2.152074,2.139960
2026-06-12T17:47:17.496891,16.128353,32.256707,566.803068,2.147560,2.142355
2026-06-12T17:47:17.504822,16.138359,32.276719,567.154708,2.142724,2.141941
2026-06-12T17:47:17.517438,16.148824,32.297649,567.522486,2.150462,2.141756
2026-06-12T17:47:17.525553,16.158817,32.317633,567.873644,2.099839,2.133465
2026-06-12T17:47:17.538080,16.169339,32.338677,568.243422,2.044703,2.123469
2026-06-12T17:47:17.547630,16.179661,32.359321,568.606167,2.110480,2.121120
2026-06-12T17:47:17.558018,16.190304,32.380608,568.980204,2.121120,2.116698
2026-06-12T17:47:17.567398,16.200659,32.401318,569.344127,2.124667,2.113428
2026-06-12T17:47:17.579705,16.211193,32.422387,569.714329,2.104354,2.107946
2026-06-12T17:47:17.591313,16.222049,32.444098,570.095838,2.127569,2.104676
2026-06-12T17:47:17.599650,16.232301,32.464603,570.456133,2.139177,2.110296
2026-06-12T17:47:17.611287,16.242075,32.484150,570.799610,2.143368,2.124391
2026-06-12T17:47:17.618791,16.252338,32.504677,571.160299,2.143691,2.129135
2026-06-12T17:47:17.629277,16.262718,32.525435,571.525062,2.105321,2.126878
2026-06-12T17:47:17.642119,16.272842,32.545684,571.880866,2.107900,2.124483
2026-06-12T17:47:17.650043,16.283271,32.566543,572.247386,2.142079,2.129872
2026-06-12T17:47:17.660157,16.293456,32.586912,572.605316,2.136275,2.131116
2026-06-12T17:47:17.673046,16.304727,32.609454,573.001409,1.979248,2.108269
2026-06-12T17:47:17.683598,16.315299,32.630598,573.372951,1.918630,2.076163
2026-06-12T17:47:17.695351,16.325963,32.651927,573.747722,2.032128,2.060226
2026-06-12T17:47:17.704995,16.336236,32.672471,574.108728,2.100484,2.059535
2026-06-12T17:47:17.714050,16.346377,32.692754,574.465126,2.125634,2.062068
2026-06-12T17:47:17.724582,16.357026,32.714052,574.839374,2.134018,2.060917
2026-06-12T17:47:17.733623,16.367026,32.734052,575.190803,2.137565,2.061101
2026-06-12T17:47:17.747652,16.378081,32.756162,575.579312,2.137242,2.083672
2026-06-12T17:47:17.755136,16.387736,32.775473,575.918631,2.137565,2.114948
2026-06-12T17:47:17.767026,16.398551,32.797102,576.298698,2.126279,2.128398
2026-06-12T17:47:17.774686,16.407992,32.815985,576.630493,2.137242,2.133649
2026-06-12T17:47:17.784570,16.417815,32.835631,576.975709,2.143046,2.136137
2026-06-12T17:47:17.796520,16.427738,32.855475,577.324407,1.887676,2.100945
2026-06-12T17:47:17.806384,16.438325,32.876650,577.696487,1.681638,2.035813
2026-06-12T17:47:17.817292,16.449140,32.898279,578.076544,1.875423,1.998410
2026-06-12T17:47:17.825541,16.458855,32.917710,578.417967,1.974089,1.975056
2026-06-12T17:47:17.838029,16.469664,32.939328,578.797831,2.045992,1.963587
2026-06-12T17:47:17.848944,16.480127,32.960254,579.165535,2.115961,1.960547
2026-06-12T17:47:17.858480,16.489360,32.978719,579.490002,2.138854,1.959948
2026-06-12T17:47:17.866406,16.499931,32.999862,579.861512,2.142401,1.996337
2026-06-12T17:47:17.876425,16.509511,33.019022,580.198185,2.140789,2.061930
2026-06-12T17:47:17.888389,16.520137,33.040273,580.571610,2.146915,2.100715
2026-06-12T17:47:17.900364,16.530835,33.061671,580.947598,2.121765,2.121811
2026-06-12T17:47:17.908123,16.541025,33.082049,581.305683,2.100807,2.129642
2026-06-12T17:47:17.917655,16.551232,33.102464,581.664408,2.133373,2.132129
2026-06-12T17:47:17.930476,16.561832,33.123665,582.036930,2.139499,2.132221
2026-06-12T17:47:17.941861,16.572402,33.144803,582.408373,2.124667,2.129688
2026-06-12T17:47:17.950654,16.582682,33.165363,582.769643,2.142079,2.129872
2026-06-12T17:47:17.959099,16.593012,33.186023,583.132676,2.085975,2.121166
2026-06-12T17:47:17.972351,16.603643,33.207287,583.506309,1.860269,2.083810
2026-06-12T17:47:17.982952,16.613404,33.226809,583.849346,1.910246,2.056587
2026-06-12T17:47:17.992310,16.623343,33.246685,584.198603,2.044380,2.043874
2026-06-12T17:47:18.000505,16.633802,33.267604,584.566177,2.105643,2.039037
2026-06-12T17:47:18.013528,16.643978,33.287956,584.923795,2.133050,2.040235
2026-06-12T17:47:18.024662,16.655128,33.310256,585.315653,2.107578,2.035306
2026-06-12T17:47:18.032993,16.664623,33.329245,585.649321,1.904442,2.009373
2026-06-12T17:47:18.041314,16.674836,33.349672,586.008242,1.883162,2.012643
2026-06-12T17:47:18.054652,16.685177,33.370354,586.371673,2.056633,2.033556
2026-06-12T17:47:18.063341,16.696158,33.392317,586.757585,2.114994,2.043643
2026-06-12T17:47:18.075357,16.706414,33.412828,587.118004,2.132728,2.047512
2026-06-12T17:47:18.085022,16.716054,33.432108,587.456778,2.141756,2.048756
2026-06-12T17:47:18.094972,16.726043,33.452087,587.807841,2.076946,2.044380
2026-06-12T17:47:18.105013,16.737264,33.474528,588.202170,1.821899,2.032588
2026-06-12T17:47:18.116859,16.747315,33.494630,588.555391,1.873488,2.031206
2026-06-12T17:47:18.124680,16.757088,33.514177,588.898868,2.055988,2.031114
2026-06-12T17:47:18.134566,16.767814,33.535628,589.275804,2.134018,2.033832
2026-06-12T17:47:18.146286,16.777701,33.555402,589.623262,2.156588,2.037241
2026-06-12T17:47:18.158490,16.789511,33.579022,590.038300,2.160780,2.039958
2026-06-12T17:47:18.167204,16.798902,33.597803,590.368320,2.063404,2.038024
2026-06-12T17:47:18.176252,16.809633,33.619266,590.745460,2.122732,2.081000
2026-06-12T17:47:18.187766,16.820737,33.641474,591.135688,2.119831,2.116192
2026-06-12T17:47:18.199630,16.831733,33.663467,591.522133,1.826413,2.083395
2026-06-12T17:47:18.207932,16.842235,33.684470,591.891198,1.848338,2.042584
2026-06-12T17:47:18.218130,16.851166,33.702332,592.205066,2.063082,2.029226
2026-06-12T17:47:18.229644,16.861718,33.723436,592.575897,2.129504,2.024758
2026-06-12T17:47:18.241775,16.872742,33.745485,592.963327,2.144981,2.036411
2026-06-12T17:47:18.249680,16.882801,33.765602,593.316816,2.158845,2.041570
2026-06-12T17:47:18.259536,16.892970,33.785940,593.674195,2.141434,2.044657
2026-06-12T17:47:18.271573,16.903537,33.807075,594.045561,2.110802,2.085284
2026-06-12T17:47:18.282971,16.913853,33.827707,594.408106,2.147238,2.127984
2026-06-12T17:47:18.291341,16.924276,33.848552,594.774393,2.157233,2.141434
2026-06-12T17:47:18.301580,16.934650,33.869299,595.138949,2.157233,2.145395
2026-06-12T17:47:18.313064,16.945023,33.890046,595.503497,2.157556,2.147192
2026-06-12T17:47:18.324625,16.955903,33.911807,595.885873,2.154976,2.146639
2026-06-12T17:47:18.332962,16.965340,33.930681,596.217524,2.138854,2.146270
2026-06-12T17:47:18.342430,16.975708,33.951415,596.581865,2.148850,2.151706
2026-06-12T17:47:18.354818,16.986377,33.972753,596.956805,2.154976,2.152811
2026-06-12T17:47:18.366302,16.996816,33.993631,597.323669,2.150140,2.151798
2026-06-12T17:47:18.374668,17.007277,34.014553,597.691299,2.151107,2.150923
2026-06-12T17:47:18.384060,17.017902,34.035803,598.064700,2.154331,2.150462
2026-06-12T17:47:18.396408,17.028532,34.057065,598.438294,2.128536,2.146685
2026-06-12T17:47:18.404730,17.037804,34.075608,598.764139,2.029226,2.131024
2026-06-12T17:47:18.417103,17.048389,34.096779,599.136134,2.113704,2.126003
2026-06-12T17:47:18.425265,17.058507,34.117015,599.491713,2.120153,2.121028
2026-06-12T17:47:18.438818,17.069421,34.138841,599.875246,2.042768,2.105689
2026-06-12T17:47:18.446776,17.078936,34.157871,600.209630,2.101774,2.098642
2026-06-12T17:47:18.458472,17.089717,34.179434,600.588524,2.142401,2.096937
2026-06-12T17:47:18.467060,17.099753,34.199507,600.941236,2.134018,2.097721
2026-06-12T17:47:18.478463,17.109854,34.219707,601.296194,2.158523,2.116192
2026-06-12T17:47:18.490478,17.121091,34.242182,601.691109,2.166584,2.123746
2026-06-12T17:47:18.499577,17.131306,34.262612,602.050090,2.023744,2.109973
2026-06-12T17:47:18.510367,17.141112,34.282224,602.394705,1.858334,2.083625
2026-06-12T17:47:18.520249,17.151997,34.303994,602.777250,2.048249,2.075979
2026-06-12T17:47:18.530285,17.162167,34.324334,603.134647,2.133373,2.074689
2026-06-12T17:47:18.541283,17.172347,34.344693,603.492398,2.140789,2.075657
2026-06-12T17:47:18.549631,17.183374,34.366747,603.879927,2.164972,2.076578
2026-06-12T17:47:18.559588,17.192923,34.385846,604.215513,2.172388,2.077407
2026-06-12T17:47:18.571955,17.203632,34.407264,604.591877,2.100807,2.088416
2026-06-12T17:47:18.582932,17.213844,34.427687,604.950742,2.075657,2.119462
2026-06-12T17:47:18.592134,17.224006,34.448013,605.307893,2.142724,2.132958
2026-06-12T17:47:18.601220,17.234542,34.469084,605.678144,2.160458,2.136828
2026-06-12T17:47:18.613581,17.244900,34.489799,606.042148,2.168841,2.140835
2026-06-12T17:47:18.624638,17.255923,34.511846,606.429550,2.172710,2.141941
2026-06-12T17:47:18.632984,17.266249,34.532497,606.792422,2.060502,2.125957
2026-06-12T17:47:18.642455,17.276336,34.552673,607.146936,1.852852,2.090535
2026-06-12T17:47:18.655290,17.286539,34.573078,607.505500,2.011169,2.081322
2026-06-12T17:47:18.667388,17.298221,34.596443,607.916050,2.105966,2.076071
2026-06-12T17:47:18.675094,17.308050,34.616100,608.261463,2.131116,2.071880
2026-06-12T17:47:18.684120,17.317628,34.635256,608.598058,2.159168,2.070498
2026-06-12T17:47:18.696953,17.327995,34.655991,608.962406,2.164004,2.069254
2026-06-12T17:47:18.707920,17.338637,34.677275,609.336401,2.166584,2.084409
2026-06-12T17:47:18.717083,17.349131,34.698261,609.705166,2.170776,2.129826
2026-06-12T17:47:18.726224,17.359509,34.719018,610.069904,2.175290,2.153272
2026-06-12T17:47:18.738025,17.370062,34.740125,610.440781,2.167551,2.162070
2026-06-12T17:47:18.749074,17.380290,34.760580,610.800209,2.156911,2.165755
2026-06-12T17:47:18.760245,17.390998,34.781996,611.176530,2.168196,2.167045
2026-06-12T17:47:18.767392,17.400534,34.801068,611.511650,2.154331,2.165663
2026-06-12T17:47:18.779595,17.411100,34.822199,611.882959,2.079848,2.153272
2026-06-12T17:47:18.791281,17.421856,34.843712,612.260974,2.136597,2.148389
2026-06-12T17:47:18.799670,17.433450,34.866899,612.668415,2.162392,2.146547
2026-06-12T17:47:18.809429,17.442704,34.885408,612.993648,2.168196,2.146639
2026-06-12T17:47:18.822546,17.453362,34.906723,613.368188,2.169163,2.148389
2026-06-12T17:47:18.832955,17.463456,34.926911,613.722924,2.168196,2.148389
2026-06-12T17:47:18.842132,17.473807,34.947615,614.086713,2.113059,2.142493
2026-06-12T17:47:18.850739,17.483930,34.967859,614.442447,2.142724,2.151475
2026-06-12T17:47:18.863521,17.494641,34.989282,614.818870,2.158201,2.154562
2026-06-12T17:47:18.875164,17.507315,35.014630,615.264276,2.158845,2.154055
2026-06-12T17:47:18.885004,17.516161,35.032323,615.575178,2.166584,2.153825
2026-06-12T17:47:18.892335,17.525978,35.051956,615.920162,2.169808,2.153917
2026-06-12T17:47:18.904735,17.535908,35.071816,616.269134,1.936041,2.120752
2026-06-12T17:47:18.916283,17.547139,35.094277,616.663814,1.884129,2.088047
2026-06-12T17:47:18.924967,17.558131,35.116262,617.050130,1.954098,2.061101
2026-06-12T17:47:18.934166,17.566634,35.133267,617.348936,2.006010,2.039359
2026-06-12T17:47:18.943721,17.576624,35.153248,617.700028,1.987309,2.014854
2026-06-12T17:47:18.955503,17.587267,35.174535,618.074072,2.108868,2.006609
2026-06-12T17:47:18.967050,17.597817,35.195633,618.444809,2.147560,2.003431
2026-06-12T17:47:18.975492,17.608545,35.217090,618.821829,2.164972,2.036135
2026-06-12T17:47:18.985252,17.618274,35.236548,619.163752,2.168196,2.076716
2026-06-12T17:47:18.997345,17.628337,35.256673,619.517381,2.156266,2.105597
2026-06-12T17:47:19.007924,17.638672,35.277344,619.880604,2.002786,2.105137
2026-06-12T17:47:19.016976,17.649638,35.299276,620.265982,2.112737,2.123055
2026-06-12T17:47:19.026204,17.659775,35.319549,620.622212,2.156911,2.129918
2026-06-12T17:47:19.038809,17.669651,35.339302,620.969294,2.055021,2.116698
2026-06-12T17:47:19.049639,17.680867,35.361735,621.363478,1.893480,2.077914
2026-06-12T17:47:19.057932,17.690302,35.380603,621.695030,2.062114,2.062759
2026-06-12T17:47:19.067199,17.700550,35.401099,622.055179,2.129181,2.058890
2026-06-12T17:47:19.079538,17.710958,35.421917,622.420981,2.154654,2.080585
2026-06-12T17:47:19.089324,17.721277,35.442554,622.783614,2.160135,2.087357
2026-06-12T17:47:19.099683,17.731810,35.463620,623.153764,2.158523,2.087587
2026-06-12T17:47:19.108562,17.742068,35.484136,623.514278,2.162070,2.102880
2026-06-12T17:47:19.118706,17.752247,35.504494,623.871998,2.166906,2.141941
2026-06-12T17:47:19.130951,17.762066,35.524131,624.217052,2.169486,2.157279
2026-06-12T17:47:19.142303,17.772954,35.545909,624.599723,2.145948,2.159675
2026-06-12T17:47:19.149885,17.782824,35.565647,624.946559,2.165939,2.161287
2026-06-12T17:47:19.160139,17.793345,35.586690,625.316312,2.171098,2.162853
2026-06-12T17:47:19.171819,17.803548,35.607096,625.674886,2.156266,2.162530
2026-06-12T17:47:19.183657,17.814189,35.628379,626.048853,2.160135,2.162254
2026-06-12T17:47:19.191945,17.824397,35.648793,626.407567,2.168196,2.162438
2026-06-12T17:47:19.203651,17.834326,35.668651,626.756504,2.104354,2.153134
2026-06-12T17:47:19.214087,17.844785,35.689569,627.124068,1.954743,2.125819
2026-06-12T17:47:19.224661,17.855110,35.710220,627.486933,2.012459,2.103893
2026-06-12T17:47:19.234692,17.865519,35.731038,627.852743,2.116929,2.096154
2026-06-12T17:47:19.242487,17.875837,35.751674,628.215347,2.151429,2.095463
2026-06-12T17:47:19.255370,17.885999,35.771999,628.572487,2.162392,2.095786
2026-06-12T17:47:19.263048,17.896248,35.792495,628.932646,2.158523,2.094404
2026-06-12T17:47:19.274642,17.906820,35.813639,629.304184,2.147883,2.100622
2026-06-12T17:47:19.283607,17.916802,35.833604,629.655002,2.163360,2.130425
2026-06-12T17:47:19.296594,17.927355,35.854709,630.025851,2.173678,2.153456
2026-06-12T17:47:19.306400,17.937647,35.875294,630.387560,2.169808,2.161010
2026-06-12T17:47:19.316308,17.948573,35.897146,630.771525,2.167229,2.163267
2026-06-12T17:47:19.327263,17.958508,35.917016,631.120673,2.152397,2.161840
2026-06-12T17:47:19.338213,17.969302,35.938604,631.500009,1.929593,2.129135
2026-06-12T17:47:19.346985,17.979332,35.958663,631.852493,1.484952,2.034431
2026-06-12T17:47:19.357964,17.989710,35.979421,632.217231,1.389833,1.923927
2026-06-12T17:47:19.366621,17.999902,35.999805,632.575418,1.486564,1.825768
2026-06-12T17:47:19.376777,18.009909,36.019819,632.927093,1.761603,1.767453
2026-06-12T17:47:19.388255,18.020504,36.041008,633.299419,2.030193,1.747876
2026-06-12T17:47:19.399603,18.031067,36.062134,633.670640,2.118218,1.742994
2026-06-12T17:47:19.408160,18.041519,36.083038,634.037961,2.140467,1.773118
2026-06-12T17:47:19.418006,18.051368,36.102736,634.384080,2.149495,1.868053
2026-06-12T17:47:19.430026,18.062273,36.124547,634.767339,2.167229,1.979110
2026-06-12T17:47:19.441332,18.072381,36.144763,635.122567,1.978281,2.049355
2026-06-12T17:47:19.451079,18.082834,36.165668,635.489906,1.761925,2.049401
2026-06-12T17:47:19.461603,18.093022,36.186044,635.847942,1.988921,2.043505
2026-06-12T17:47:19.471728,18.103288,36.206576,636.208726,1.897671,2.011998
2026-06-12T17:47:19.484202,18.115255,36.230509,636.629268,1.705821,1.949906
2026-06-12T17:47:19.491985,18.125555,36.251109,636.991244,1.893157,1.913286
2026-06-12T17:47:19.505623,18.136073,36.272145,637.360884,2.092423,1.902600
2026-06-12T17:47:19.512797,18.145815,36.291631,637.703271,2.150785,1.927243
2026-06-12T17:47:19.524619,18.156509,36.313017,638.079072,2.170131,1.985558
2026-06-12T17:47:19.533864,18.167247,36.334493,638.456433,2.164972,2.010709
2026-06-12T17:47:19.546409,18.177871,36.355743,638.829827,2.058245,2.033648
2026-06-12T17:47:19.557974,18.188459,36.376918,639.201906,2.137887,2.095371
2026-06-12T17:47:19.567334,18.198082,36.396165,639.540104,2.171098,2.135077
2026-06-12T17:47:19.575057,18.208293,36.416586,639.898941,2.146270,2.142770
2026-06-12T17:47:19.588178,18.219442,36.438885,640.290764,2.145626,2.142033
2026-06-12T17:47:19.599704,18.230782,36.461564,640.689271,2.171421,2.142217
2026-06-12T17:47:19.608979,18.239564,36.479127,640.997896,2.073722,2.129181
2026-06-12T17:47:19.619443,18.249943,36.499886,641.362655,2.088232,2.133465
2026-06-12T17:47:19.627615,18.260082,36.520163,641.718966,2.153686,2.135722
2026-06-12T17:47:19.639189,18.270390,36.540780,642.081230,1.985697,2.109236
2026-06-12T17:47:19.650326,18.281134,36.562269,642.458823,1.905087,2.074781
2026-06-12T17:47:19.658062,18.291328,36.582657,642.817073,2.085007,2.066122
2026-06-12T17:47:19.671769,18.302140,36.604281,643.197049,2.153042,2.063496
2026-06-12T17:47:19.679791,18.312551,36.625101,643.562898,2.172065,2.077545
2026-06-12T17:47:19.691339,18.323014,36.646028,643.930619,2.177547,2.090305
2026-06-12T17:47:19.699748,18.333783,36.667566,644.309070,2.175935,2.093483
2026-06-12T17:47:19.709716,18.343253,36.686506,644.641884,2.138209,2.115270
2026-06-12T17:47:19.721867,18.353662,36.707323,645.007673,2.136275,2.148297
2026-06-12T17:47:19.733020,18.363726,36.727451,645.361355,2.164327,2.159629
2026-06-12T17:47:19.741916,18.374681,36.749363,645.746377,2.141434,2.157970
2026-06-12T17:47:19.750916,18.383894,36.767788,646.070138,2.037609,2.138762
2026-06-12T17:47:19.763678,18.394718,36.789437,646.450536,2.042123,2.119416
2026-06-12T17:47:19.771544,18.405054,36.810108,646.813759,1.990211,2.092884
2026-06-12T17:47:19.784129,18.415542,36.831083,647.182338,2.113382,2.089337
2026-06-12T17:47:19.792035,18.425672,36.851343,647.538336,2.155621,2.092101
2026-06-12T17:47:19.804846,18.436382,36.872764,647.914731,2.172710,2.093299
2026-06-12T17:47:19.813265,18.446229,36.892458,648.260783,2.143691,2.093621
2026-06-12T17:47:19.824635,18.456420,36.912840,648.618942,2.163360,2.111585
2026-06-12T17:47:19.833613,18.466645,36.933290,648.978279,2.179159,2.131162
2026-06-12T17:47:19.842960,18.476529,36.953058,649.325631,2.179481,2.158201
2026-06-12T17:47:19.857990,18.489086,36.978172,649.766918,2.183996,2.168288
2026-06-12T17:47:19.867123,18.498078,36.996156,650.082937,2.187542,2.172848
2026-06-12T17:47:19.875504,18.508000,37.016000,650.431629,2.165939,2.171881
2026-06-12T17:47:19.884583,18.517626,37.035252,650.769911,2.079203,2.162669
2026-06-12T17:47:19.897128,18.528654,37.057309,651.157485,2.165617,2.162991
2026-06-12T17:47:19.908649,18.539373,37.078747,651.534193,2.183996,2.163682
2026-06-12T17:47:19.917427,18.549809,37.099617,651.900920,2.186253,2.164649
2026-06-12T17:47:19.926249,18.559905,37.119811,652.255754,2.187220,2.165110
2026-06-12T17:47:19.938797,18.570276,37.140552,652.620214,2.193346,2.165939
2026-06-12T17:47:19.950281,18.580860,37.161721,652.992181,2.115639,2.158753
2026-06-12T17:47:19.958052,18.590181,37.180361,653.319720,2.115961,2.164004
2026-06-12T17:47:19.967399,18.600731,37.201462,653.690499,2.172065,2.164926
2026-06-12T17:47:19.979674,18.610520,37.221041,654.034531,2.136597,2.158155
2026-06-12T17:47:19.988964,18.620875,37.241750,654.398429,1.985374,2.129458
2026-06-12T17:47:19.999604,18.631720,37.263441,654.779561,2.102419,2.117343
2026-06-12T17:47:20.008569,18.641799,37.283599,655.133774,2.164649,2.113244
2026-06-12T17:47:20.021414,18.652025,37.304050,655.493131,2.187542,2.123516
2026-06-12T17:47:20.029169,18.662321,37.324642,655.854977,2.195281,2.134847
2026-06-12T17:47:20.042046,18.673057,37.346113,656.232254,2.153364,2.132175
2026-06-12T17:47:20.051216,18.683315,37.366630,656.592760,2.001496,2.112875
2026-06-12T17:47:20.063132,18.693660,37.387320,656.956332,2.070498,2.125036
2026-06-12T17:47:20.071944,18.703831,37.407661,657.313753,2.161103,2.133419
2026-06-12T17:47:20.083514,18.714921,37.429842,657.703513,2.189477,2.136966
2026-06-12T17:47:20.093839,18.725384,37.450768,658.071217,2.201407,2.138946
2026-06-12T17:47:20.105187,18.735863,37.471727,658.439487,2.195603,2.138993
2026-06-12T17:47:20.113680,18.745509,37.491018,658.778475,2.199150,2.145533
2026-06-12T17:47:20.125095,18.756061,37.512123,659.149314,2.199150,2.173770
2026-06-12T17:47:20.133171,18.765960,37.531920,659.497186,2.200762,2.192379
2026-06-12T17:47:20.143037,18.776523,37.553047,659.868419,2.159490,2.192149
2026-06-12T17:47:20.155249,18.786785,37.573570,660.229045,2.065984,2.174507
2026-06-12T17:47:20.166267,18.796948,37.593897,660.586220,2.144981,2.166446
2026-06-12T17:47:20.175501,18.807644,37.615288,660.962095,2.183996,2.164788
2026-06-12T17:47:20.184513,18.817970,37.635940,661.324984,2.179481,2.161978
2026-06-12T17:47:20.197362,18.828558,37.657115,661.697067,2.191089,2.160826
2026-06-12T17:47:20.208289,18.839435,37.678870,662.079335,2.192056,2.159582
2026-06-12T17:47:20.217271,18.849360,37.698720,662.428128,2.062437,2.145718
2026-06-12T17:47:20.229662,18.860049,37.720097,662.803767,2.094036,2.149725
2026-06-12T17:47:20.238557,18.870149,37.740298,663.158721,2.111770,2.144981
2026-06-12T17:47:20.249636,18.880832,37.761664,663.534168,2.021165,2.121719
2026-06-12T17:47:20.257963,18.890704,37.781409,663.881112,2.095325,2.109697
2026-06-12T17:47:20.269666,18.900797,37.801595,664.235806,2.153686,2.104354
2026-06-12T17:47:20.280743,18.911512,37.823024,664.612353,2.158201,2.099517
2026-06-12T17:47:20.291368,18.922355,37.844709,664.993404,2.018908,2.093299
2026-06-12T17:47:20.299703,18.932804,37.865607,665.360612,1.942168,2.071603
2026-06-12T17:47:20.309329,18.943019,37.886037,665.719604,2.028903,2.059765
2026-06-12T17:47:20.321417,18.953596,37.907193,666.091339,2.119831,2.073860
2026-06-12T17:47:20.333065,18.963681,37.927362,666.445749,2.172388,2.084869
2026-06-12T17:47:20.342014,18.974432,37.948864,666.823574,2.108545,2.078420
2026-06-12T17:47:20.351819,18.984542,37.969085,667.178887,2.138209,2.075565
2026-06-12T17:47:20.363121,18.994520,37.989040,667.529536,2.185285,2.099333
2026-06-12T17:47:20.374638,19.005044,38.010087,667.899362,2.193669,2.135261
2026-06-12T17:47:20.384226,19.015550,38.031100,668.268599,2.195281,2.159030
2026-06-12T17:47:20.391943,19.025668,38.051337,668.624189,2.198828,2.170315
2026-06-12T17:47:20.404710,19.036973,38.073947,669.021480,2.202697,2.174645
2026-06-12T17:47:20.413475,19.046349,38.092699,669.350983,2.192701,2.186667
2026-06-12T17:47:20.424639,19.056648,38.113295,669.712899,2.102419,2.181554
2026-06-12T17:47:20.434060,19.067102,38.134205,670.080308,2.163682,2.178468
2026-06-12T17:47:20.447003,19.078175,38.156351,670.469449,2.186897,2.177501
2026-06-12T17:47:20.455593,19.087964,38.175927,670.813446,2.189799,2.176718
2026-06-12T17:47:20.466287,19.098299,38.196597,671.176651,2.190122,2.175474
2026-06-12T17:47:20.476915,19.108235,38.216470,671.525838,2.179481,2.172158
2026-06-12T17:47:20.487976,19.118925,38.237850,671.901527,2.190767,2.171881
2026-06-12T17:47:20.496605,19.128894,38.257789,672.251888,2.200440,2.185884
2026-06-12T17:47:20.508631,19.139985,38.279971,672.641658,2.172710,2.187174
2026-06-12T17:47:20.516745,19.149589,38.299178,672.979164,2.164972,2.184042
2026-06-12T17:47:20.526553,19.159911,38.319823,673.341927,2.187865,2.183765
2026-06-12T17:47:20.538361,19.170149,38.340298,673.701699,2.175612,2.181692
2026-06-12T17:47:20.550572,19.181394,38.362788,674.096895,1.832539,2.132129
2026-06-12T17:47:20.557983,19.190817,38.381634,674.428054,1.674545,2.058383
2026-06-12T17:47:20.567859,19.201650,38.403300,674.808750,1.942168,2.021487
2026-06-12T17:47:20.580902,19.211353,38.422706,675.149749,2.064371,2.006010
2026-06-12T17:47:20.591269,19.222055,38.444109,675.525838,2.154009,2.004444
2026-06-12T17:47:20.599613,19.232676,38.465353,675.899119,2.185930,2.004168
2026-06-12T17:47:20.609761,19.243369,38.486739,676.274913,1.996015,1.978511
2026-06-12T17:47:20.622270,19.253932,38.507863,676.646100,1.745481,1.966074
2026-06-12T17:47:20.632979,19.264237,38.528474,677.008259,1.955710,2.006241
2026-06-12T17:47:20.642450,19.274876,38.549752,677.382155,2.130149,2.033095
2026-06-12T17:47:20.652799,19.284885,38.569771,677.733918,2.178192,2.049355
2026-06-12T17:47:20.663749,19.295284,38.590568,678.099362,2.194314,2.055113
2026-06-12T17:47:20.674703,19.305931,38.611862,678.473533,2.206889,2.058107
2026-06-12T17:47:20.683066,19.315886,38.631772,678.823384,2.028581,2.062759
2026-06-12T17:47:20.692409,19.325919,38.651839,679.175990,2.023422,2.102465
2026-06-12T17:47:20.705062,19.335496,38.670992,679.512543,2.151429,2.130425
2026-06-12T17:47:20.713636,19.346203,38.692407,679.888833,2.192379,2.139315
2026-06-12T17:47:20.724623,19.357094,38.714188,680.271557,2.200117,2.142447
2026-06-12T17:47:20.734159,19.367067,38.734134,680.622052,2.211080,2.144842
2026-06-12T17:47:20.746441,19.377527,38.755053,680.989636,2.067918,2.124990
2026-06-12T17:47:20.754162,19.387773,38.775547,681.349739,1.962804,2.115593
2026-06-12T17:47:20.767224,19.398346,38.796693,681.721305,2.135308,2.131576
2026-06-12T17:47:20.774644,19.408521,38.817043,682.078895,2.190122,2.137104
2026-06-12T17:47:20.788538,19.419189,38.838379,682.453796,2.201085,2.138348
2026-06-12T17:47:20.797625,19.428875,38.857751,682.794197,2.184963,2.136183
2026-06-12T17:47:20.808014,19.439762,38.879523,683.176774,2.184318,2.132360
2026-06-12T17:47:20.817043,19.449726,38.899451,683.526938,2.198828,2.151061
2026-06-12T17:47:20.826066,19.459159,38.918318,683.858469,2.200440,2.185009
2026-06-12T17:47:20.838152,19.469944,38.939887,684.237468,2.206889,2.195235
2026-06-12T17:47:20.849623,19.480396,38.960792,684.604807,2.192056,2.195511
2026-06-12T17:47:20.858979,19.491011,38.982023,684.977859,2.199795,2.195327
2026-06-12T17:47:20.867436,19.500943,39.001886,685.326885,2.203664,2.197999
2026-06-12T17:47:20.880405,19.511126,39.022251,685.684742,2.205599,2.201039
2026-06-12T17:47:20.887835,19.521062,39.042125,686.033950,2.127891,2.190905
2026-06-12T17:47:20.899602,19.531632,39.063264,686.405400,2.156266,2.184594
2026-06-12T17:47:20.908700,19.542228,39.084456,686.777782,2.190767,2.182291
2026-06-12T17:47:20.921860,19.553268,39.106536,687.165756,2.186253,2.181462
2026-06-12T17:47:20.930526,19.562795,39.125589,687.500556,2.190444,2.180126
2026-06-12T17:47:20.941669,19.572804,39.145608,687.852319,2.196248,2.179067
2026-06-12T17:47:20.952693,19.583264,39.166527,688.219907,2.048249,2.156588
2026-06-12T17:47:20.960221,19.593556,39.187113,688.581622,2.061792,2.147146
2026-06-12T17:47:20.971873,19.603831,39.207661,688.942698,2.160458,2.147744
2026-06-12T17:47:20.982926,19.614067,39.228134,689.302428,2.101452,2.134985
2026-06-12T17:47:20.991938,19.624279,39.248558,689.661312,2.002786,2.108776
2026-06-12T17:47:21.001205,19.634337,39.268673,690.014776,2.053408,2.089199
2026-06-12T17:47:21.013794,19.644976,39.289953,690.388696,2.091779,2.074275
2026-06-12T17:47:21.025285,19.655891,39.311782,690.772261,2.143368,2.087863
2026-06-12T17:47:21.034127,19.666283,39.332567,691.137487,2.183673,2.105275
2026-06-12T17:47:21.042456,19.675727,39.351455,691.469380,2.193669,2.110019
2026-06-12T17:47:21.054688,19.686381,39.372762,691.843779,2.025679,2.099195
2026-06-12T17:47:21.066295,19.696754,39.393508,692.208334,2.026001,2.102511
2026-06-12T17:47:21.075085,19.707206,39.414413,692.575655,2.147883,2.116007
2026-06-12T17:47:21.084173,19.716820,39.433641,692.913529,2.142079,2.123193
2026-06-12T17:47:21.096321,19.727818,39.455637,693.300032,2.083395,2.114625
2026-06-12T17:47:21.104244,19.737795,39.475590,693.650649,2.166584,2.112184
2026-06-12T17:47:21.117329,19.748411,39.496823,694.023733,2.169486,2.108729
2026-06-12T17:47:21.124646,19.758550,39.517101,694.380055,2.150785,2.126602
2026-06-12T17:47:21.137983,19.768924,39.537847,694.744606,2.191412,2.150232
2026-06-12T17:47:21.147370,19.779284,39.558567,695.108683,2.204954,2.158385
2026-06-12T17:47:21.158710,19.790945,39.581891,695.518524,2.206244,2.167551
2026-06-12T17:47:21.167407,19.799361,39.598722,695.814265,2.208178,2.185377
2026-06-12T17:47:21.176242,19.809721,39.619442,696.178364,2.207211,2.191181
2026-06-12T17:47:21.188915,19.820536,39.641072,696.558438,2.154654,2.189062
2026-06-12T17:47:21.199591,19.830675,39.661351,696.914759,2.175290,2.192563
2026-06-12T17:47:21.208027,19.841360,39.682721,697.290272,2.195926,2.193208
2026-06-12T17:47:21.221118,19.851523,39.703047,697.647430,2.204954,2.193208
2026-06-12T17:47:21.229946,19.862142,39.724283,698.020588,2.205599,2.193116
2026-06-12T17:47:21.241329,19.872390,39.744781,698.380761,2.210435,2.193438
2026-06-12T17:47:21.249704,19.882537,39.765075,698.737360,2.145626,2.184640
2026-06-12T17:47:21.260744,19.893353,39.786707,699.117473,2.144658,2.183212
2026-06-12T17:47:21.272950,19.903430,39.806860,699.471594,2.190122,2.185331
2026-06-12T17:47:21.282949,19.914357,39.828714,699.855604,2.200440,2.185976
2026-06-12T17:47:21.292257,19.924168,39.848335,700.200384,2.205599,2.186068
2026-06-12T17:47:21.300798,19.934269,39.868539,700.555391,2.213337,2.187174
2026-06-12T17:47:21.313426,19.944660,39.889321,700.920565,2.213660,2.187634
2026-06-12T17:47:21.325849,19.956410,39.912819,701.333474,2.092101,2.179988
2026-06-12T17:47:21.335409,19.965852,39.931704,701.665310,2.078559,2.170545
2026-06-12T17:47:21.344246,19.976120,39.952241,702.026176,2.157878,2.165939
2026-06-12T17:47:21.354624,19.986537,39.973075,702.392260,2.054376,2.145073
2026-06-12T17:47:21.363011,19.996591,39.993182,702.745586,1.814160,2.089153
2026-06-12T17:47:21.374679,20.006944,40.013889,703.109432,1.999884,2.058660
2026-06-12T17:47:21.384302,20.016979,40.033958,703.462087,1.982150,2.025587
2026-06-12T17:47:21.396696,20.027366,40.054732,703.827117,2.088232,2.025034
2026-06-12T17:47:21.404511,20.037979,40.075959,704.200107,2.173355,2.038576
2026-06-12T17:47:21.416279,20.048961,40.097922,704.586029,2.202697,2.044979
2026-06-12T17:47:21.425481,20.058951,40.117903,704.937128,2.208178,2.066951
2026-06-12T17:47:21.438656,20.069078,40.138156,705.293013,2.215594,2.124299
2026-06-12T17:47:21.445948,20.079661,40.159321,705.664917,2.201085,2.153042
2026-06-12T17:47:21.457958,20.090289,40.180578,706.038437,2.164004,2.179021
2026-06-12T17:47:21.467355,20.100313,40.200626,706.390703,2.189155,2.193438
2026-06-12T17:47:21.480252,20.110910,40.221821,706.763137,2.198828,2.197077
2026-06-12T17:47:21.488833,20.120506,40.241011,707.100347,2.189799,2.195235
2026-06-12T17:47:21.499615,20.131273,40.262546,707.478752,2.207211,2.195097
2026-06-12T17:47:21.508187,20.141631,40.283261,707.842749,2.211080,2.194452
2026-06-12T17:47:21.517951,20.151266,40.302532,708.181361,2.200440,2.194360
2026-06-12T17:47:21.530145,20.162027,40.324055,708.559552,2.203987,2.200071
2026-06-12T17:47:21.541248,20.172316,40.344632,708.921134,2.211080,2.203204
2026-06-12T17:47:21.549615,20.182881,40.365762,709.292412,2.211403,2.205000
2026-06-12T17:47:21.562957,20.193450,40.386899,709.663831,2.215917,2.208731
2026-06-12T17:47:21.571562,20.203565,40.407130,710.019329,2.218819,2.210389
2026-06-12T17:47:21.582967,20.214100,40.428200,710.389553,2.213015,2.210666
2026-06-12T17:47:21.591260,20.224284,40.448567,710.747442,2.149172,2.203342
2026-06-12T17:47:21.601319,20.234532,40.469065,711.107615,2.177224,2.199519
2026-06-12T17:47:21.613509,20.244885,40.489770,711.471442,2.204954,2.198643
2026-06-12T17:47:21.624606,20.255557,40.511114,711.846495,2.195926,2.196432
2026-06-12T17:47:21.632967,20.265642,40.531284,712.200908,2.139177,2.185470
2026-06-12T17:47:21.642795,20.275488,40.550976,712.546935,2.144658,2.174875
2026-06-12T17:47:21.654914,20.286014,40.572028,712.916850,1.867685,2.125542
2026-06-12T17:47:21.663294,20.295930,40.591860,713.265330,1.776112,2.072248
2026-06-12T17:47:21.674641,20.306869,40.613737,713.649752,2.069530,2.056863
2026-06-12T17:47:21.683842,20.316639,40.633278,713.993112,2.164004,2.051013
2026-06-12T17:47:21.696317,20.327085,40.654170,714.360215,2.198183,2.051336
2026-06-12T17:47:21.704718,20.337854,40.675707,714.738666,2.208178,2.061193
2026-06-12T17:47:21.716964,20.348228,40.696457,715.103264,2.197538,2.068747
2026-06-12T17:47:21.727224,20.359013,40.718025,715.482259,2.079203,2.098964
2026-06-12T17:47:21.735692,20.369005,40.738010,715.833425,2.143691,2.151475
2026-06-12T17:47:21.746805,20.379154,40.758308,716.190094,2.189799,2.168657
2026-06-12T17:47:21.757930,20.389160,40.778321,716.541751,2.206244,2.174691
2026-06-12T17:47:21.766790,20.400164,40.800328,716.928447,2.211080,2.176533
2026-06-12T17:47:21.777046,20.409695,40.819390,717.263401,2.215917,2.177639
2026-06-12T17:47:21.789008,20.420055,40.840110,717.627485,2.043735,2.155667
2026-06-12T17:47:21.799572,20.430661,40.861322,718.000218,1.817384,2.118264
2026-06-12T17:47:21.808021,20.441323,40.882647,718.374930,2.050184,2.104906
2026-06-12T17:47:21.821276,20.451766,40.903533,718.741931,2.162392,2.100991
2026-06-12T17:47:21.830425,20.462133,40.924266,719.106254,2.188510,2.098458
2026-06-12T17:47:21.842798,20.473226,40.946452,719.496099,2.205921,2.097721
2026-06-12T17:47:21.850031,20.483243,40.966485,719.848108,2.213015,2.097306
2026-06-12T17:47:21.863029,20.494048,40.988095,720.227834,2.212692,2.121443
2026-06-12T17:47:21.874624,20.506513,41.013025,720.665891,2.220109,2.178975
2026-06-12T17:47:21.883706,20.514348,41.028696,720.941253,2.185285,2.198275
2026-06-12T17:47:21.891269,20.524369,41.048738,721.293427,1.849951,2.153640
2026-06-12T17:47:21.901725,20.534940,41.069881,721.664934,1.781594,2.095510
2026-06-12T17:47:21.913545,20.545653,41.091306,722.041413,1.898639,2.051612
2026-06-12T17:47:21.925345,20.555988,41.111977,722.404629,2.090811,2.034154
2026-06-12T17:47:21.934475,20.566284,41.132568,722.766457,2.180126,2.029502
2026-06-12T17:47:21.943057,20.576526,41.153051,723.126374,2.206244,2.027521
2026-06-12T17:47:21.954345,20.587049,41.174098,723.496211,2.215594,2.031851
2026-06-12T17:47:21.967054,20.597885,41.195771,723.877030,2.219464,2.084639
2026-06-12T17:47:21.974610,20.607888,41.215776,724.228561,2.224945,2.147975
2026-06-12T17:47:21.984622,20.618133,41.236267,724.588608,2.225912,2.194728
2026-06-12T17:47:21.996886,20.629837,41.259674,724.999907,2.211725,2.212002
2026-06-12T17:47:22.007936,20.638892,41.277784,725.318140,2.154009,2.208270
2026-06-12T17:47:22.016276,20.649241,41.298483,725.681852,2.124990,2.196663
2026-06-12T17:47:22.026190,20.659863,41.319725,726.055112,2.092746,2.179113
2026-06-12T17:47:22.038157,20.669919,41.339839,726.408544,2.099517,2.161978
2026-06-12T17:47:22.049618,20.680478,41.360956,726.779608,2.196893,2.157970
2026-06-12T17:47:22.057956,20.690816,41.381632,727.142912,2.223333,2.157602
2026-06-12T17:47:22.067818,20.701270,41.402540,727.510310,2.230749,2.160319
2026-06-12T17:47:22.079946,20.712199,41.424399,727.894394,2.237198,2.172204
2026-06-12T17:47:22.091257,20.722421,41.444841,728.253604,2.017940,2.156911
2026-06-12T17:47:22.100421,20.733253,41.466505,728.634280,1.563626,2.081322
2026-06-12T17:47:22.109164,20.742633,41.485266,728.963934,1.475923,1.992238
2026-06-12T17:47:22.121529,20.752510,41.505020,729.311048,1.505265,1.893434
2026-06-12T17:47:22.133011,20.764412,41.528824,729.729323,1.707756,1.819780
2026-06-12T17:47:22.143799,20.774223,41.548446,730.074114,2.064371,1.796011
2026-06-12T17:47:22.150530,20.783533,41.567067,730.401308,2.175935,1.787260
2026-06-12T17:47:22.163031,20.794153,41.588306,730.774512,2.214950,1.815404
2026-06-12T17:47:22.173284,20.804832,41.609665,731.149824,2.228814,1.910431
2026-06-12T17:47:22.183000,20.814860,41.629720,731.502234,2.231716,2.018401
2026-06-12T17:47:22.191700,20.824693,41.649386,731.847784,1.925078,2.078374
2026-06-12T17:47:22.202801,20.835346,41.670692,732.222169,1.768696,2.087080
2026-06-12T17:47:22.212706,20.845803,41.691606,732.589662,2.069208,2.087771
2026-06-12T17:47:22.226035,20.857511,41.715023,733.001137,2.184318,2.088969
2026-06-12T17:47:22.235502,20.866994,41.733989,733.334400,2.211725,2.088508
2026-06-12T17:47:22.246457,20.876890,41.753780,733.682171,2.232039,2.088969
2026-06-12T17:47:22.254538,20.887192,41.774384,734.044207,2.239777,2.090120
2026-06-12T17:47:22.267050,20.897941,41.795883,734.421983,2.231394,2.133880
2026-06-12T17:47:22.274602,20.908029,41.816058,734.776483,2.240745,2.201315
2026-06-12T17:47:22.287978,20.918548,41.837097,735.146180,2.244614,2.226373
2026-06-12T17:47:22.296204,20.929268,41.858536,735.522905,2.240745,2.234434
2026-06-12T17:47:22.307936,20.939509,41.879017,735.882790,2.224300,2.236230
2026-06-12T17:47:22.317151,20.949843,41.899685,736.245957,2.238810,2.237198
2026-06-12T17:47:22.329683,20.960053,41.920106,736.604777,2.239455,2.237152
2026-06-12T17:47:22.338315,20.970032,41.940064,736.955482,2.244614,2.239040
2026-06-12T17:47:22.349589,20.981230,41.962461,737.349023,2.248483,2.240146
2026-06-12T17:47:22.358035,20.991369,41.982738,737.705323,2.236553,2.238994
2026-06-12T17:47:22.367750,21.000717,42.001435,738.033860,2.233328,2.237935
2026-06-12T17:47:22.379810,21.011068,42.022137,738.397632,2.244291,2.240791
2026-06-12T17:47:22.388294,21.021756,42.043513,738.773246,2.094358,2.220155
2026-06-12T17:47:22.399621,21.032203,42.064406,739.140378,1.839310,2.162991
2026-06-12T17:47:22.408448,21.041847,42.083693,739.479282,2.003108,2.128490
2026-06-12T17:47:22.419069,21.052080,42.104160,739.838917,2.161103,2.116007
2026-06-12T17:47:22.429171,21.062509,42.125018,740.205426,2.216562,2.113151
2026-06-12T17:47:22.442038,21.073357,42.146715,740.586667,2.238810,2.113935
2026-06-12T17:47:22.450236,21.085053,42.170106,740.997699,2.253642,2.115270
2026-06-12T17:47:22.462927,21.093625,42.187250,741.298944,2.234296,2.135261
2026-06-12T17:47:22.473155,21.104522,42.209045,741.681914,2.179159,2.183811
2026-06-12T17:47:22.482928,21.114250,42.228500,742.023770,2.213337,2.213844
2026-06-12T17:47:22.491122,21.124356,42.248712,742.378921,2.254932,2.227248
2026-06-12T17:47:22.501717,21.134872,42.269744,742.748498,2.270086,2.234895
2026-06-12T17:47:22.513594,21.145241,42.290482,743.112888,2.274600,2.240008
2026-06-12T17:47:22.524628,21.156222,42.312444,743.498797,2.117573,2.220569
2026-06-12T17:47:22.533762,21.166359,42.332717,743.855037,1.738387,2.149725
2026-06-12T17:47:22.542944,21.176529,42.353057,744.212444,1.858334,2.103893
2026-06-12T17:47:22.554935,21.187068,42.374136,744.582826,2.055666,2.081368
2026-06-12T17:47:22.566835,21.197352,42.394704,744.944246,2.201085,2.073676
2026-06-12T17:47:22.575630,21.207997,42.415993,745.318332,2.248483,2.070590
2026-06-12T17:47:22.584532,21.218882,42.437764,745.700884,2.216239,2.062252
2026-06-12T17:47:22.597939,21.228913,42.457826,746.053396,2.178837,2.071004
2026-06-12T17:47:22.608619,21.239229,42.478458,746.415934,2.230427,2.141296
2026-06-12T17:47:22.616411,21.249620,42.499241,746.781132,2.243646,2.196340
2026-06-12T17:47:22.627169,21.259807,42.519614,747.139126,2.201085,2.217114
2026-06-12T17:47:22.638591,21.270270,42.540539,747.506809,2.241067,2.222826
2026-06-12T17:47:22.650329,21.281036,42.562073,747.885193,2.254287,2.223655
2026-06-12T17:47:22.658464,21.291522,42.583045,748.253702,2.215272,2.223517
2026-06-12T17:47:22.671323,21.302154,42.604309,748.627349,2.114994,2.214397
2026-06-12T17:47:22.680151,21.312530,42.625060,748.991971,2.164004,2.204908
2026-06-12T17:47:22.692048,21.322769,42.645538,749.351803,2.160135,2.192978
2026-06-12T17:47:22.699619,21.332647,42.665294,749.698948,2.030515,2.168611
2026-06-12T17:47:22.709692,21.343369,42.686738,750.075761,2.137242,2.153779
2026-06-12T17:47:22.721285,21.353700,42.707400,750.438826,2.141434,2.137657
2026-06-12T17:47:22.730487,21.363721,42.727441,750.790983,1.995047,2.106196
2026-06-12T17:47:22.741929,21.373798,42.747595,751.145122,2.154331,2.111816
2026-06-12T17:47:22.751068,21.384198,42.768396,751.510633,2.224300,2.120429
2026-06-12T17:47:22.763498,21.394645,42.789289,751.877753,2.130149,2.116146
2026-06-12T17:47:22.774607,21.405315,42.810629,752.252736,2.164649,2.135308
2026-06-12T17:47:22.783747,21.415525,42.831051,752.611576,2.231071,2.148712
2026-06-12T17:47:22.793961,21.425655,42.851310,752.967564,2.250740,2.164327
2026-06-12T17:47:22.804776,21.436035,42.872070,753.332351,2.251063,2.200900
2026-06-12T17:47:22.816254,21.447286,42.894572,753.727751,2.257511,2.215640
2026-06-12T17:47:22.825021,21.456264,42.912529,754.043278,2.246871,2.218865
2026-06-12T17:47:22.834140,21.467038,42.934077,754.421905,2.217851,2.231394
2026-06-12T17:47:22.846415,21.477805,42.955610,754.800278,2.243324,2.242633
2026-06-12T17:47:22.855417,21.487762,42.975524,755.150210,2.178192,2.235079
2026-06-12T17:47:22.866409,21.500150,43.000299,755.585544,2.121120,2.216562
2026-06-12T17:47:22.875159,21.508268,43.016535,755.870841,2.207533,2.210343
2026-06-12T17:47:22.888076,21.518970,43.037940,756.246961,2.201407,2.202328
2026-06-12T17:47:22.896736,21.529716,43.059432,756.624611,2.062114,2.175935
2026-06-12T17:47:22.907956,21.540395,43.080790,756.999902,2.148527,2.166031
2026-06-12T17:47:22.919365,21.550234,43.100467,757.345663,2.221721,2.162945
2026-06-12T17:47:22.926743,21.559921,43.119842,757.686106,2.154976,2.159629
2026-06-12T17:47:22.937555,21.570314,43.140628,758.051357,2.175612,2.167413
2026-06-12T17:47:22.949912,21.581402,43.162803,758.441008,2.233973,2.171190
2026-06-12T17:47:22.959334,21.591057,43.182114,758.780320,2.247838,2.177823
2026-06-12T17:47:22.967863,21.601063,43.202125,759.131960,2.122088,2.186391
2026-06-12T17:47:22.980154,21.612093,43.224186,759.519601,2.142079,2.185470
2026-06-12T17:47:22.991379,21.622057,43.244114,759.869761,2.212370,2.184134
2026-06-12T17:47:22.999616,21.632633,43.265266,760.241444,2.241712,2.196525
2026-06-12T17:47:23.009587,21.642714,43.285428,760.595720,2.250095,2.207165
2026-06-12T17:47:23.021543,21.652881,43.305762,760.953028,2.246548,2.208961
2026-06-12T17:47:23.032900,21.663307,43.326615,761.319446,2.252997,2.209698
2026-06-12T17:47:23.041232,21.673947,43.347895,761.693367,2.257511,2.229045
2026-06-12T17:47:23.051746,21.685219,43.370438,762.089488,2.259768,2.245857
2026-06-12T17:47:23.063119,21.693810,43.387620,762.391396,2.243002,2.250233
2026-06-12T17:47:23.071498,21.703970,43.407940,762.748463,2.245259,2.250740
2026-06-12T17:47:23.082903,21.714837,43.429674,763.130368,2.252675,2.251109
2026-06-12T17:47:23.092413,21.725353,43.450706,763.499931,2.252030,2.251892
2026-06-12T17:47:23.104761,21.736194,43.472388,763.880923,2.245581,2.250832
2026-06-12T17:47:23.113266,21.746236,43.492472,764.233825,2.255899,2.250602
2026-06-12T17:47:23.124624,21.756657,43.513314,764.600060,2.256866,2.250187
2026-06-12T17:47:23.133937,21.766742,43.533485,764.954483,2.144013,2.236046
2026-06-12T17:47:23.146304,21.777592,43.555184,765.335773,2.141434,2.221214
2026-06-12T17:47:23.155714,21.787104,43.574209,765.670070,2.225268,2.217299
2026-06-12T17:47:23.166897,21.797772,43.595544,766.044975,2.248483,2.216792
2026-06-12T17:47:23.175803,21.808091,43.616183,766.407622,2.254609,2.218082
2026-06-12T17:47:23.184593,21.818201,43.636403,766.762924,2.254287,2.217851
2026-06-12T17:47:23.197322,21.827891,43.655783,767.103459,2.249128,2.216746
2026-06-12T17:47:23.207893,21.838666,43.677333,767.482127,2.225912,2.228446
2026-06-12T17:47:23.216247,21.848729,43.697459,767.835774,2.243969,2.243094
2026-06-12T17:47:23.225123,21.858823,43.717646,768.190493,2.245904,2.246042
2026-06-12T17:47:23.237842,21.869019,43.738037,768.548806,2.230427,2.243462
2026-06-12T17:47:23.246863,21.879165,43.758330,768.905377,2.248161,2.242541
2026-06-12T17:47:23.257980,21.889837,43.779674,769.280440,2.258479,2.243140
2026-06-12T17:47:23.266078,21.899850,43.799699,769.632309,2.165939,2.231256
2026-06-12T17:47:23.279767,21.910682,43.821364,770.012995,2.169808,2.223241
2026-06-12T17:47:23.291316,21.922568,43.845136,770.430714,2.235908,2.222089
2026-06-12T17:47:23.299628,21.931749,43.863499,770.753375,2.241712,2.221490
2026-06-12T17:47:23.308321,21.941990,43.883980,771.113260,2.212370,2.218911
2026-06-12T17:47:23.321433,21.952185,43.904371,771.471556,2.250740,2.219279
2026-06-12T17:47:23.329409,21.962834,43.925667,771.845776,2.259768,2.219464
2026-06-12T17:47:23.341968,21.973289,43.946579,772.213220,2.257189,2.232499
2026-06-12T17:47:23.350242,21.983764,43.967528,772.581328,2.246548,2.243462
2026-06-12T17:47:23.363644,21.994212,43.988423,772.948501,2.258479,2.246687
2026-06-12T17:47:23.371010,22.004648,44.009297,773.315278,2.253320,2.248345
2026-06-12T17:47:23.382913,22.014707,44.029414,773.668780,2.212370,2.248345
2026-06-12T17:47:23.391256,22.024521,44.049043,774.013687,2.239777,2.246779
2026-06-12T17:47:23.403758,22.035063,44.070126,774.384157,2.259446,2.246733
2026-06-12T17:47:23.413684,22.044989,44.089979,774.732999,2.265572,2.247930
2026-06-12T17:47:23.424576,22.056072,44.112144,775.122467,2.264927,2.250556
2026-06-12T17:47:23.433946,22.066501,44.133003,775.488994,2.213337,2.244107
2026-06-12T17:47:23.445970,22.076709,44.153419,775.847740,2.248805,2.243462
2026-06-12T17:47:23.456350,22.087141,44.174283,776.214351,2.269764,2.251661
2026-06-12T17:47:23.466246,22.097887,44.195775,776.592004,2.167229,2.241297
2026-06-12T17:47:23.474748,22.107525,44.215051,776.930719,2.184963,2.230657
2026-06-12T17:47:23.486386,22.117962,44.235925,777.297502,2.245259,2.227755
2026-06-12T17:47:23.496426,22.127769,44.255538,777.642138,2.265895,2.227893
2026-06-12T17:47:23.504577,22.137816,44.275632,777.995219,2.250740,2.233236
2026-06-12T17:47:23.516260,22.148312,44.296623,778.364072,2.222688,2.229505
2026-06-12T17:47:23.525390,22.159288,44.318576,778.749819,2.192379,2.218450
2026-06-12T17:47:23.537835,22.168580,44.337159,779.076359,2.219141,2.225866
2026-06-12T17:47:23.546916,22.178883,44.357765,779.438444,2.254609,2.235816
2026-06-12T17:47:23.557893,22.189249,44.378497,779.802736,2.270409,2.239409
2026-06-12T17:47:23.566242,22.199716,44.399432,780.170587,2.270731,2.240100
2026-06-12T17:47:23.579511,22.210097,44.420194,780.535420,2.245581,2.239363
2026-06-12T17:47:23.588572,22.220750,44.441501,780.909808,2.254287,2.243877
2026-06-12T17:47:23.599635,22.231662,44.463323,781.293267,2.248483,2.251892
2026-06-12T17:47:23.608439,22.241521,44.483041,781.639745,2.155621,2.242817
2026-06-12T17:47:23.621259,22.252216,44.504432,782.015623,2.116284,2.223057
2026-06-12T17:47:23.630018,22.262797,44.525594,782.387460,2.160458,2.207349
2026-06-12T17:47:23.642241,22.273679,44.547359,782.769913,2.232361,2.201868
2026-06-12T17:47:23.652483,22.282923,44.565846,783.094764,2.255899,2.203342
2026-06-12T17:47:23.659786,22.292872,44.585745,783.444418,2.259768,2.204125
2026-06-12T17:47:23.671851,22.303238,44.606476,783.808689,2.169163,2.192793
2026-06-12T17:47:23.682909,22.313973,44.627946,784.185952,2.189799,2.197676
2026-06-12T17:47:23.691252,22.324383,44.648767,784.551818,2.241067,2.215502
2026-06-12T17:47:23.701489,22.334358,44.668716,784.902361,2.259123,2.229597
2026-06-12T17:47:23.713769,22.344979,44.689958,785.275604,2.267829,2.234664
2026-06-12T17:47:23.724601,22.355190,44.710380,785.634459,2.269764,2.236645
2026-06-12T17:47:23.733571,22.365547,44.731095,785.998448,2.261381,2.236875
2026-06-12T17:47:23.743074,22.376000,44.751999,786.365780,2.217207,2.243739
2026-06-12T17:47:23.754997,22.386053,44.772106,786.719082,2.250095,2.252352
2026-06-12T17:47:23.766360,22.397143,44.794287,787.108838,2.261703,2.255300
2026-06-12T17:47:23.775025,22.408153,44.816306,787.495748,2.267184,2.256452
2026-06-12T17:47:23.783569,22.416866,44.833732,787.801959,2.265250,2.256083
2026-06-12T17:47:23.793932,22.427078,44.854155,788.160824,2.263638,2.255208
2026-06-12T17:47:23.805787,22.437960,44.875920,788.543267,2.238810,2.251984
2026-06-12T17:47:23.817304,22.448239,44.896478,788.904501,2.248483,2.256452
2026-06-12T17:47:23.825015,22.458521,44.917043,789.265859,2.262025,2.258156
2026-06-12T17:47:23.838417,22.469102,44.938203,789.637685,2.270731,2.259446
2026-06-12T17:47:23.847248,22.478978,44.957956,789.984774,2.274600,2.260505
2026-06-12T17:47:23.858335,22.489832,44.979665,790.366236,2.279437,2.262532
2026-06-12T17:47:23.870343,22.501676,45.003353,790.782470,2.124345,2.242633
2026-06-12T17:47:23.880133,22.510710,45.021421,791.099954,1.994725,2.207764
2026-06-12T17:47:23.887607,22.520804,45.041608,791.454680,2.139499,2.192195
2026-06-12T17:47:23.899584,22.531648,45.063296,791.835777,2.035674,2.159859
2026-06-12T17:47:23.908624,22.541834,45.083669,792.193757,1.948294,2.113796
2026-06-12T17:47:23.921399,22.552543,45.105086,792.570095,2.030193,2.078881
2026-06-12T17:47:23.930148,22.562759,45.125519,792.929123,2.107578,2.054330
2026-06-12T17:47:23.941940,22.573432,45.146863,793.304186,2.228492,2.069208
2026-06-12T17:47:23.950035,22.583802,45.167604,793.668632,2.269764,2.108499
2026-06-12T17:47:23.960057,22.593799,45.187599,794.019970,2.241389,2.123055
2026-06-12T17:47:23.973358,22.603851,45.207703,794.373237,2.082428,2.129734
2026-06-12T17:47:23.983177,22.614658,45.229317,794.753027,2.111447,2.153042
2026-06-12T17:47:23.991954,22.625250,45.250499,795.125236,2.229782,2.181554
2026-06-12T17:47:24.001405,22.635225,45.270450,795.475797,2.265572,2.204125
2026-06-12T17:47:24.013877,22.645379,45.290758,795.832652,2.276857,2.211034
2026-06-12T17:47:24.025140,22.656373,45.312746,796.219018,2.283951,2.213061
2026-06-12T17:47:24.032959,22.666682,45.333363,796.581295,2.235908,2.212278
2026-06-12T17:47:24.046489,22.676891,45.353781,796.940070,2.040189,2.206244
2026-06-12T17:47:24.056517,22.687334,45.374668,797.307092,2.163037,2.213614
2026-06-12T17:47:24.066281,22.697263,45.394527,797.656033,2.242034,2.215364
2026-06-12T17:47:24.074653,22.707893,45.415787,798.029609,2.249450,2.213061
2026-06-12T17:47:24.084544,22.718393,45.436786,798.398603,2.252352,2.209560
2026-06-12T17:47:24.096609,22.728555,45.457109,798.755711,2.269119,2.207441
2026-06-12T17:47:24.107937,22.739296,45.478593,799.133217,2.097582,2.187681
2026-06-12T17:47:24.118428,22.749571,45.499143,799.494307,2.105643,2.197031
2026-06-12T17:47:24.129786,22.760266,45.520533,799.870164,2.183673,2.199979
2026-06-12T17:47:24.138350,22.770382,45.527922,800.000000,1.803520,2.137334
