timestamp,time_s,disp_mm,disp_ul,raw_V,avg_V
2026-06-12T18:52:39.715974,0.000001,0.000001,0.000013,0.734318,0.734318
2026-06-12T18:52:39.724494,0.010482,0.005241,0.092092,0.733995,0.734156
2026-06-12T18:52:39.738761,0.020854,0.010427,0.183219,0.733028,0.733780
2026-06-12T18:52:39.745962,0.031256,0.015628,0.274609,0.734318,0.733915
2026-06-12T18:52:39.755665,0.041666,0.020833,0.366065,0.733350,0.733802
2026-06-12T18:52:39.765725,0.051724,0.025862,0.454436,0.735930,0.734156
2026-06-12T18:52:39.778671,0.061989,0.030995,0.544624,0.734962,0.734272
2026-06-12T18:52:39.787359,0.072475,0.036237,0.636751,0.734962,0.734364
2026-06-12T18:52:39.796774,0.082763,0.041381,0.727138,0.733995,0.734364
2026-06-12T18:52:39.807295,0.093274,0.046637,0.819489,0.736252,0.734824
2026-06-12T18:52:39.820858,0.103776,0.051888,0.911760,0.735930,0.735055
2026-06-12T18:52:39.828411,0.114207,0.057104,1.003403,0.738509,0.735792
2026-06-12T18:52:39.838697,0.124692,0.062346,1.095517,0.736897,0.735930
2026-06-12T18:52:39.849149,0.135123,0.067562,1.187169,0.738187,0.736390
2026-06-12T18:52:39.862130,0.145285,0.072642,1.276443,0.734318,0.736298
2026-06-12T18:52:39.870834,0.155344,0.077672,1.364822,0.737220,0.736759
2026-06-12T18:52:39.881485,0.165700,0.082850,1.455806,0.736252,0.736759
2026-06-12T18:52:39.890190,0.176167,0.088083,1.547769,0.737864,0.737035
2026-06-12T18:52:39.900222,0.186224,0.093112,1.636128,0.737542,0.736897
2026-06-12T18:52:39.912094,0.196355,0.098177,1.725137,0.737542,0.736989
2026-06-12T18:52:39.920944,0.206928,0.103464,1.818032,0.732705,0.736206
2026-06-12T18:52:39.931100,0.217089,0.108545,1.907308,0.727869,0.735285
2026-06-12T18:52:39.941347,0.227331,0.113666,1.997290,0.729804,0.734226
2026-06-12T18:52:39.953257,0.237515,0.118757,2.086761,0.734640,0.733995
2026-06-12T18:52:39.962123,0.248107,0.124053,2.179818,0.736897,0.733857
2026-06-12T18:52:39.975275,0.258148,0.129074,2.268038,0.739477,0.734133
2026-06-12T18:52:39.985243,0.268624,0.134312,2.360079,0.737220,0.734087
2026-06-12T18:52:39.994828,0.278840,0.139420,2.449835,0.733673,0.734226
2026-06-12T18:52:40.003898,0.288886,0.144443,2.538100,0.732705,0.734916
2026-06-12T18:52:40.012980,0.298969,0.149484,2.626685,0.736575,0.735884
2026-06-12T18:52:40.023607,0.309016,0.154508,2.714959,0.735930,0.736068
2026-06-12T18:52:40.036510,0.319242,0.159621,2.804803,0.737864,0.736206
2026-06-12T18:52:40.044833,0.329567,0.164784,2.895519,0.737220,0.735884
2026-06-12T18:52:40.054099,0.340074,0.170037,2.987829,0.734962,0.735561
2026-06-12T18:52:40.066552,0.350524,0.175262,3.079644,0.734962,0.735746
2026-06-12T18:52:40.074683,0.360710,0.180355,3.169137,0.735607,0.736160
2026-06-12T18:52:40.087692,0.370810,0.185405,3.257869,0.736897,0.736206
2026-06-12T18:52:40.095286,0.381014,0.190507,3.347515,0.735607,0.736160
2026-06-12T18:52:40.105131,0.391118,0.195559,3.436287,0.736252,0.735930
2026-06-12T18:52:40.115445,0.401428,0.200714,3.526871,0.736897,0.735884
2026-06-12T18:52:40.128711,0.411472,0.205736,3.615117,0.734962,0.735884
2026-06-12T18:52:40.138742,0.421710,0.210855,3.705068,0.734640,0.735838
2026-06-12T18:52:40.146179,0.432162,0.216081,3.796896,0.734318,0.735653
2026-06-12T18:52:40.156420,0.442401,0.221201,3.886859,0.733673,0.735193
2026-06-12T18:52:40.169864,0.452777,0.226388,3.978013,0.736575,0.735331
2026-06-12T18:52:40.178153,0.463274,0.231637,4.070244,0.736897,0.735423
2026-06-12T18:52:40.187803,0.473789,0.236895,4.162625,0.735285,0.735193
2026-06-12T18:52:40.200469,0.483932,0.241966,4.251739,0.722387,0.733396
2026-06-12T18:52:40.211575,0.494142,0.247071,4.341445,0.722710,0.731692
2026-06-12T18:52:40.221568,0.504278,0.252139,4.430493,0.730126,0.731093
2026-06-12T18:52:40.230345,0.514791,0.257396,4.522861,0.736252,0.731462
2026-06-12T18:52:40.239061,0.525042,0.262521,4.612927,0.735930,0.731370
2026-06-12T18:52:40.249575,0.535564,0.267782,4.705367,0.737864,0.731508
2026-06-12T18:52:40.262107,0.545679,0.272839,4.794235,0.733028,0.731185
2026-06-12T18:52:40.272899,0.556041,0.278020,4.885272,0.735607,0.733074
2026-06-12T18:52:40.280258,0.566254,0.283127,4.975004,0.735285,0.734870
2026-06-12T18:52:40.290733,0.576717,0.288358,5.066928,0.738832,0.736114
2026-06-12T18:52:40.303220,0.587181,0.293590,5.158863,0.737542,0.736298
2026-06-12T18:52:40.312864,0.597749,0.298875,5.251714,0.739477,0.736805
2026-06-12T18:52:40.321855,0.607842,0.303921,5.340384,0.736252,0.736575
2026-06-12T18:52:40.332209,0.618209,0.309105,5.431475,0.736252,0.737035
2026-06-12T18:52:40.345373,0.628344,0.314172,5.520514,0.734318,0.736851
2026-06-12T18:52:40.353995,0.638578,0.319289,5.610427,0.737542,0.737173
2026-06-12T18:52:40.363122,0.649114,0.324557,5.702995,0.726257,0.735377
2026-06-12T18:52:40.373460,0.659441,0.329720,5.793726,0.727224,0.733903
2026-06-12T18:52:40.387218,0.669838,0.334919,5.885072,0.733995,0.733120
2026-06-12T18:52:40.396116,0.680430,0.340215,5.978134,0.733028,0.732659
2026-06-12T18:52:40.406624,0.690590,0.345295,6.067394,0.733995,0.732337
2026-06-12T18:52:40.415108,0.701102,0.350551,6.159751,0.735930,0.732567
2026-06-12T18:52:40.425643,0.711618,0.355809,6.252148,0.733028,0.731922
2026-06-12T18:52:40.436627,0.721806,0.360903,6.341656,0.728836,0.732291
2026-06-12T18:52:40.445982,0.731961,0.365980,6.430874,0.736575,0.733627
2026-06-12T18:52:40.456254,0.742229,0.371114,6.521087,0.734640,0.733719
2026-06-12T18:52:40.466651,0.752623,0.376312,6.612410,0.734318,0.733903
2026-06-12T18:52:40.478382,0.763209,0.381604,6.705411,0.733350,0.733811
2026-06-12T18:52:40.487794,0.773770,0.386885,6.798205,0.736897,0.733949
2026-06-12T18:52:40.500867,0.784031,0.392016,6.888357,0.733350,0.733995
2026-06-12T18:52:40.508200,0.794179,0.397090,6.977513,0.736575,0.735101
2026-06-12T18:52:40.520067,0.804346,0.402173,7.066836,0.735607,0.734962
2026-06-12T18:52:40.529121,0.815105,0.407553,7.161365,0.737542,0.735377
2026-06-12T18:52:40.539168,0.825150,0.412575,7.249618,0.733028,0.735193
2026-06-12T18:52:40.549460,0.835436,0.417718,7.339992,0.737542,0.735792
2026-06-12T18:52:40.561859,0.846010,0.423005,7.432888,0.734962,0.735515
2026-06-12T18:52:40.570436,0.856416,0.428208,7.524313,0.738832,0.736298
2026-06-12T18:52:40.580807,0.866795,0.433397,7.615499,0.736897,0.736344
2026-06-12T18:52:40.591113,0.877096,0.438548,7.706008,0.738187,0.736713
2026-06-12T18:52:40.603308,0.887183,0.443592,7.794629,0.732061,0.735930
2026-06-12T18:52:40.611609,0.897746,0.448873,7.887430,0.734318,0.736114
2026-06-12T18:52:40.622200,0.908176,0.454088,7.979066,0.734640,0.735699
2026-06-12T18:52:40.632575,0.918555,0.459278,8.070257,0.737542,0.736068
2026-06-12T18:52:40.644989,0.928854,0.464427,8.160740,0.736575,0.735746
2026-06-12T18:52:40.653245,0.939229,0.469614,8.251894,0.738187,0.735930
2026-06-12T18:52:40.663638,0.949625,0.474813,8.343233,0.733995,0.735331
2026-06-12T18:52:40.674173,0.960150,0.480075,8.435702,0.732383,0.735377
2026-06-12T18:52:40.686715,0.970395,0.485197,8.525711,0.735285,0.735515
2026-06-12T18:52:40.695282,0.980813,0.490406,8.617243,0.735930,0.735699
2026-06-12T18:52:40.705181,0.991165,0.495583,8.708198,0.737542,0.735699
2026-06-12T18:52:40.715608,1.001596,0.500798,8.799839,0.738832,0.736022
2026-06-12T18:52:40.728832,1.011912,0.505956,8.890470,0.736897,0.735838
2026-06-12T18:52:40.737199,1.022496,0.511248,8.983463,0.731416,0.735469
2026-06-12T18:52:40.746756,1.032743,0.516371,9.073490,0.735285,0.735884
2026-06-12T18:52:40.757050,1.043034,0.521517,9.163907,0.734962,0.735838
2026-06-12T18:52:40.770960,1.053327,0.526663,9.254336,0.737220,0.736022
2026-06-12T18:52:40.778772,1.063772,0.531886,9.346106,0.736575,0.735884
2026-06-12T18:52:40.788153,1.074138,0.537069,9.437178,0.737542,0.735699
2026-06-12T18:52:40.802255,1.084481,0.542240,9.528048,0.734318,0.735331
2026-06-12T18:52:40.812139,1.094609,0.547304,9.617032,0.733673,0.735653
2026-06-12T18:52:40.820627,1.104960,0.552480,9.707979,0.732705,0.735285
2026-06-12T18:52:40.829382,1.115362,0.557681,9.799363,0.734962,0.735285
2026-06-12T18:52:40.839585,1.125567,0.562784,9.889029,0.735285,0.735009
2026-06-12T18:52:40.853261,1.136000,0.568000,9.980691,0.736252,0.734962
2026-06-12T18:52:40.862982,1.146122,0.573061,10.069620,0.735930,0.734732
2026-06-12T18:52:40.870830,1.156423,0.578211,10.160119,0.732705,0.734502
2026-06-12T18:52:40.880861,1.166844,0.583422,10.251680,0.728514,0.733765
2026-06-12T18:52:40.890946,1.176946,0.588473,10.340435,0.734640,0.734041
2026-06-12T18:52:40.904349,1.187043,0.593521,10.429142,0.733028,0.733765
2026-06-12T18:52:40.914376,1.197600,0.598800,10.521897,0.725289,0.732337
2026-06-12T18:52:40.923574,1.207825,0.603912,10.611725,0.726902,0.731001
2026-06-12T18:52:40.932329,1.218312,0.609156,10.703865,0.731416,0.730356
2026-06-12T18:52:40.945126,1.228686,0.614343,10.795013,0.732383,0.730310
2026-06-12T18:52:40.954278,1.240106,0.620053,10.895348,0.734640,0.731185
2026-06-12T18:52:40.964482,1.250461,0.625230,10.986320,0.733995,0.731093
2026-06-12T18:52:40.978185,1.260845,0.630422,11.077552,0.728836,0.730494
2026-06-12T18:52:40.987699,1.271519,0.635760,11.171336,0.735607,0.731968
2026-06-12T18:52:40.996117,1.282105,0.641052,11.264336,0.735285,0.733166
2026-06-12T18:52:41.006375,1.292360,0.646180,11.354436,0.733995,0.733535
2026-06-12T18:52:41.019862,1.302633,0.651317,11.444696,0.734640,0.733857
2026-06-12T18:52:41.028244,1.312918,0.656459,11.535056,0.736252,0.734087
2026-06-12T18:52:41.037006,1.323344,0.661672,11.626661,0.731093,0.733673
2026-06-12T18:52:41.047917,1.333892,0.666946,11.719335,0.720130,0.732429
2026-06-12T18:52:41.061916,1.344282,0.672141,11.810612,0.721098,0.730356
2026-06-12T18:52:41.070375,1.354574,0.677287,11.901042,0.732705,0.729988
2026-06-12T18:52:41.078725,1.364745,0.682373,11.990404,0.726902,0.728974
2026-06-12T18:52:41.089199,1.375182,0.687591,12.082099,0.731416,0.728514
2026-06-12T18:52:41.101400,1.385366,0.692683,12.171573,0.730771,0.727731
2026-06-12T18:52:41.111997,1.395853,0.697927,12.263713,0.732061,0.727869
2026-06-12T18:52:41.119987,1.405967,0.702983,12.352569,0.731738,0.729527
2026-06-12T18:52:41.130363,1.416349,0.708175,12.443785,0.735285,0.731554
2026-06-12T18:52:41.140799,1.426775,0.713387,12.535383,0.730126,0.731185
2026-06-12T18:52:41.153189,1.436885,0.718443,12.624212,0.733350,0.732107
2026-06-12T18:52:41.162052,1.447337,0.723669,12.716040,0.732383,0.732245
2026-06-12T18:52:41.171545,1.457521,0.728761,12.805515,0.736252,0.733028
2026-06-12T18:52:41.181658,1.467642,0.733821,12.894436,0.734640,0.733396
2026-06-12T18:52:41.195020,1.477936,0.738968,12.984878,0.736897,0.734133
2026-06-12T18:52:41.204469,1.488441,0.744220,13.077168,0.733995,0.733949
2026-06-12T18:52:41.212887,1.498875,0.749438,13.168842,0.727224,0.733535
2026-06-12T18:52:41.222980,1.508969,0.754485,13.257529,0.727546,0.732705
2026-06-12T18:52:41.236520,1.519287,0.759643,13.348177,0.733350,0.732844
2026-06-12T18:52:41.245040,1.529544,0.764772,13.438294,0.734640,0.732613
2026-06-12T18:52:41.254013,1.539993,0.769996,13.530094,0.737542,0.733028
2026-06-12T18:52:41.264468,1.550446,0.775223,13.621938,0.735930,0.732890
2026-06-12T18:52:41.278357,1.560997,0.780499,13.714634,0.735285,0.733074
2026-06-12T18:52:41.287110,1.571565,0.785783,13.807485,0.734962,0.734179
2026-06-12T18:52:41.295892,1.581872,0.790936,13.898042,0.733995,0.735101
2026-06-12T18:52:41.308489,1.591926,0.795963,13.986369,0.733995,0.735193
2026-06-12T18:52:41.316476,1.602459,0.801229,14.078908,0.735285,0.735285
2026-06-12T18:52:41.329227,1.612672,0.806336,14.168641,0.734318,0.734824
2026-06-12T18:52:41.336854,1.622834,0.811417,14.257923,0.734640,0.734640
2026-06-12T18:52:41.347247,1.633233,0.816617,14.349289,0.734962,0.734594
2026-06-12T18:52:41.357436,1.643441,0.821720,14.438970,0.732705,0.734272
2026-06-12T18:52:41.370097,1.653735,0.826867,14.529414,0.735285,0.734456
2026-06-12T18:52:41.378759,1.664318,0.832159,14.622393,0.735607,0.734686
2026-06-12T18:52:41.390979,1.674892,0.837446,14.715298,0.737542,0.735009
2026-06-12T18:52:41.401821,1.685286,0.842643,14.806611,0.734640,0.735055
2026-06-12T18:52:41.411739,1.695824,0.847912,14.899202,0.737864,0.735515
2026-06-12T18:52:41.420039,1.706039,0.853019,14.988943,0.733350,0.735285
2026-06-12T18:52:41.430334,1.716321,0.858161,15.079286,0.736252,0.735792
2026-06-12T18:52:41.440504,1.726491,0.863245,15.168633,0.733995,0.735607
2026-06-12T18:52:41.453436,1.736681,0.868341,15.258162,0.736897,0.735792
2026-06-12T18:52:41.461760,1.746824,0.873412,15.347278,0.735285,0.735469
2026-06-12T18:52:41.471251,1.757234,0.878617,15.438733,0.737542,0.735884
2026-06-12T18:52:41.481596,1.767577,0.883788,15.529608,0.735930,0.735607
2026-06-12T18:52:41.495056,1.777938,0.888969,15.620641,0.736897,0.736114
2026-06-12T18:52:41.503864,1.788117,0.894059,15.710072,0.733350,0.735699
2026-06-12T18:52:41.512430,1.798417,0.899208,15.800561,0.734318,0.735746
2026-06-12T18:52:41.522515,1.808504,0.904252,15.889187,0.719486,0.733258
2026-06-12T18:52:41.532818,1.818799,0.909400,15.979637,0.728191,0.732245
2026-06-12T18:52:41.545056,1.829052,0.914526,16.069719,0.732061,0.731462
2026-06-12T18:52:41.553114,1.839207,0.919603,16.158937,0.730126,0.730633
2026-06-12T18:52:41.563617,1.849598,0.924799,16.250227,0.724967,0.728928
2026-06-12T18:52:41.574003,1.859989,0.929994,16.341520,0.733673,0.728974
2026-06-12T18:52:41.587264,1.870446,0.935223,16.433399,0.734640,0.729020
2026-06-12T18:52:41.594731,1.880706,0.940353,16.523536,0.737864,0.731646
2026-06-12T18:52:41.604879,1.890859,0.945429,16.612738,0.734318,0.732521
2026-06-12T18:52:41.614962,1.900951,0.950476,16.701409,0.736575,0.733166
2026-06-12T18:52:41.628288,1.911217,0.955608,16.791602,0.733673,0.733673
2026-06-12T18:52:41.637265,1.921457,0.960729,16.881570,0.733995,0.734962
2026-06-12T18:52:41.646158,1.932146,0.966073,16.975483,0.734640,0.735101
2026-06-12T18:52:41.656380,1.942365,0.971183,17.065268,0.726902,0.733995
2026-06-12T18:52:41.669941,1.952869,0.976434,17.157548,0.729481,0.732798
2026-06-12T18:52:41.678340,1.963370,0.981685,17.249810,0.733028,0.732613
2026-06-12T18:52:41.687788,1.973773,0.986886,17.341207,0.735285,0.732429
2026-06-12T18:52:41.698230,1.984208,0.992104,17.432893,0.734318,0.732521
2026-06-12T18:52:41.711745,1.994454,0.997227,17.522912,0.735930,0.732798
2026-06-12T18:52:41.720534,2.004778,1.002389,17.613610,0.732705,0.732521
2026-06-12T18:52:41.729469,2.015456,1.007728,17.707426,0.732705,0.733350
2026-06-12T18:52:41.739655,2.025642,1.012821,17.796919,0.733995,0.733995
2026-06-12T18:52:41.750163,2.036150,1.018075,17.889237,0.734962,0.734272
2026-06-12T18:52:41.761566,2.046488,1.023244,17.980074,0.733350,0.733995
2026-06-12T18:52:41.771074,2.057053,1.028527,18.072895,0.734640,0.734041
2026-06-12T18:52:41.781350,2.067331,1.033665,18.163188,0.733028,0.733627
2026-06-12T18:52:41.794979,2.077814,1.038907,18.255297,0.733673,0.733765
2026-06-12T18:52:41.803299,2.088116,1.044058,18.345808,0.734640,0.734041
2026-06-12T18:52:41.812262,2.098258,1.049129,18.434909,0.736897,0.734456
2026-06-12T18:52:41.823576,2.108677,1.054339,18.526452,0.731093,0.733903
2026-06-12T18:52:41.833122,2.119105,1.059552,18.618066,0.733350,0.733903
2026-06-12T18:52:41.845883,2.129308,1.064654,18.707709,0.733995,0.733811
2026-06-12T18:52:41.854247,2.139677,1.069838,18.798809,0.735930,0.734226
2026-06-12T18:52:41.864345,2.150325,1.075163,18.892365,0.735607,0.734502
2026-06-12T18:52:41.874713,2.160696,1.080348,18.983477,0.737220,0.734870
2026-06-12T18:52:41.886649,2.170932,1.085466,19.073412,0.733995,0.734456
2026-06-12T18:52:41.895218,2.181218,1.090609,19.163784,0.732383,0.734640
2026-06-12T18:52:41.905386,2.191368,1.095684,19.252957,0.730448,0.734226
2026-06-12T18:52:41.915456,2.201440,1.100720,19.341450,0.733673,0.734179
2026-06-12T18:52:41.928154,2.211523,1.105761,19.430036,0.734318,0.733949
2026-06-12T18:52:41.937362,2.221776,1.110888,19.520115,0.736575,0.734087
2026-06-12T18:52:41.946475,2.232461,1.116231,19.613994,0.736575,0.733995
2026-06-12T18:52:41.956606,2.242592,1.121296,19.703005,0.736575,0.734364
2026-06-12T18:52:41.969831,2.252786,1.126393,19.792570,0.734318,0.734640
2026-06-12T18:52:41.981207,2.263460,1.131730,19.886350,0.732705,0.734962
2026-06-12T18:52:41.991337,2.273767,1.136884,19.976901,0.735285,0.735193
2026-06-12T18:52:41.998078,2.284071,1.142035,20.067428,0.735607,0.735377
2026-06-12T18:52:42.011481,2.294255,1.147128,20.156906,0.736575,0.735377
2026-06-12T18:52:42.019849,2.304807,1.152403,20.249612,0.735607,0.735239
2026-06-12T18:52:42.029262,2.315249,1.157624,20.341354,0.736897,0.735285
2026-06-12T18:52:42.039579,2.325562,1.162781,20.431959,0.733350,0.735147
2026-06-12T18:52:42.053141,2.335830,1.167915,20.522172,0.735607,0.735561
2026-06-12T18:52:42.062095,2.346108,1.173054,20.612479,0.727546,0.734456
2026-06-12T18:52:42.073641,2.356858,1.178429,20.706922,0.726257,0.733120
2026-06-12T18:52:42.081211,2.367199,1.183600,20.797779,0.732383,0.732521
2026-06-12T18:52:42.095869,2.377516,1.188758,20.888422,0.735930,0.732567
2026-06-12T18:52:42.103342,2.387673,1.193837,20.977660,0.733350,0.732061
2026-06-12T18:52:42.112622,2.397859,1.198929,21.067149,0.735607,0.732383
2026-06-12T18:52:42.122361,2.408341,1.204171,21.159244,0.735607,0.732383
2026-06-12T18:52:42.134540,2.418525,1.209263,21.248719,0.733028,0.733166
2026-06-12T18:52:42.145236,2.429095,1.214548,21.341588,0.734318,0.734318
2026-06-12T18:52:42.153780,2.439418,1.219709,21.432283,0.737864,0.735101
2026-06-12T18:52:42.163521,2.449533,1.224767,21.521151,0.735930,0.735101
2026-06-12T18:52:42.173989,2.459973,1.229987,21.612876,0.737220,0.735653
2026-06-12T18:52:42.187284,2.470451,1.235225,21.704928,0.736575,0.735792
2026-06-12T18:52:42.194905,2.480549,1.240275,21.793654,0.740766,0.736529
2026-06-12T18:52:42.204689,2.490677,1.245338,21.882632,0.738187,0.737266
2026-06-12T18:52:42.214819,2.500810,1.250405,21.971661,0.742379,0.738417
2026-06-12T18:52:42.224941,2.510931,1.255465,22.060581,0.739477,0.738647
2026-06-12T18:52:42.237412,2.521550,1.260775,22.153875,0.740766,0.739338
2026-06-12T18:52:42.247451,2.531954,1.265977,22.245283,0.738187,0.739477
2026-06-12T18:52:42.259390,2.542311,1.271155,22.336277,0.737864,0.739661
2026-06-12T18:52:42.269811,2.552601,1.276300,22.426685,0.737220,0.739154
2026-06-12T18:52:42.278759,2.562993,1.281496,22.517987,0.733350,0.738463
2026-06-12T18:52:42.289393,2.573446,1.286723,22.609824,0.737864,0.737818
2026-06-12T18:52:42.297976,2.583996,1.291998,22.702519,0.734962,0.737173
2026-06-12T18:52:42.311722,2.594389,1.297194,22.793823,0.737220,0.736667
2026-06-12T18:52:42.319983,2.604541,1.302270,22.883017,0.734640,0.736160
2026-06-12T18:52:42.329177,2.615164,1.307582,22.976351,0.734640,0.735699
2026-06-12T18:52:42.339887,2.625874,1.312937,23.070447,0.729159,0.734548
2026-06-12T18:52:42.353569,2.636192,1.318096,23.161099,0.736897,0.735055
2026-06-12T18:52:42.361657,2.646667,1.323334,23.253133,0.733995,0.734502
2026-06-12T18:52:42.370744,2.656735,1.328368,23.341590,0.736252,0.734686
2026-06-12T18:52:42.383760,2.667217,1.333609,23.433684,0.734962,0.734364
2026-06-12T18:52:42.395066,2.677771,1.338886,23.526408,0.735930,0.734548
2026-06-12T18:52:42.403335,2.687991,1.343995,23.616194,0.731738,0.734133
2026-06-12T18:52:42.412306,2.698289,1.349145,23.706674,0.732705,0.734640
2026-06-12T18:52:42.422686,2.708658,1.354329,23.797778,0.736252,0.734548
2026-06-12T18:52:42.432914,2.718889,1.359445,23.887665,0.737542,0.735055
2026-06-12T18:52:42.444992,2.729371,1.364686,23.979759,0.732705,0.734548
2026-06-12T18:52:42.453634,2.739614,1.369807,24.069751,0.736252,0.734732
2026-06-12T18:52:42.463914,2.749890,1.374945,24.160035,0.735285,0.734640
2026-06-12T18:52:42.474209,2.760190,1.380095,24.250528,0.734962,0.735101
2026-06-12T18:52:42.486586,2.770400,1.385200,24.340227,0.735607,0.735515
2026-06-12T18:52:42.494992,2.780688,1.390344,24.430620,0.738832,0.735884
2026-06-12T18:52:42.504840,2.790820,1.395410,24.519635,0.730771,0.734916
2026-06-12T18:52:42.514981,2.800966,1.400483,24.608775,0.732383,0.734870
2026-06-12T18:52:42.528865,2.811416,1.405708,24.700587,0.734962,0.734686
2026-06-12T18:52:42.536781,2.821650,1.410825,24.790504,0.735930,0.734778
2026-06-12T18:52:42.546082,2.832066,1.416033,24.882015,0.737542,0.735147
2026-06-12T18:52:42.556308,2.842298,1.421149,24.971910,0.737864,0.735469
2026-06-12T18:52:42.569974,2.852787,1.426394,25.064068,0.736575,0.735147
2026-06-12T18:52:42.578286,2.863081,1.431540,25.154506,0.734318,0.735653
2026-06-12T18:52:42.587362,2.873346,1.436673,25.244694,0.736897,0.736298
2026-06-12T18:52:42.597674,2.883703,1.441851,25.335687,0.735930,0.736436
2026-06-12T18:52:42.607793,2.893772,1.446886,25.424154,0.737220,0.736621
2026-06-12T18:52:42.621604,2.904338,1.452169,25.516987,0.739477,0.736897
2026-06-12T18:52:42.628570,2.914551,1.457275,25.606708,0.738832,0.737035
2026-06-12T18:52:42.638801,2.924776,1.462388,25.696545,0.735930,0.736943
2026-06-12T18:52:42.649041,2.935019,1.467510,25.786544,0.736575,0.737266
2026-06-12T18:52:42.661802,2.945454,1.472727,25.878223,0.735285,0.737035
2026-06-12T18:52:42.672371,2.955664,1.477832,25.967923,0.737542,0.737266
2026-06-12T18:52:42.679918,2.965904,1.482952,26.057888,0.733995,0.736805
2026-06-12T18:52:42.690260,2.976240,1.488120,26.148701,0.732383,0.735792
2026-06-12T18:52:42.703781,2.986500,1.493250,26.238840,0.735930,0.735377
2026-06-12T18:52:42.712048,2.996833,1.498416,26.329625,0.737220,0.735561
2026-06-12T18:52:42.721073,3.007058,1.503529,26.419466,0.735285,0.735377
2026-06-12T18:52:42.731288,3.017268,1.508634,26.509163,0.738832,0.735884
2026-06-12T18:52:42.744815,3.027626,1.513813,26.600169,0.732383,0.735147
2026-06-12T18:52:42.754613,3.038378,1.519189,26.694637,0.733028,0.735009
2026-06-12T18:52:42.763182,3.048611,1.524306,26.784540,0.736897,0.735653
2026-06-12T18:52:42.772952,3.058935,1.529467,26.875243,0.739799,0.736206
2026-06-12T18:52:42.783047,3.069030,1.534515,26.963932,0.737542,0.736252
2026-06-12T18:52:42.794866,3.079441,1.539720,27.055404,0.738509,0.736713
2026-06-12T18:52:42.803763,3.089746,1.544873,27.145946,0.735930,0.736298
2026-06-12T18:52:42.814616,3.100051,1.550025,27.236479,0.726257,0.735423
2026-06-12T18:52:42.824506,3.110506,1.555253,27.328337,0.726579,0.734502
2026-06-12T18:52:42.836972,3.121111,1.560556,27.421514,0.737864,0.734640
2026-06-12T18:52:42.845414,3.131390,1.565695,27.511816,0.737864,0.734364
2026-06-12T18:52:42.855940,3.141933,1.570966,27.604448,0.740121,0.734732
2026-06-12T18:52:42.865989,3.151972,1.575986,27.692652,0.737542,0.734594
2026-06-12T18:52:42.878665,3.162271,1.581136,27.783137,0.737864,0.734870
2026-06-12T18:52:42.889278,3.172706,1.586353,27.874819,0.730126,0.735423
2026-06-12T18:52:42.896907,3.182899,1.591450,27.964371,0.733673,0.736436
2026-06-12T18:52:42.907117,3.193105,1.596552,28.054034,0.738187,0.736483
2026-06-12T18:52:42.920399,3.203288,1.601644,28.143500,0.735930,0.736206
2026-06-12T18:52:42.928230,3.213550,1.606775,28.233660,0.737542,0.735838
2026-06-12T18:52:42.937619,3.223603,1.611801,28.321986,0.738187,0.735930
2026-06-12T18:52:42.951455,3.233927,1.616963,28.412688,0.738187,0.735976
2026-06-12T18:52:42.958305,3.244290,1.622145,28.503743,0.738832,0.737220
2026-06-12T18:52:42.970421,3.254427,1.627213,28.592799,0.741089,0.738279
2026-06-12T18:52:42.978731,3.264715,1.632358,28.683191,0.737864,0.738233
2026-06-12T18:52:42.989011,3.274994,1.637497,28.773501,0.738832,0.738647
2026-06-12T18:52:42.999166,3.285150,1.642575,28.862732,0.736897,0.738555
2026-06-12T18:52:43.012417,3.295355,1.647678,28.952391,0.731416,0.737588
2026-06-12T18:52:43.020364,3.305957,1.652979,29.045534,0.722710,0.735377
2026-06-12T18:52:43.030361,3.316341,1.658170,29.136764,0.734318,0.734732
2026-06-12T18:52:43.040624,3.326618,1.663309,29.227055,0.733995,0.733719
2026-06-12T18:52:43.054319,3.337226,1.668613,29.320260,0.736897,0.733581
2026-06-12T18:52:43.061383,3.347414,1.673707,29.409769,0.736575,0.733258
2026-06-12T18:52:43.072294,3.357561,1.678781,29.498921,0.739154,0.733581
2026-06-12T18:52:43.081838,3.367819,1.683909,29.589038,0.738509,0.734594
2026-06-12T18:52:43.095156,3.378090,1.689045,29.679285,0.741411,0.737266
2026-06-12T18:52:43.104614,3.388829,1.694414,29.773629,0.739799,0.738049
2026-06-12T18:52:43.113612,3.399145,1.699572,29.864265,0.737542,0.738555
2026-06-12T18:52:43.123246,3.409237,1.704618,29.952932,0.734640,0.738233
2026-06-12T18:52:43.136908,3.419688,1.709844,30.044755,0.738832,0.738555
2026-06-12T18:52:43.145324,3.430219,1.715110,30.137277,0.737864,0.738371
2026-06-12T18:52:43.154701,3.440687,1.720343,30.229246,0.740766,0.738694
2026-06-12T18:52:43.170852,3.451219,1.725609,30.321776,0.741411,0.738694
2026-06-12T18:52:43.178354,3.461439,1.730720,30.411571,0.742701,0.739108
2026-06-12T18:52:43.186909,3.471745,1.735873,30.502120,0.724645,0.737266
2026-06-12T18:52:43.196048,3.482034,1.741017,30.592513,0.720130,0.735193
2026-06-12T18:52:43.206328,3.492317,1.746158,30.682857,0.732061,0.734226
2026-06-12T18:52:43.220139,3.502675,1.751337,30.773861,0.739799,0.734502
2026-06-12T18:52:43.228194,3.512987,1.756493,30.864458,0.742701,0.734778
2026-06-12T18:52:43.241462,3.523455,1.761727,30.956429,0.740121,0.734594
2026-06-12T18:52:43.247925,3.533906,1.766953,31.048251,0.733995,0.733350
2026-06-12T18:52:43.261514,3.544275,1.772138,31.139355,0.727224,0.733719
2026-06-12T18:52:43.270205,3.554547,1.777274,31.229601,0.736575,0.736068
2026-06-12T18:52:43.279129,3.565109,1.782555,31.322399,0.739799,0.737173
2026-06-12T18:52:43.289374,3.575359,1.787679,31.412447,0.741411,0.737404
2026-06-12T18:52:43.299469,3.585443,1.792722,31.501048,0.740121,0.737035
2026-06-12T18:52:43.312433,3.595947,1.797974,31.593333,0.741089,0.737173
2026-06-12T18:52:43.320565,3.606544,1.803272,31.686438,0.735285,0.737358
2026-06-12T18:52:43.330966,3.616946,1.808473,31.777830,0.731093,0.737910
2026-06-12T18:52:43.341030,3.627004,1.813502,31.866190,0.731738,0.737220
2026-06-12T18:52:43.353779,3.637203,1.818602,31.955801,0.738509,0.737035
2026-06-12T18:52:43.361735,3.647248,1.823624,32.044057,0.740121,0.736851
2026-06-12T18:52:43.371379,3.657361,1.828680,32.132902,0.742379,0.737173
2026-06-12T18:52:43.381726,3.667710,1.833855,32.223830,0.739799,0.736989
2026-06-12T18:52:43.395141,3.678175,1.839088,32.315778,0.740444,0.737726
2026-06-12T18:52:43.404185,3.688501,1.844250,32.406491,0.738187,0.738740
2026-06-12T18:52:43.414378,3.699147,1.849573,32.500029,0.739799,0.739891
2026-06-12T18:52:43.423470,3.709453,1.854727,32.590577,0.740444,0.740168
2026-06-12T18:52:43.438172,3.719966,1.859983,32.682940,0.743346,0.740628
2026-06-12T18:52:43.447757,3.730205,1.865102,32.772895,0.740444,0.740352
2026-06-12T18:52:43.454699,3.740687,1.870344,32.864994,0.739154,0.740260
2026-06-12T18:52:43.465137,3.751109,1.875555,32.956560,0.736897,0.739753
2026-06-12T18:52:43.478115,3.761335,1.880668,33.046404,0.739477,0.739937
2026-06-12T18:52:43.487493,3.771764,1.885882,33.138026,0.739154,0.739845
2026-06-12T18:52:43.496459,3.782447,1.891224,33.231888,0.732383,0.738694
2026-06-12T18:52:43.506793,3.792777,1.896388,33.322642,0.737864,0.737910
2026-06-12T18:52:43.519821,3.802898,1.901449,33.411565,0.741089,0.738003
2026-06-12T18:52:43.528163,3.813070,1.906535,33.500935,0.741089,0.738279
2026-06-12T18:52:43.537655,3.823636,1.911818,33.593768,0.740766,0.738832
2026-06-12T18:52:43.547940,3.833920,1.916960,33.684121,0.740121,0.738924
2026-06-12T18:52:43.561531,3.844215,1.922108,33.774571,0.738832,0.738878
2026-06-12T18:52:43.570623,3.854275,1.927137,33.862953,0.728836,0.738371
2026-06-12T18:52:43.579023,3.864460,1.932230,33.952438,0.728836,0.737081
2026-06-12T18:52:43.588878,3.874855,1.937427,34.043767,0.735607,0.736298
2026-06-12T18:52:43.599245,3.885228,1.942614,34.134902,0.737542,0.735792
2026-06-12T18:52:43.611485,3.895412,1.947706,34.224377,0.740121,0.735699
2026-06-12T18:52:43.623554,3.907107,1.953553,34.327127,0.738187,0.735423
2026-06-12T18:52:43.631489,3.917475,1.958738,34.418220,0.725612,0.733535
2026-06-12T18:52:43.644772,3.927845,1.963922,34.509327,0.727869,0.733396
2026-06-12T18:52:43.653925,3.938159,1.969080,34.599949,0.739477,0.734916
2026-06-12T18:52:43.662568,3.948548,1.974274,34.691222,0.741089,0.735699
2026-06-12T18:52:43.673165,3.958640,1.979320,34.779889,0.744636,0.736713
2026-06-12T18:52:43.682896,3.968880,1.984440,34.869855,0.743346,0.737173
2026-06-12T18:52:43.694798,3.978980,1.989490,34.958591,0.746893,0.738417
2026-06-12T18:52:43.704429,3.989604,1.994802,35.051929,0.745925,0.741319
2026-06-12T18:52:43.714429,3.999999,2.000000,35.143264,0.748182,0.744221
2026-06-12T18:52:43.724112,4.010092,2.005046,35.231934,0.741411,0.744497
2026-06-12T18:52:43.737434,4.020404,2.010202,35.322534,0.740766,0.744451
2026-06-12T18:52:43.746603,4.030719,2.015359,35.413159,0.739799,0.743760
2026-06-12T18:52:43.755015,4.041004,2.020502,35.503525,0.745925,0.744129
2026-06-12T18:52:43.765064,4.051050,2.025525,35.591786,0.744313,0.743760
2026-06-12T18:52:43.775211,4.061195,2.030598,35.680921,0.746893,0.743899
2026-06-12T18:52:43.786558,4.071742,2.035871,35.773578,0.745280,0.743484
2026-06-12T18:52:43.795871,4.081851,2.040925,35.862396,0.743346,0.743760
2026-06-12T18:52:43.806097,4.092084,2.046042,35.952300,0.739477,0.743576
2026-06-12T18:52:43.816402,4.102390,2.051195,36.042852,0.742379,0.743945
2026-06-12T18:52:43.828853,4.112704,2.056352,36.133464,0.742701,0.743484
2026-06-12T18:52:43.837237,4.123214,2.061607,36.225802,0.743023,0.743300
2026-06-12T18:52:43.847615,4.133601,2.066801,36.317067,0.743668,0.742839
2026-06-12T18:52:43.857881,4.143863,2.071932,36.407223,0.742056,0.742379
2026-06-12T18:52:43.869951,4.154349,2.077174,36.499349,0.739477,0.741826
2026-06-12T18:52:43.878516,4.164503,2.082251,36.588560,0.740121,0.741918
2026-06-12T18:52:43.888605,4.174870,2.087435,36.679641,0.742379,0.741918
2026-06-12T18:52:43.899302,4.185292,2.092646,36.771213,0.743023,0.741964
2026-06-12T18:52:43.911674,4.195752,2.097876,36.863113,0.745603,0.742332
2026-06-12T18:52:43.920390,4.206143,2.103071,36.954401,0.743023,0.742240
2026-06-12T18:52:43.930516,4.216493,2.108247,37.045341,0.738187,0.741688
2026-06-12T18:52:43.940823,4.226809,2.113404,37.135969,0.736575,0.741273
2026-06-12T18:52:43.954393,4.237161,2.118580,37.226922,0.742379,0.741595
2026-06-12T18:52:43.964017,4.247343,2.123671,37.316375,0.740766,0.741365
2026-06-12T18:52:43.971924,4.257910,2.128955,37.409223,0.742056,0.741227
2026-06-12T18:52:43.981973,4.268167,2.134084,37.499335,0.742701,0.740812
2026-06-12T18:52:43.994813,4.278344,2.139172,37.588744,0.743991,0.740951
2026-06-12T18:52:44.004561,4.288585,2.144293,37.678728,0.738832,0.741043
2026-06-12T18:52:44.013615,4.298642,2.149321,37.767082,0.738509,0.741319
2026-06-12T18:52:44.023025,4.309002,2.154501,37.858106,0.739154,0.740858
2026-06-12T18:52:44.036453,4.319341,2.159671,37.948943,0.742701,0.741135
2026-06-12T18:52:44.044841,4.329470,2.164735,38.037932,0.741089,0.740997
2026-06-12T18:52:44.054173,4.340151,2.170075,38.131773,0.745603,0.741411
2026-06-12T18:52:44.066404,4.350383,2.175192,38.221674,0.737864,0.740536
2026-06-12T18:52:44.074490,4.360465,2.180232,38.310244,0.731093,0.739431
2026-06-12T18:52:44.087441,4.370790,2.185395,38.400964,0.736897,0.739200
2026-06-12T18:52:44.095442,4.381425,2.190712,38.494399,0.741411,0.739523
2026-06-12T18:52:44.105913,4.391892,2.195946,38.586360,0.740766,0.739246
2026-06-12T18:52:44.116191,4.402167,2.201084,38.676638,0.744636,0.739753
2026-06-12T18:52:44.128121,4.412205,2.206103,38.764830,0.746893,0.739937
2026-06-12T18:52:44.136491,4.422890,2.211445,38.858703,0.745603,0.741043
2026-06-12T18:52:44.147343,4.433315,2.216657,38.950294,0.746570,0.743254
2026-06-12T18:52:44.157796,4.443889,2.221944,39.043196,0.746570,0.744636
2026-06-12T18:52:44.171990,4.454531,2.227265,39.136695,0.746248,0.745327
2026-06-12T18:52:44.178885,4.464876,2.232438,39.227586,0.743991,0.745787
2026-06-12T18:52:44.189364,4.475343,2.237671,39.319546,0.749795,0.746524
2026-06-12T18:52:44.199886,4.485869,2.242934,39.412024,0.748182,0.746708
2026-06-12T18:52:44.212602,4.496035,2.248018,39.501342,0.748505,0.747123
2026-06-12T18:52:44.220154,4.506298,2.253149,39.591515,0.747538,0.747261
2026-06-12T18:52:44.230750,4.516729,2.258364,39.683152,0.748505,0.747538
2026-06-12T18:52:44.241000,4.526991,2.263496,39.773318,0.744958,0.747353
2026-06-12T18:52:44.253897,4.537444,2.268722,39.865157,0.747538,0.747860
2026-06-12T18:52:44.262688,4.547770,2.273885,39.955879,0.746570,0.747399
2026-06-12T18:52:44.272072,4.558060,2.279030,40.046279,0.745925,0.747077
2026-06-12T18:52:44.282138,4.568121,2.284061,40.134676,0.743668,0.746386
2026-06-12T18:52:44.294772,4.578602,2.289301,40.226758,0.745603,0.746110
2026-06-12T18:52:44.305868,4.589447,2.294723,40.322042,0.736575,0.744405
2026-06-12T18:52:44.314511,4.600060,2.300030,40.415289,0.727224,0.741872
2026-06-12T18:52:44.324298,4.610271,2.305135,40.504998,0.733995,0.739937
2026-06-12T18:52:44.337008,4.620570,2.310285,40.595483,0.736252,0.738463
2026-06-12T18:52:44.344820,4.630818,2.315409,40.685521,0.735930,0.737035
2026-06-12T18:52:44.355679,4.641156,2.320578,40.776345,0.741734,0.736759
2026-06-12T18:52:44.365214,4.651200,2.325600,40.864589,0.743346,0.736436
2026-06-12T18:52:44.378073,4.661511,2.330756,40.955187,0.745603,0.737726
2026-06-12T18:52:44.388409,4.671769,2.335884,41.045304,0.746248,0.740444
2026-06-12T18:52:44.396430,4.682413,2.341207,41.138827,0.746893,0.742286
2026-06-12T18:52:44.406809,4.692794,2.346397,41.230027,0.734640,0.742056
2026-06-12T18:52:44.420179,4.703276,2.351638,41.322120,0.736252,0.742102
2026-06-12T18:52:44.428172,4.713738,2.356869,41.414040,0.741089,0.742010
2026-06-12T18:52:44.438095,4.724079,2.362039,41.504892,0.744313,0.742148
2026-06-12T18:52:44.448547,4.734530,2.367265,41.596715,0.745280,0.742102
2026-06-12T18:52:44.462449,4.744736,2.372368,41.686380,0.745603,0.742010
2026-06-12T18:52:44.470218,4.755488,2.377744,41.780853,0.745925,0.741872
2026-06-12T18:52:44.480016,4.765996,2.382998,41.873168,0.741411,0.742839
2026-06-12T18:52:44.490764,4.776159,2.388079,41.962458,0.742701,0.743760
2026-06-12T18:52:44.503156,4.786361,2.393180,42.052091,0.740444,0.743668
2026-06-12T18:52:44.512390,4.796777,2.398389,42.143609,0.743991,0.743622
2026-06-12T18:52:44.521120,4.807100,2.403550,42.234304,0.743346,0.743346
2026-06-12T18:52:44.531264,4.817246,2.408623,42.323444,0.747215,0.743576
2026-06-12T18:52:44.545038,4.827703,2.413851,42.415313,0.743991,0.743300
2026-06-12T18:52:44.554326,4.838165,2.419082,42.507230,0.746248,0.743991
2026-06-12T18:52:44.562661,4.848641,2.424320,42.599270,0.746570,0.744543
2026-06-12T18:52:44.573611,4.859178,2.429589,42.691853,0.747538,0.745557
2026-06-12T18:52:44.586679,4.869467,2.434734,42.782248,0.737864,0.744682
2026-06-12T18:52:44.594871,4.880002,2.440001,42.874802,0.748505,0.745419
2026-06-12T18:52:44.606404,4.890367,2.445183,42.965867,0.752697,0.746202
2026-06-12T18:52:44.614704,4.900688,2.450344,43.056548,0.754309,0.747676
2026-06-12T18:52:44.624746,4.910731,2.455366,43.144786,0.751729,0.748459
2026-06-12T18:52:44.637475,4.921176,2.460588,43.236550,0.752374,0.749288
2026-06-12T18:52:44.645239,4.931243,2.465621,43.324997,0.746248,0.749104
2026-06-12T18:52:44.655310,4.941299,2.470649,43.413350,0.744958,0.750117
2026-06-12T18:52:44.665358,4.951339,2.475669,43.501558,0.745925,0.749749
2026-06-12T18:52:44.678747,4.961719,2.480860,43.592757,0.746893,0.748919
2026-06-12T18:52:44.688326,4.972788,2.486394,43.690006,0.743346,0.747353
2026-06-12T18:52:44.697154,4.983147,2.491573,43.781016,0.743023,0.746110
2026-06-12T18:52:44.707306,4.993285,2.496643,43.870093,0.744313,0.744958
2026-06-12T18:52:44.719799,5.003796,2.501898,43.962438,0.743991,0.744636
2026-06-12T18:52:44.728618,5.014321,2.507161,44.054912,0.748182,0.745096
2026-06-12T18:52:44.738462,5.024447,2.512223,44.143870,0.748827,0.745511
2026-06-12T18:52:44.748573,5.034558,2.517279,44.232710,0.744958,0.745234
2026-06-12T18:52:44.761877,5.044786,2.522393,44.322572,0.740121,0.744774
2026-06-12T18:52:44.769793,5.054846,2.527423,44.410952,0.744958,0.745050
2026-06-12T18:52:44.779284,5.065272,2.532636,44.502556,0.742379,0.744774
2026-06-12T18:52:44.789598,5.075583,2.537792,44.593147,0.744313,0.744820
2026-06-12T18:52:44.803153,5.085939,2.542969,44.684128,0.745603,0.744451
2026-06-12T18:52:44.814039,5.096641,2.548321,44.778157,0.747538,0.744267
2026-06-12T18:52:44.820947,5.106936,2.553468,44.868603,0.744636,0.744221
2026-06-12T18:52:44.831361,5.117336,2.558668,44.959976,0.746893,0.745188
2026-06-12T18:52:44.844828,5.127610,2.563805,45.050240,0.744636,0.745142
2026-06-12T18:52:44.854395,5.137674,2.568837,45.138669,0.747215,0.745833
2026-06-12T18:52:44.861903,5.148141,2.574071,45.230629,0.744958,0.745925
2026-06-12T18:52:44.872496,5.158479,2.579239,45.321450,0.747860,0.746248
2026-06-12T18:52:44.882589,5.168581,2.584290,45.410205,0.745280,0.745925
2026-06-12T18:52:44.895460,5.178694,2.589347,45.499060,0.744958,0.745971
2026-06-12T18:52:44.904009,5.188917,2.594459,45.588880,0.743668,0.745511
2026-06-12T18:52:44.913232,5.199205,2.599603,45.679266,0.745925,0.745695
2026-06-12T18:52:44.923406,5.209379,2.604690,45.768656,0.738509,0.744451
2026-06-12T18:52:44.936565,5.219678,2.609839,45.859142,0.728836,0.742148
2026-06-12T18:52:44.945180,5.230644,2.615322,45.955479,0.733673,0.740121
2026-06-12T18:52:44.954953,5.240940,2.620470,46.045939,0.740766,0.739477
2026-06-12T18:52:44.965144,5.251123,2.625561,46.135405,0.740444,0.738832
2026-06-12T18:52:44.978661,5.261171,2.630586,46.223688,0.744958,0.739016
2026-06-12T18:52:44.987299,5.271587,2.635794,46.315200,0.744313,0.738786
2026-06-12T18:52:44.999352,5.282258,2.641129,46.408955,0.745925,0.739845
2026-06-12T18:52:45.006841,5.292305,2.646153,46.497227,0.746248,0.742332
2026-06-12T18:52:45.019808,5.302631,2.651316,46.587950,0.746893,0.744221
2026-06-12T18:52:45.030421,5.313827,2.656914,46.686317,0.744636,0.744774
2026-06-12T18:52:45.038031,5.324009,2.662004,46.775768,0.745280,0.745465
2026-06-12T18:52:45.050415,5.334053,2.667026,46.864012,0.744958,0.745465
2026-06-12T18:52:45.061476,5.344497,2.672248,46.955772,0.742379,0.745188
2026-06-12T18:52:45.071722,5.355033,2.677517,47.048343,0.747215,0.745373
2026-06-12T18:52:45.079241,5.365242,2.682621,47.138036,0.745280,0.745234
2026-06-12T18:52:45.089525,5.375516,2.687758,47.228298,0.744958,0.744958
2026-06-12T18:52:45.103492,5.385802,2.692901,47.318673,0.744958,0.745004
2026-06-12T18:52:45.112436,5.396047,2.698024,47.408683,0.747215,0.745280
2026-06-12T18:52:45.120716,5.406531,2.703265,47.500790,0.746570,0.745511
2026-06-12T18:52:45.131072,5.417053,2.708526,47.593237,0.744313,0.745787
2026-06-12T18:52:45.141143,5.427128,2.713564,47.681759,0.745925,0.745603
2026-06-12T18:52:45.154421,5.437311,2.718656,47.771222,0.747538,0.745925
2026-06-12T18:52:45.165609,5.447775,2.723887,47.863152,0.746570,0.746156
2026-06-12T18:52:45.171930,5.457926,2.728963,47.952337,0.747538,0.746524
2026-06-12T18:52:45.183401,5.468434,2.734217,48.044661,0.746893,0.746478
2026-06-12T18:52:45.194784,5.478656,2.739328,48.134473,0.746893,0.746524
2026-06-12T18:52:45.204013,5.489350,2.744675,48.228429,0.745925,0.746754
2026-06-12T18:52:45.213684,5.499666,2.749833,48.319061,0.748827,0.747169
2026-06-12T18:52:45.224184,5.510162,2.755081,48.411273,0.743991,0.746662
2026-06-12T18:52:45.237630,5.520448,2.760224,48.501651,0.746248,0.746616
2026-06-12T18:52:45.245033,5.530656,2.765328,48.591330,0.744958,0.746248
2026-06-12T18:52:45.255051,5.541021,2.770511,48.682402,0.747538,0.746340
2026-06-12T18:52:45.265270,5.551253,2.775626,48.772293,0.746248,0.746248
2026-06-12T18:52:45.278257,5.561630,2.780815,48.863465,0.748827,0.746662
2026-06-12T18:52:45.290385,5.571918,2.785959,48.953853,0.747215,0.746432
2026-06-12T18:52:45.296465,5.582451,2.791226,49.046398,0.743668,0.746386
2026-06-12T18:52:45.306984,5.592975,2.796487,49.138855,0.743668,0.746017
2026-06-12T18:52:45.319760,5.603262,2.801631,49.229237,0.747215,0.746340
2026-06-12T18:52:45.328130,5.613615,2.806807,49.320195,0.745925,0.746110
2026-06-12T18:52:45.337675,5.623666,2.811833,49.408501,0.748505,0.746432
2026-06-12T18:52:45.347912,5.633899,2.816949,49.498403,0.747538,0.746248
2026-06-12T18:52:45.361474,5.644275,2.822138,49.589570,0.745603,0.746017
2026-06-12T18:52:45.370601,5.655047,2.827523,49.684209,0.745280,0.746248
2026-06-12T18:52:45.379238,5.665216,2.832608,49.773552,0.743991,0.746294
2026-06-12T18:52:45.389575,5.675556,2.837778,49.864395,0.746248,0.746156
2026-06-12T18:52:45.403662,5.685798,2.842899,49.954386,0.746248,0.746202
2026-06-12T18:52:45.412331,5.695878,2.847939,50.042941,0.748182,0.746156
2026-06-12T18:52:45.420500,5.706474,2.853237,50.136041,0.745280,0.745833
2026-06-12T18:52:45.430847,5.716840,2.858420,50.227114,0.740121,0.745050
2026-06-12T18:52:45.441190,5.727176,2.863588,50.317925,0.736252,0.743760
2026-06-12T18:52:45.454602,5.737221,2.868610,50.406174,0.742701,0.743576
2026-06-12T18:52:45.462205,5.747510,2.873755,50.496573,0.743668,0.743208
2026-06-12T18:52:45.471801,5.757797,2.878898,50.586949,0.747860,0.743438
2026-06-12T18:52:45.482158,5.768139,2.884069,50.677814,0.744636,0.742931
2026-06-12T18:52:45.495299,5.778373,2.889187,50.767733,0.746893,0.743162
2026-06-12T18:52:45.504170,5.788882,2.894441,50.860063,0.743346,0.743622
2026-06-12T18:52:45.512993,5.798977,2.899488,50.948751,0.744958,0.744866
2026-06-12T18:52:45.524183,5.809492,2.904746,51.041133,0.744958,0.745188
2026-06-12T18:52:45.536445,5.819915,2.909957,51.132709,0.748505,0.745879
2026-06-12T18:52:45.545333,5.830373,2.915186,51.224590,0.747860,0.745879
2026-06-12T18:52:45.554621,5.840599,2.920300,51.314437,0.750439,0.746708
2026-06-12T18:52:45.567091,5.850645,2.925322,51.402694,0.746893,0.746708
2026-06-12T18:52:45.578122,5.861023,2.930511,51.493873,0.745280,0.746985
2026-06-12T18:52:45.587401,5.871657,2.935828,51.587305,0.744636,0.746939
2026-06-12T18:52:45.595919,5.881897,2.940948,51.677271,0.748182,0.747399
2026-06-12T18:52:45.606967,5.892432,2.946216,51.769831,0.747215,0.747215
2026-06-12T18:52:45.619788,5.902777,2.951389,51.860724,0.748827,0.747353
2026-06-12T18:52:45.628437,5.913225,2.956613,51.952518,0.747860,0.746985
2026-06-12T18:52:45.637691,5.923795,2.961897,52.045376,0.747215,0.747031
2026-06-12T18:52:45.648301,5.934284,2.967142,52.137537,0.744958,0.746985
2026-06-12T18:52:45.661481,5.944808,2.972404,52.229995,0.745925,0.747169
2026-06-12T18:52:45.670378,5.955013,2.977506,52.319653,0.747215,0.747031
2026-06-12T18:52:45.679909,5.965386,2.982693,52.410795,0.744636,0.746662
2026-06-12T18:52:45.689590,5.975573,2.987786,52.500290,0.746893,0.746386
2026-06-12T18:52:45.703133,5.986000,2.993000,52.591904,0.734318,0.744451
2026-06-12T18:52:45.712684,5.996155,2.998078,52.681126,0.735607,0.742793
2026-06-12T18:52:45.720590,6.006567,3.003283,52.772598,0.742379,0.742425
2026-06-12T18:52:45.731162,6.017139,3.008569,52.865482,0.746248,0.742471
2026-06-12T18:52:45.741268,6.027248,3.013624,52.954296,0.745925,0.742286
2026-06-12T18:52:45.753752,6.037626,3.018813,53.045477,0.747538,0.742701
2026-06-12T18:52:45.761971,6.048089,3.024045,53.137408,0.744958,0.742425
2026-06-12T18:52:45.772512,6.058498,3.029249,53.228853,0.744636,0.743899
2026-06-12T18:52:45.783056,6.069033,3.034516,53.321413,0.744636,0.745188
2026-06-12T18:52:45.794916,6.079252,3.039626,53.411197,0.747215,0.745879
2026-06-12T18:52:45.806918,6.089878,3.044939,53.504557,0.742379,0.745327
2026-06-12T18:52:45.816361,6.100293,3.050147,53.596061,0.746893,0.745465
2026-06-12T18:52:45.824482,6.110461,3.055230,53.685392,0.747215,0.745419
2026-06-12T18:52:45.836632,6.120947,3.060473,53.777519,0.746893,0.745695
2026-06-12T18:52:45.845005,6.131038,3.065519,53.866181,0.744958,0.745741
2026-06-12T18:52:45.855436,6.141429,3.070715,53.957476,0.746893,0.746064
2026-06-12T18:52:45.865793,6.151767,3.075884,54.048304,0.745280,0.745787
2026-06-12T18:52:45.878947,6.161905,3.080953,54.137374,0.742379,0.745787
2026-06-12T18:52:45.886673,6.172234,3.086117,54.228121,0.738832,0.744636
2026-06-12T18:52:45.896653,6.182651,3.091326,54.319642,0.747860,0.744728
2026-06-12T18:52:45.906830,6.192818,3.096409,54.408965,0.747860,0.744866
2026-06-12T18:52:45.920052,6.202903,3.101452,54.497574,0.746570,0.745096
2026-06-12T18:52:45.928434,6.213221,3.106610,54.588224,0.747860,0.745234
2026-06-12T18:52:45.937704,6.223680,3.111840,54.680118,0.746893,0.745465
2026-06-12T18:52:45.947808,6.233786,3.116893,54.768902,0.748182,0.746294
2026-06-12T18:52:45.961490,6.243933,3.121967,54.858055,0.748182,0.747630
2026-06-12T18:52:45.969817,6.254140,3.127070,54.947730,0.745925,0.747353
2026-06-12T18:52:45.978626,6.264235,3.132117,55.036422,0.741089,0.746386
2026-06-12T18:52:45.988627,6.274614,3.137307,55.127616,0.743668,0.745971
2026-06-12T18:52:45.998683,6.284681,3.142341,55.216062,0.745280,0.745603
2026-06-12T18:52:46.012604,6.295255,3.147627,55.308957,0.746248,0.745511
2026-06-12T18:52:46.019762,6.306055,3.153027,55.403844,0.748182,0.745511
2026-06-12T18:52:46.030322,6.316305,3.158152,55.493901,0.748827,0.745603
2026-06-12T18:52:46.040587,6.326570,3.163285,55.584090,0.747538,0.745833
2026-06-12T18:52:46.053677,6.336810,3.168405,55.674051,0.745925,0.746524
2026-06-12T18:52:46.062611,6.347137,3.173569,55.764789,0.743991,0.746570
2026-06-12T18:52:46.071589,6.357588,3.178794,55.856605,0.747215,0.746847
2026-06-12T18:52:46.081989,6.367969,3.183985,55.947816,0.737542,0.745603
2026-06-12T18:52:46.095203,6.378446,3.189223,56.039858,0.740444,0.744497
2026-06-12T18:52:46.103724,6.388688,3.194344,56.129846,0.744313,0.743853
2026-06-12T18:52:46.114906,6.399130,3.199565,56.221587,0.745280,0.743530
2026-06-12T18:52:46.123204,6.409177,3.204588,56.309857,0.743991,0.743254
2026-06-12T18:52:46.133535,6.419526,3.209763,56.400779,0.746248,0.743576
2026-06-12T18:52:46.145308,6.429850,3.214925,56.491490,0.744636,0.743208
2026-06-12T18:52:46.154228,6.440219,3.220109,56.582587,0.747860,0.744682
2026-06-12T18:52:46.164296,6.450283,3.225141,56.671005,0.746570,0.745557
2026-06-12T18:52:46.174488,6.460469,3.230235,56.760501,0.747538,0.746017
2026-06-12T18:52:46.187487,6.470940,3.235470,56.852494,0.744958,0.745971
2026-06-12T18:52:46.195413,6.481391,3.240695,56.944315,0.746893,0.746386
2026-06-12T18:52:46.207240,6.491711,3.245856,57.034989,0.745925,0.746340
2026-06-12T18:52:46.216104,6.502085,3.251043,57.126133,0.744958,0.746386
2026-06-12T18:52:46.228149,6.512346,3.256173,57.216283,0.743668,0.745787
2026-06-12T18:52:46.239506,6.522725,3.261362,57.307468,0.749150,0.746156
2026-06-12T18:52:46.246801,6.532815,3.266408,57.396120,0.746248,0.745971
2026-06-12T18:52:46.257023,6.543005,3.271502,57.485642,0.747860,0.746386
2026-06-12T18:52:46.270399,6.553280,3.276640,57.575924,0.746570,0.746340
2026-06-12T18:52:46.278712,6.563778,3.281889,57.668151,0.748182,0.746662
2026-06-12T18:52:46.288642,6.574127,3.287063,57.759075,0.747860,0.747077
2026-06-12T18:52:46.298472,6.584471,3.292236,57.849960,0.750762,0.748090
2026-06-12T18:52:46.312242,6.594979,3.297489,57.942278,0.749150,0.748090
2026-06-12T18:52:46.320136,6.605378,3.302689,58.033647,0.747860,0.748321
2026-06-12T18:52:46.329717,6.615696,3.307848,58.124298,0.748505,0.748413
2026-06-12T18:52:46.339843,6.625830,3.312915,58.213331,0.747860,0.748597
2026-06-12T18:52:46.353971,6.636080,3.318040,58.303385,0.748505,0.748643
2026-06-12T18:52:46.362088,6.646460,3.323230,58.394583,0.738187,0.747261
2026-06-12T18:52:46.371159,6.657143,3.328571,58.488439,0.745280,0.746478
2026-06-12T18:52:46.384396,6.667310,3.333655,58.577764,0.742379,0.745511
2026-06-12T18:52:46.395318,6.677823,3.338912,58.670136,0.746893,0.745373
2026-06-12T18:52:46.404482,6.688586,3.344293,58.764690,0.747860,0.745280
2026-06-12T18:52:46.413115,6.699099,3.349549,58.857055,0.745925,0.745004
2026-06-12T18:52:46.423782,6.709149,3.354574,58.945355,0.748505,0.745004
2026-06-12T18:52:46.433447,6.719430,3.359715,59.035683,0.751729,0.746939
2026-06-12T18:52:46.444847,6.730171,3.365085,59.130051,0.742379,0.746524
2026-06-12T18:52:46.454320,6.740299,3.370149,59.219035,0.739477,0.746110
2026-06-12T18:52:46.464359,6.750541,3.375271,59.309023,0.743991,0.745695
2026-06-12T18:52:46.474655,6.760627,3.380313,59.397630,0.748827,0.745833
2026-06-12T18:52:46.486467,6.771040,3.385520,59.489124,0.745925,0.745833
2026-06-12T18:52:46.495152,6.781365,3.390682,59.579833,0.749795,0.746017
2026-06-12T18:52:46.507652,6.791616,3.395808,59.669901,0.749795,0.745741
2026-06-12T18:52:46.516103,6.802086,3.401043,59.761887,0.749150,0.746708
2026-06-12T18:52:46.528883,6.812424,3.406212,59.852711,0.745603,0.747584
2026-06-12T18:52:46.537368,6.822520,3.411260,59.941414,0.749150,0.748321
2026-06-12T18:52:46.546831,6.832821,3.416411,60.031919,0.748505,0.748275
2026-06-12T18:52:46.557297,6.843278,3.421639,60.123793,0.747860,0.748551
2026-06-12T18:52:46.570586,6.853778,3.426889,60.216044,0.749150,0.748459
2026-06-12T18:52:46.581669,6.865001,3.432500,60.314643,0.748827,0.748321
2026-06-12T18:52:46.589147,6.875127,3.437563,60.403609,0.746893,0.747998
2026-06-12T18:52:46.603144,6.885385,3.442693,60.493735,0.746570,0.748136
2026-06-12T18:52:46.613495,6.895794,3.447897,60.585189,0.749795,0.748228
2026-06-12T18:52:46.622414,6.906312,3.453156,60.677594,0.744636,0.747676
2026-06-12T18:52:46.631353,6.916708,3.458354,60.768928,0.744313,0.747169
2026-06-12T18:52:46.641257,6.927238,3.463619,60.861451,0.743346,0.746340
2026-06-12T18:52:46.654437,6.937439,3.468720,60.951072,0.742379,0.745419
2026-06-12T18:52:46.662569,6.948154,3.474077,61.045207,0.740766,0.744543
2026-06-12T18:52:46.672331,6.958313,3.479156,61.134466,0.747860,0.744728
2026-06-12T18:52:46.682491,6.968480,3.484240,61.223792,0.747215,0.744359
2026-06-12T18:52:46.694794,6.978688,3.489344,61.313476,0.749150,0.745004
2026-06-12T18:52:46.703889,6.989064,3.494532,61.404637,0.749795,0.745787
2026-06-12T18:52:46.713317,6.999304,3.499652,61.494606,0.750117,0.746754
2026-06-12T18:52:46.723558,7.009551,3.504775,61.584630,0.748505,0.747630
2026-06-12T18:52:46.736494,7.019655,3.509827,61.673403,0.749472,0.748873
2026-06-12T18:52:46.745132,7.030496,3.515248,61.768651,0.747538,0.748827
2026-06-12T18:52:46.754696,7.040686,3.520343,61.858185,0.749795,0.749196
2026-06-12T18:52:46.764789,7.050771,3.525386,61.946787,0.746893,0.748873
2026-06-12T18:52:46.774979,7.060960,3.530480,62.036303,0.751084,0.749058
2026-06-12T18:52:46.787510,7.071166,3.535583,62.125973,0.747538,0.748689
2026-06-12T18:52:46.795452,7.081429,3.540714,62.216141,0.742701,0.747860
2026-06-12T18:52:46.808161,7.091629,3.545814,62.305754,0.744958,0.747215
2026-06-12T18:52:46.815794,7.101778,3.550889,62.394921,0.748505,0.747353
2026-06-12T18:52:46.828087,7.112039,3.556019,62.485073,0.740444,0.746017
2026-06-12T18:52:46.837417,7.122994,3.561497,62.581326,0.742056,0.745327
2026-06-12T18:52:46.847264,7.133245,3.566623,62.671387,0.746570,0.744682
2026-06-12T18:52:46.857411,7.143396,3.571698,62.760568,0.747860,0.744728
2026-06-12T18:52:46.869810,7.153878,3.576939,62.852661,0.748505,0.745557
2026-06-12T18:52:46.878136,7.164271,3.582136,62.943978,0.749795,0.746248
2026-06-12T18:52:46.891125,7.174876,3.587438,63.037152,0.751729,0.746708
2026-06-12T18:52:46.899327,7.185306,3.592653,63.128787,0.751407,0.748275
2026-06-12T18:52:46.912019,7.195800,3.597900,63.220982,0.752374,0.749749
2026-06-12T18:52:46.921127,7.206286,3.603143,63.313114,0.750762,0.750347
2026-06-12T18:52:46.930784,7.216765,3.608383,63.405182,0.752374,0.750992
2026-06-12T18:52:46.941152,7.227138,3.613569,63.496317,0.749795,0.751176
2026-06-12T18:52:46.954617,7.237392,3.618696,63.586399,0.753019,0.751637
2026-06-12T18:52:46.961455,7.247494,3.623747,63.675160,0.754631,0.752052
2026-06-12T18:52:46.973998,7.257835,3.628917,63.766008,0.755921,0.752697
2026-06-12T18:52:46.982307,7.268293,3.634147,63.857894,0.756243,0.753249
2026-06-12T18:52:46.994792,7.278440,3.639220,63.947042,0.753019,0.753572
2026-06-12T18:52:47.004122,7.288689,3.644345,64.037092,0.752697,0.753618
2026-06-12T18:52:47.012933,7.298911,3.649456,64.126900,0.753664,0.754171
2026-06-12T18:52:47.023308,7.309291,3.654646,64.218096,0.753341,0.754217
2026-06-12T18:52:47.036461,7.319547,3.659773,64.308199,0.756888,0.754539
2026-06-12T18:52:47.044815,7.329953,3.664976,64.399625,0.753986,0.754263
2026-06-12T18:52:47.054591,7.340585,3.670293,64.493040,0.752052,0.753664
2026-06-12T18:52:47.066983,7.350959,3.675480,64.584184,0.731416,0.750578
2026-06-12T18:52:47.078292,7.361008,3.680504,64.672473,0.737220,0.748367
2026-06-12T18:52:47.086483,7.371343,3.685671,64.763271,0.744958,0.747123
2026-06-12T18:52:47.095854,7.381838,3.690919,64.855477,0.748182,0.746386
2026-06-12T18:52:47.108531,7.392000,3.696000,64.944763,0.750762,0.745511
2026-06-12T18:52:47.116059,7.402044,3.701022,65.033007,0.756243,0.745833
2026-06-12T18:52:47.128135,7.412531,3.706265,65.125141,0.753664,0.746064
2026-06-12T18:52:47.137932,7.423514,3.711757,65.221641,0.754309,0.749334
2026-06-12T18:52:47.150165,7.433842,3.716921,65.312374,0.753664,0.751683
2026-06-12T18:52:47.158265,7.444251,3.722125,65.403825,0.755276,0.753157
2026-06-12T18:52:47.171429,7.454951,3.727475,65.497835,0.753664,0.753940
2026-06-12T18:52:47.179732,7.465259,3.732630,65.588403,0.754954,0.754539
2026-06-12T18:52:47.189764,7.475765,3.737882,65.680704,0.756566,0.754585
2026-06-12T18:52:47.203085,7.486095,3.743048,65.771465,0.754631,0.754723
2026-06-12T18:52:47.212296,7.496513,3.748257,65.862993,0.756566,0.755046
2026-06-12T18:52:47.220718,7.506692,3.753346,65.952423,0.759145,0.755829
2026-06-12T18:52:47.231139,7.517127,3.758563,66.044100,0.760113,0.756520
2026-06-12T18:52:47.245082,7.527418,3.763709,66.134518,0.760435,0.757487
2026-06-12T18:52:47.254035,7.537819,3.768910,66.225900,0.762047,0.758500
2026-06-12T18:52:47.261950,7.547948,3.773974,66.314888,0.755598,0.758362
2026-06-12T18:52:47.274508,7.558416,3.779208,66.406862,0.756243,0.758593
2026-06-12T18:52:47.282818,7.568800,3.784400,66.498089,0.756566,0.758593
2026-06-12T18:52:47.294825,7.579208,3.789604,66.589540,0.758500,0.758500
2026-06-12T18:52:47.303787,7.589768,3.794884,66.682312,0.757211,0.758086
2026-06-12T18:52:47.315021,7.600119,3.800060,66.773260,0.759468,0.757948
2026-06-12T18:52:47.324623,7.610605,3.805302,66.865381,0.757211,0.757257
2026-06-12T18:52:47.337025,7.620675,3.810337,66.953856,0.758178,0.757625
2026-06-12T18:52:47.344887,7.630887,3.815444,67.043582,0.755598,0.757533
2026-06-12T18:52:47.355444,7.641432,3.820716,67.136224,0.758178,0.757763
2026-06-12T18:52:47.365714,7.651697,3.825849,67.226413,0.754309,0.757165
2026-06-12T18:52:47.378090,7.661943,3.830972,67.316432,0.758178,0.757303
2026-06-12T18:52:47.387472,7.672609,3.836305,67.410144,0.757211,0.756980
2026-06-12T18:52:47.396848,7.682826,3.841413,67.499901,0.759468,0.757303
2026-06-12T18:52:47.408583,7.693053,3.846526,67.589755,0.755598,0.756934
2026-06-12T18:52:47.419829,7.703409,3.851705,67.680747,0.757211,0.757165
2026-06-12T18:52:47.428121,7.713454,3.856727,67.768999,0.757533,0.757072
2026-06-12T18:52:47.437697,7.723671,3.861835,67.858761,0.758500,0.757671
2026-06-12T18:52:47.447948,7.733928,3.866964,67.948877,0.758500,0.757717
2026-06-12T18:52:47.461464,7.744305,3.872153,68.040050,0.759468,0.758040
2026-06-12T18:52:47.469838,7.754925,3.877462,68.133351,0.755921,0.757533
2026-06-12T18:52:47.479230,7.765210,3.882605,68.223712,0.747215,0.756335
2026-06-12T18:52:47.489666,7.775655,3.887828,68.315484,0.754631,0.755967
2026-06-12T18:52:47.503614,7.786081,3.893040,68.407084,0.756888,0.755875
2026-06-12T18:52:47.512287,7.796133,3.898067,68.495400,0.758500,0.755875
2026-06-12T18:52:47.520265,7.806689,3.903344,68.588140,0.759145,0.755967
2026-06-12T18:52:47.533172,7.817148,3.908574,68.680034,0.758178,0.755783
2026-06-12T18:52:47.541492,7.827479,3.913739,68.770800,0.744313,0.754124
2026-06-12T18:52:47.554111,7.837875,3.918937,68.862137,0.755276,0.755276
2026-06-12T18:52:47.562217,7.848199,3.924100,68.952845,0.757856,0.755737
2026-06-12T18:52:47.572575,7.858558,3.929279,69.043854,0.757211,0.755783
2026-06-12T18:52:47.586435,7.869074,3.934537,69.136245,0.757211,0.755598
2026-06-12T18:52:47.594777,7.879455,3.939728,69.227454,0.761402,0.755921
2026-06-12T18:52:47.604249,7.889703,3.944852,69.317493,0.759790,0.756151
2026-06-12T18:52:47.613912,7.899895,3.949947,69.407033,0.760113,0.758408
2026-06-12T18:52:47.624168,7.910152,3.955076,69.497146,0.758178,0.758823
2026-06-12T18:52:47.637534,7.920327,3.960163,69.586546,0.760113,0.759145
2026-06-12T18:52:47.645892,7.930445,3.965223,69.675444,0.760757,0.759652
2026-06-12T18:52:47.654545,7.940523,3.970261,69.763982,0.762692,0.760435
2026-06-12T18:52:47.664629,7.950611,3.975305,69.852614,0.761402,0.760435
2026-06-12T18:52:47.678156,7.960902,3.980451,69.943028,0.759468,0.760389
2026-06-12T18:52:47.686776,7.971140,3.985570,70.032976,0.756243,0.759836
2026-06-12T18:52:47.695749,7.981730,3.990865,70.126024,0.760113,0.760113
2026-06-12T18:52:47.708753,7.992216,3.996108,70.218149,0.758500,0.759882
2026-06-12T18:52:47.716273,8.002255,4.001127,70.306348,0.761080,0.759928
2026-06-12T18:52:47.728626,8.012333,4.006166,70.394889,0.761080,0.759698
2026-06-12T18:52:47.736647,8.022688,4.011344,70.485868,0.762047,0.759790
2026-06-12T18:52:47.746870,8.032855,4.016427,70.575195,0.759790,0.759836
2026-06-12T18:52:47.756928,8.042913,4.021456,70.663562,0.761080,0.760527
2026-06-12T18:52:47.771388,8.053378,4.026689,70.755509,0.761080,0.760665
2026-06-12T18:52:47.778676,8.063875,4.031938,70.847733,0.762370,0.761218
2026-06-12T18:52:47.788145,8.074140,4.037070,70.937916,0.762047,0.761356
2026-06-12T18:52:47.798297,8.084301,4.042151,71.027192,0.763337,0.761679
2026-06-12T18:52:47.808960,8.094430,4.047215,71.116186,0.758823,0.761218
2026-06-12T18:52:47.820600,8.105206,4.052603,71.210861,0.756888,0.760804
2026-06-12T18:52:47.829761,8.115742,4.057871,71.303426,0.759468,0.760573
2026-06-12T18:52:47.840026,8.126008,4.063004,71.393619,0.760435,0.760481
2026-06-12T18:52:47.853560,8.136439,4.068219,71.485264,0.761080,0.760297
2026-06-12T18:52:47.862182,8.146648,4.073324,71.574963,0.762692,0.760389
2026-06-12T18:52:47.870763,8.156735,4.078367,71.663583,0.761725,0.760159
2026-06-12T18:52:47.881096,8.167077,4.083539,71.754447,0.757211,0.759928
2026-06-12T18:52:47.891273,8.177443,4.088722,71.845521,0.758823,0.760205
2026-06-12T18:52:47.904337,8.187862,4.093931,71.937059,0.758823,0.760113
2026-06-12T18:52:47.912044,8.198017,4.099009,72.026283,0.760113,0.760067
2026-06-12T18:52:47.922533,8.208504,4.104252,72.118416,0.759145,0.759790
2026-06-12T18:52:47.932586,8.218566,4.109283,72.206816,0.763337,0.759882
2026-06-12T18:52:47.944776,8.228823,4.114411,72.296932,0.758178,0.759376
2026-06-12T18:52:47.955914,8.239736,4.119868,72.392818,0.758500,0.759560
2026-06-12T18:52:47.964161,8.250130,4.125065,72.484133,0.758178,0.759468
2026-06-12T18:52:47.974315,8.260296,4.130148,72.573449,0.762047,0.759928
2026-06-12T18:52:47.986871,8.270723,4.135362,72.665065,0.760113,0.759928
2026-06-12T18:52:47.994784,8.280814,4.140407,72.753719,0.763337,0.760527
2026-06-12T18:52:48.005181,8.291160,4.145580,72.844616,0.760757,0.760159
2026-06-12T18:52:48.015259,8.301253,4.150626,72.933288,0.761402,0.760619
2026-06-12T18:52:48.028140,8.311524,4.155762,73.023529,0.758823,0.760665
2026-06-12T18:52:48.037298,8.321865,4.160933,73.114389,0.761402,0.761126
2026-06-12T18:52:48.046192,8.332177,4.166088,73.204980,0.757856,0.760527
2026-06-12T18:52:48.056412,8.342407,4.171203,73.294863,0.754309,0.759698
2026-06-12T18:52:48.070665,8.352628,4.176314,73.384660,0.758500,0.759007
2026-06-12T18:52:48.078191,8.362863,4.181432,73.474588,0.761725,0.759145
2026-06-12T18:52:48.087068,8.373067,4.186533,73.564236,0.759145,0.758823
2026-06-12T18:52:48.097346,8.383329,4.191664,73.654395,0.761402,0.759191
2026-06-12T18:52:48.109089,8.393551,4.196775,73.744205,0.758500,0.758777
2026-06-12T18:52:48.120908,8.404085,4.202043,73.836757,0.747538,0.757303
2026-06-12T18:52:48.128297,8.414283,4.207141,73.926351,0.737220,0.754861
2026-06-12T18:52:48.138493,8.424469,4.212235,74.015845,0.750117,0.753664
2026-06-12T18:52:48.148797,8.434776,4.217388,74.106397,0.754954,0.752697
2026-06-12T18:52:48.162261,8.445088,4.222544,74.197003,0.757211,0.752420
2026-06-12T18:52:48.170275,8.455472,4.227736,74.288231,0.760113,0.752236
2026-06-12T18:52:48.179717,8.465703,4.232851,74.378115,0.762370,0.752789
2026-06-12T18:52:48.189819,8.475796,4.237898,74.466791,0.761402,0.754769
2026-06-12T18:52:48.203544,8.486258,4.243129,74.558713,0.761725,0.758270
2026-06-12T18:52:48.212188,8.496693,4.248347,74.650394,0.763982,0.760251
2026-06-12T18:52:48.220885,8.506866,4.253433,74.739766,0.759145,0.760850
2026-06-12T18:52:48.231235,8.517212,4.258606,74.830672,0.762370,0.761587
2026-06-12T18:52:48.245363,8.527491,4.263746,74.920980,0.762047,0.761863
2026-06-12T18:52:48.254347,8.538002,4.269001,75.013326,0.766239,0.762416
2026-06-12T18:52:48.262640,8.548619,4.274309,75.106601,0.763337,0.762692
2026-06-12T18:52:48.273004,8.558989,4.279494,75.197712,0.766561,0.763383
2026-06-12T18:52:48.286425,8.569093,4.284547,75.286487,0.763337,0.763291
2026-06-12T18:52:48.296734,8.579193,4.289597,75.375225,0.756566,0.762922
2026-06-12T18:52:48.304609,8.589725,4.294862,75.467751,0.760113,0.762600
2026-06-12T18:52:48.314180,8.600167,4.300084,75.559499,0.763659,0.762830
2026-06-12T18:52:48.324484,8.610455,4.305228,75.649886,0.763337,0.762416
2026-06-12T18:52:48.337311,8.620672,4.310336,75.739652,0.765916,0.762784
2026-06-12T18:52:48.345086,8.631111,4.315556,75.831369,0.764949,0.762554
2026-06-12T18:52:48.355444,8.641436,4.320718,75.922080,0.763337,0.762554
2026-06-12T18:52:48.365692,8.651677,4.325839,76.012054,0.759145,0.762922
2026-06-12T18:52:48.379432,8.662081,4.331041,76.103462,0.763015,0.763337
2026-06-12T18:52:48.387466,8.672528,4.336264,76.195250,0.764304,0.763429
2026-06-12T18:52:48.396696,8.682690,4.341345,76.284529,0.765272,0.763705
2026-06-12T18:52:48.409576,8.693044,4.346522,76.375492,0.764949,0.763567
2026-06-12T18:52:48.419831,8.703541,4.351771,76.467724,0.765594,0.763659
2026-06-12T18:52:48.428032,8.714011,4.357005,76.559706,0.763982,0.763752
2026-06-12T18:52:48.438570,8.724554,4.362277,76.652338,0.765916,0.764719
2026-06-12T18:52:48.448820,8.734803,4.367402,76.742387,0.765916,0.765133
2026-06-12T18:52:48.462150,8.745038,4.372519,76.832303,0.765916,0.765364
2026-06-12T18:52:48.470232,8.755500,4.377750,76.924225,0.768496,0.765824
2026-06-12T18:52:48.479740,8.765727,4.382863,77.014072,0.766239,0.766009
2026-06-12T18:52:48.490151,8.776149,4.388074,77.105642,0.764304,0.765824
2026-06-12T18:52:48.500586,8.786569,4.393285,77.197192,0.761725,0.765502
2026-06-12T18:52:48.512254,8.796843,4.398422,77.287459,0.766239,0.765548
2026-06-12T18:52:48.521331,8.807307,4.403654,77.379392,0.765594,0.765502
2026-06-12T18:52:48.531587,8.817568,4.408784,77.469544,0.763659,0.765179
2026-06-12T18:52:48.545250,8.827860,4.413930,77.559963,0.763015,0.764396
2026-06-12T18:52:48.554470,8.838534,4.419267,77.653747,0.766239,0.764396
2026-06-12T18:52:48.563404,8.848966,4.424483,77.745398,0.762047,0.764074
2026-06-12T18:52:48.573050,8.859058,4.429529,77.834062,0.763659,0.764350
2026-06-12T18:52:48.586750,8.869335,4.434668,77.924359,0.763337,0.763936
2026-06-12T18:52:48.594834,8.879666,4.439833,78.015127,0.764627,0.763798
2026-06-12T18:52:48.606303,8.890346,4.445173,78.108959,0.763659,0.763798
2026-06-12T18:52:48.614401,8.900385,4.450193,78.197159,0.766239,0.764258
2026-06-12T18:52:48.624580,8.910566,4.455283,78.286607,0.762370,0.763705
2026-06-12T18:52:48.636457,8.921020,4.460510,78.378447,0.764304,0.764028
2026-06-12T18:52:48.645143,8.931128,4.465564,78.467258,0.761725,0.763752
2026-06-12T18:52:48.655561,8.941556,4.470778,78.558874,0.759790,0.763245
2026-06-12T18:52:48.665613,8.951598,4.475799,78.647104,0.752697,0.761541
2026-06-12T18:52:48.678661,8.962102,4.481051,78.739394,0.761725,0.761264
2026-06-12T18:52:48.688823,8.972783,4.486392,78.833235,0.762047,0.760665
2026-06-12T18:52:48.697322,8.983307,4.491653,78.925691,0.760757,0.760435
2026-06-12T18:52:48.710076,8.993548,4.496774,79.015668,0.760435,0.759882
2026-06-12T18:52:48.720138,9.003782,4.501891,79.105586,0.763015,0.760067
2026-06-12T18:52:48.728124,9.014222,4.507111,79.197304,0.762692,0.760481
2026-06-12T18:52:48.738930,9.024927,4.512464,79.291363,0.765272,0.762278
2026-06-12T18:52:48.752004,9.035050,4.517525,79.380295,0.763659,0.762554
2026-06-12T18:52:48.761884,9.045353,4.522676,79.470816,0.760113,0.762278
2026-06-12T18:52:48.769762,9.055756,4.527878,79.562218,0.758823,0.762001
2026-06-12T18:52:48.780277,9.066260,4.533130,79.654506,0.761080,0.762093
2026-06-12T18:52:48.790720,9.076718,4.538359,79.746382,0.763659,0.762185
2026-06-12T18:52:48.804682,9.087305,4.543653,79.839402,0.762370,0.762139
2026-06-12T18:52:48.813295,9.097432,4.548716,79.928378,0.764949,0.762093
2026-06-12T18:52:48.821741,9.107721,4.553860,80.018772,0.763659,0.762093
2026-06-12T18:52:48.832104,9.118085,4.559043,80.109830,0.763659,0.762600
2026-06-12T18:52:48.844775,9.128584,4.564292,80.202068,0.760757,0.762876
2026-06-12T18:52:48.853939,9.139330,4.569665,80.296482,0.763982,0.763291
2026-06-12T18:52:48.863657,9.149651,4.574825,80.387158,0.762370,0.763107
2026-06-12T18:52:48.873977,9.159958,4.579979,80.477715,0.765916,0.763613
2026-06-12T18:52:48.887078,9.170302,4.585151,80.568598,0.764949,0.763613
2026-06-12T18:52:48.895421,9.180670,4.590335,80.659687,0.764627,0.763752
2026-06-12T18:52:48.905009,9.190985,4.595493,80.750315,0.759145,0.763107
2026-06-12T18:52:48.915043,9.201027,4.600513,80.838540,0.764627,0.763659
2026-06-12T18:52:48.928114,9.211408,4.605704,80.929749,0.764304,0.763705
2026-06-12T18:52:48.936758,9.221715,4.610857,81.020299,0.767851,0.764489
2026-06-12T18:52:48.947488,9.232372,4.616186,81.113933,0.765916,0.764489
2026-06-12T18:52:48.956818,9.242800,4.621400,81.205551,0.767851,0.764903
2026-06-12T18:52:48.970315,9.253281,4.626640,81.297634,0.760757,0.764350
2026-06-12T18:52:48.979962,9.263363,4.631681,81.386212,0.762370,0.764811
2026-06-12T18:52:48.987607,9.273592,4.636796,81.476085,0.763015,0.764581
2026-06-12T18:52:48.997825,9.283802,4.641901,81.565790,0.765594,0.764765
2026-06-12T18:52:49.011414,9.294274,4.647137,81.657792,0.764627,0.764304
2026-06-12T18:52:49.020369,9.304817,4.652408,81.750419,0.765916,0.764304
2026-06-12T18:52:49.029091,9.315071,4.657535,81.840507,0.767206,0.764212
2026-06-12T18:52:49.039581,9.325568,4.662784,81.932740,0.759145,0.763982
2026-06-12T18:52:49.053089,9.336069,4.668034,82.024993,0.763015,0.764074
2026-06-12T18:52:49.062002,9.346365,4.673182,82.115453,0.765916,0.764489
2026-06-12T18:52:49.070870,9.357255,4.678627,82.211130,0.763982,0.764258
2026-06-12T18:52:49.081624,9.367607,4.683803,82.302083,0.766239,0.764489
2026-06-12T18:52:49.092047,9.378034,4.689017,82.393696,0.772365,0.765410
2026-06-12T18:52:49.104365,9.388671,4.694335,82.487146,0.769463,0.765732
2026-06-12T18:52:49.112898,9.398883,4.699441,82.576867,0.772043,0.767575
2026-06-12T18:52:49.123015,9.408996,4.704498,82.665723,0.771075,0.768726
2026-06-12T18:52:49.136455,9.419213,4.709607,82.755484,0.769463,0.769233
2026-06-12T18:52:49.144840,9.429774,4.714887,82.848268,0.762370,0.769003
2026-06-12T18:52:49.154269,9.440241,4.720121,82.940235,0.770431,0.769601
2026-06-12T18:52:49.164443,9.450418,4.725209,83.029642,0.769463,0.769187
2026-06-12T18:52:49.174476,9.460472,4.730236,83.117981,0.770753,0.769371
2026-06-12T18:52:49.186457,9.470788,4.735394,83.208611,0.768818,0.768911
2026-06-12T18:52:49.195357,9.481331,4.740665,83.301240,0.770753,0.768864
2026-06-12T18:52:49.205679,9.491664,4.745832,83.392025,0.755276,0.766838
2026-06-12T18:52:49.215719,9.501707,4.750853,83.480259,0.748827,0.764903
2026-06-12T18:52:49.228668,9.511975,4.755988,83.570474,0.763337,0.763890
2026-06-12T18:52:49.239169,9.522541,4.761270,83.663304,0.769141,0.763844
2026-06-12T18:52:49.246650,9.532800,4.766400,83.753439,0.766884,0.763291
2026-06-12T18:52:49.257095,9.543086,4.771543,83.843806,0.770108,0.763475
2026-06-12T18:52:49.271126,9.553688,4.776844,83.936955,0.768496,0.763153
2026-06-12T18:52:49.281238,9.564109,4.782055,84.028515,0.771075,0.765410
2026-06-12T18:52:49.288520,9.574507,4.787253,84.119866,0.771398,0.768634
2026-06-12T18:52:49.298829,9.584808,4.792404,84.210374,0.769786,0.769555
2026-06-12T18:52:49.312382,9.595354,4.797677,84.303027,0.758823,0.768081
2026-06-12T18:52:49.321159,9.605500,4.802750,84.392164,0.753019,0.766101
2026-06-12T18:52:49.329594,9.615580,4.807790,84.480725,0.764304,0.765272
2026-06-12T18:52:49.339775,9.625755,4.812878,84.570126,0.767529,0.765133
2026-06-12T18:52:49.353308,9.636073,4.818037,84.660779,0.769786,0.764949
2026-06-12T18:52:49.361593,9.646625,4.823312,84.753481,0.769463,0.764673
2026-06-12T18:52:49.371214,9.657209,4.828604,84.846471,0.764627,0.763936
2026-06-12T18:52:49.381414,9.667397,4.833698,84.935981,0.755276,0.763429
2026-06-12T18:52:49.394870,9.677691,4.838846,85.026428,0.763982,0.764995
2026-06-12T18:52:49.403350,9.688007,4.844004,85.117062,0.766884,0.765364
2026-06-12T18:52:49.412368,9.698349,4.849175,85.207924,0.767529,0.765364
2026-06-12T18:52:49.422660,9.708651,4.854326,85.298436,0.770108,0.765410
2026-06-12T18:52:49.436537,9.719146,4.859573,85.390642,0.771398,0.765686
2026-06-12T18:52:49.445493,9.729345,4.864672,85.480245,0.767529,0.766101
2026-06-12T18:52:49.453925,9.739904,4.869952,85.573018,0.768174,0.767943
2026-06-12T18:52:49.464210,9.750200,4.875100,85.663474,0.768174,0.768542
2026-06-12T18:52:49.474741,9.760725,4.880362,85.755945,0.771075,0.769141
2026-06-12T18:52:49.487087,9.771027,4.885514,85.846458,0.772365,0.769832
2026-06-12T18:52:49.495600,9.781582,4.890791,85.939194,0.773655,0.770338
2026-06-12T18:52:49.506129,9.792119,4.896060,86.031772,0.772043,0.770431
2026-06-12T18:52:49.516238,9.802218,4.901109,86.120494,0.766239,0.770246
2026-06-12T18:52:49.528304,9.812547,4.906274,86.211249,0.766884,0.770062
2026-06-12T18:52:49.536940,9.822935,4.911468,86.302512,0.772043,0.770615
2026-06-12T18:52:49.547604,9.833580,4.916790,86.396035,0.771398,0.770661
2026-06-12T18:52:49.557788,9.843772,4.921886,86.485578,0.773977,0.770891
2026-06-12T18:52:49.569846,9.854143,4.927072,86.576703,0.772688,0.770753
2026-06-12T18:52:49.578757,9.864733,4.932366,86.669737,0.763982,0.769601
2026-06-12T18:52:49.591159,9.875144,4.937572,86.761214,0.759468,0.768634
2026-06-12T18:52:49.599671,9.885658,4.942829,86.853588,0.766239,0.768542
2026-06-12T18:52:49.611523,9.896023,4.948011,86.944646,0.771398,0.768450
2026-06-12T18:52:49.620551,9.906528,4.953264,87.036948,0.771075,0.768404
2026-06-12T18:52:49.630981,9.916959,4.958479,87.128587,0.772043,0.768127
2026-06-12T18:52:49.641328,9.927309,4.963655,87.219526,0.771720,0.767989
2026-06-12T18:52:49.653299,9.937628,4.968814,87.310182,0.769463,0.768772
2026-06-12T18:52:49.662295,9.948271,4.974135,87.403689,0.768174,0.770016
2026-06-12T18:52:49.672670,9.958652,4.979326,87.494896,0.769141,0.770431
2026-06-12T18:52:49.682894,9.968875,4.984438,87.584716,0.768496,0.770016
2026-06-12T18:52:49.694855,9.979339,4.989670,87.676653,0.770753,0.769970
2026-06-12T18:52:49.703792,9.989770,4.994885,87.768291,0.770108,0.769694
2026-06-12T18:52:49.714265,10.000250,5.000125,87.860368,0.770753,0.769555
2026-06-12T18:52:49.724515,10.010501,5.005251,87.950435,0.769463,0.769555
2026-06-12T18:52:49.736513,10.020857,5.010428,88.041415,0.772043,0.770108
2026-06-12T18:52:49.745450,10.031430,5.015715,88.134315,0.768818,0.770062
2026-06-12T18:52:49.755911,10.041900,5.020950,88.226299,0.755276,0.768174
2026-06-12T18:52:49.766233,10.052210,5.026105,88.316880,0.747538,0.764857
2026-06-12T18:52:49.778724,10.062474,5.031237,88.407061,0.761080,0.763567
2026-06-12T18:52:49.786540,10.072530,5.036265,88.495411,0.769786,0.763429
2026-06-12T18:52:49.797278,10.083272,5.041636,88.589783,0.773655,0.764028
2026-06-12T18:52:49.810632,10.093606,5.046803,88.680578,0.773977,0.764304
2026-06-12T18:52:49.819866,10.103839,5.051919,88.770481,0.762370,0.763383
2026-06-12T18:52:49.828140,10.114119,5.057059,88.860801,0.744313,0.761817
2026-06-12T18:52:49.838222,10.124205,5.062103,88.949417,0.761080,0.763752
2026-06-12T18:52:49.848602,10.134580,5.067290,89.040568,0.767529,0.764673
2026-06-12T18:52:49.861537,10.144844,5.072422,89.130748,0.768818,0.764535
2026-06-12T18:52:49.869866,10.154918,5.077459,89.219257,0.770108,0.764028
2026-06-12T18:52:49.879639,10.165633,5.082817,89.313396,0.764627,0.762692
2026-06-12T18:52:49.890051,10.176034,5.088017,89.404774,0.766884,0.763337
2026-06-12T18:52:49.903181,10.186142,5.093071,89.493582,0.771720,0.767252
2026-06-12T18:52:49.911480,10.196518,5.098259,89.584744,0.773010,0.768957
2026-06-12T18:52:49.920993,10.206971,5.103486,89.676586,0.758500,0.767667
2026-06-12T18:52:49.931140,10.217123,5.108562,89.765776,0.760435,0.766469
2026-06-12T18:52:49.941192,10.227174,5.113587,89.854085,0.766561,0.765963
2026-06-12T18:52:49.953667,10.237662,5.118831,89.946226,0.761402,0.765502
2026-06-12T18:52:49.962237,10.248222,5.124111,90.039008,0.757211,0.764120
2026-06-12T18:52:49.972580,10.258567,5.129283,90.129894,0.769141,0.763752
2026-06-12T18:52:49.982822,10.268806,5.134403,90.219855,0.769141,0.763199
2026-06-12T18:52:49.994830,10.279208,5.139604,90.311248,0.769141,0.764719
2026-06-12T18:52:50.003798,10.289773,5.144886,90.404064,0.769141,0.765963
2026-06-12T18:52:50.014306,10.300284,5.150142,90.496416,0.770108,0.766469
2026-06-12T18:52:50.028188,10.310759,5.155380,90.588446,0.765916,0.767114
2026-06-12T18:52:50.036524,10.320847,5.160424,90.677079,0.770108,0.768957
2026-06-12T18:52:50.045478,10.331462,5.165731,90.770336,0.769141,0.768957
2026-06-12T18:52:50.055824,10.341802,5.170901,90.861182,0.770753,0.769187
2026-06-12T18:52:50.066220,10.352204,5.176102,90.952568,0.768818,0.769141
2026-06-12T18:52:50.078432,10.362256,5.181128,91.040887,0.770753,0.769371
2026-06-12T18:52:50.087102,10.372388,5.186194,91.129905,0.764304,0.768542
2026-06-12T18:52:50.096532,10.382519,5.191259,91.218913,0.765272,0.768450
2026-06-12T18:52:50.106992,10.392972,5.196486,91.310755,0.768818,0.768266
2026-06-12T18:52:50.119780,10.403244,5.201622,91.401003,0.771075,0.768542
2026-06-12T18:52:50.128177,10.413685,5.206843,91.492735,0.765594,0.767805
2026-06-12T18:52:50.138000,10.423979,5.211990,91.583176,0.768818,0.767805
2026-06-12T18:52:50.148386,10.434367,5.217183,91.674439,0.768818,0.767529
2026-06-12T18:52:50.162341,10.444961,5.222481,91.767520,0.769786,0.768312
2026-06-12T18:52:50.170251,10.455347,5.227673,91.858768,0.770431,0.769049
2026-06-12T18:52:50.182412,10.465669,5.232835,91.949456,0.770431,0.769279
2026-06-12T18:52:50.190190,10.476176,5.238088,92.041766,0.769786,0.769095
2026-06-12T18:52:50.203028,10.486739,5.243369,92.134570,0.763015,0.768726
2026-06-12T18:52:50.211789,10.497111,5.248555,92.225697,0.768818,0.768726
2026-06-12T18:52:50.221442,10.507424,5.253712,92.316306,0.767851,0.768588
2026-06-12T18:52:50.232870,10.517637,5.258818,92.406037,0.769141,0.768496
2026-06-12T18:52:50.245944,10.527884,5.263942,92.496069,0.769463,0.768358
2026-06-12T18:52:50.254021,10.538071,5.269035,92.585563,0.771720,0.768542
2026-06-12T18:52:50.262716,10.548685,5.274343,92.678821,0.765916,0.767989
2026-06-12T18:52:50.273181,10.559160,5.279580,92.770848,0.769463,0.768911
2026-06-12T18:52:50.286560,10.569419,5.284709,92.860982,0.767851,0.768772
2026-06-12T18:52:50.294851,10.579569,5.289785,92.950165,0.771720,0.769325
2026-06-12T18:52:50.303924,10.589903,5.294951,93.040951,0.770753,0.769555
2026-06-12T18:52:50.314345,10.600327,5.300163,93.132534,0.774300,0.770246
2026-06-12T18:52:50.324688,10.610670,5.305335,93.223411,0.769141,0.769878
2026-06-12T18:52:50.338482,10.620928,5.310464,93.313531,0.765594,0.769832
2026-06-12T18:52:50.345635,10.631620,5.315810,93.407468,0.769141,0.769786
2026-06-12T18:52:50.355929,10.641906,5.320953,93.497837,0.773655,0.770615
2026-06-12T18:52:50.369959,10.652322,5.326161,93.589352,0.766884,0.769924
2026-06-12T18:52:50.378618,10.662576,5.331288,93.679441,0.769786,0.769786
2026-06-12T18:52:50.387162,10.673132,5.336566,93.772183,0.772043,0.769463
2026-06-12T18:52:50.397468,10.683724,5.341862,93.865250,0.772688,0.769970
2026-06-12T18:52:50.408101,10.694082,5.347041,93.956251,0.770431,0.770661
2026-06-12T18:52:50.419747,10.704493,5.352246,94.047715,0.772688,0.771168
2026-06-12T18:52:50.428610,10.714593,5.357297,94.136459,0.771720,0.770891
2026-06-12T18:52:50.442094,10.725026,5.362513,94.228114,0.773655,0.771859
2026-06-12T18:52:50.453477,10.735647,5.367824,94.321437,0.774300,0.772503
2026-06-12T18:52:50.462582,10.745944,5.372972,94.411899,0.772043,0.772503
2026-06-12T18:52:50.470567,10.756555,5.378278,94.505129,0.772688,0.772503
2026-06-12T18:52:50.483353,10.766906,5.383453,94.596065,0.771398,0.772642
2026-06-12T18:52:50.491193,10.777180,5.388590,94.686330,0.774945,0.772964
2026-06-12T18:52:50.503055,10.787883,5.393941,94.780366,0.772365,0.773056
2026-06-12T18:52:50.512042,10.798024,5.399012,94.869469,0.774622,0.773194
2026-06-12T18:52:50.522321,10.808304,5.404152,94.959787,0.773010,0.773010
2026-06-12T18:52:50.532832,10.818812,5.409406,95.052105,0.765594,0.772089
2026-06-12T18:52:50.544724,10.829343,5.414672,95.144629,0.766239,0.771168
2026-06-12T18:52:50.553977,10.839763,5.419882,95.236181,0.773333,0.771444
2026-06-12T18:52:50.564601,10.849994,5.424997,95.326067,0.773333,0.771214
2026-06-12T18:52:50.574190,10.860183,5.430092,95.415587,0.773655,0.771398
2026-06-12T18:52:50.587538,10.870506,5.435253,95.506275,0.773010,0.771168
2026-06-12T18:52:50.595314,10.880828,5.440414,95.596969,0.774622,0.771398
2026-06-12T18:52:50.605389,10.891376,5.445688,95.689636,0.770431,0.772089
2026-06-12T18:52:50.615431,10.901421,5.450710,95.777892,0.772043,0.772918
2026-06-12T18:52:50.628093,10.911754,5.455877,95.868677,0.771720,0.772688
2026-06-12T18:52:50.636972,10.923098,5.461549,95.968346,0.776234,0.773102
2026-06-12T18:52:50.647259,10.933242,5.466621,96.057464,0.776557,0.773517
2026-06-12T18:52:50.657556,10.943543,5.471772,96.147971,0.779136,0.774392
2026-06-12T18:52:50.671190,10.953824,5.476912,96.238297,0.776557,0.774668
2026-06-12T18:52:50.680408,10.964281,5.482140,96.330169,0.780104,0.776050
2026-06-12T18:52:50.688703,10.974681,5.487340,96.421539,0.783006,0.777616
2026-06-12T18:52:50.699221,10.985204,5.492602,96.513997,0.781393,0.778998
2026-06-12T18:52:50.712005,10.995302,5.497651,96.602714,0.785263,0.780288
2026-06-12T18:52:50.721006,11.005971,5.502985,96.696448,0.784618,0.781440
2026-06-12T18:52:50.730655,11.016629,5.508315,96.790089,0.783973,0.782130
2026-06-12T18:52:50.743447,11.026999,5.513499,96.881196,0.778814,0.782453
2026-06-12T18:52:50.754929,11.037481,5.518741,96.973295,0.776234,0.781900
2026-06-12T18:52:50.762610,11.047605,5.523802,97.062239,0.776879,0.781025
2026-06-12T18:52:50.771839,11.057824,5.528912,97.152020,0.776879,0.780380
2026-06-12T18:52:50.782205,11.068187,5.534093,97.243068,0.777524,0.779275
2026-06-12T18:52:50.794873,11.078445,5.539223,97.333194,0.779136,0.778492
2026-06-12T18:52:50.807674,11.089989,5.544995,97.434619,0.776557,0.777432
2026-06-12T18:52:50.814137,11.100130,5.550065,97.523712,0.776879,0.777156
2026-06-12T18:52:50.824336,11.110322,5.555161,97.613259,0.775912,0.777110
2026-06-12T18:52:50.838658,11.120684,5.560342,97.704295,0.778169,0.777294
2026-06-12T18:52:50.845462,11.130890,5.565445,97.793968,0.774945,0.777018
2026-06-12T18:52:50.855429,11.141423,5.570711,97.886503,0.776234,0.776833
2026-06-12T18:52:50.867675,11.151471,5.575735,97.974784,0.775590,0.776327
2026-06-12T18:52:50.878121,11.161829,5.580914,98.065787,0.773010,0.775820
2026-06-12T18:52:50.891374,11.172482,5.586241,98.159387,0.772688,0.775221
2026-06-12T18:52:50.896802,11.182788,5.591394,98.249929,0.775590,0.775175
2026-06-12T18:52:50.907055,11.193038,5.596519,98.339985,0.773977,0.774576
2026-06-12T18:52:50.919789,11.203380,5.601690,98.430851,0.776879,0.774853
2026-06-12T18:52:50.928771,11.213542,5.606771,98.520129,0.776234,0.774853
2026-06-12T18:52:50.937919,11.223897,5.611949,98.611111,0.766884,0.773609
2026-06-12T18:52:50.948123,11.234109,5.617054,98.700826,0.766561,0.772688
2026-06-12T18:52:50.962186,11.244382,5.622191,98.791086,0.772688,0.772688
2026-06-12T18:52:50.969791,11.254882,5.627441,98.883336,0.771398,0.772089
2026-06-12T18:52:50.979032,11.265010,5.632505,98.972320,0.771720,0.771766
2026-06-12T18:52:50.989276,11.275268,5.637634,99.062445,0.774945,0.771490
2026-06-12T18:52:51.003126,11.285492,5.642746,99.152273,0.775912,0.771444
2026-06-12T18:52:51.012312,11.295789,5.647894,99.242734,0.773010,0.772319
2026-06-12T18:52:51.020561,11.306545,5.653273,99.337240,0.772365,0.773148
2026-06-12T18:52:51.030885,11.316868,5.658434,99.427931,0.772043,0.773056
2026-06-12T18:52:51.044769,11.327181,5.663591,99.518543,0.771398,0.773056
2026-06-12T18:52:51.053123,11.337335,5.668667,99.607751,0.767529,0.772457
2026-06-12T18:52:51.062350,11.347667,5.673833,99.698527,0.771398,0.771951
2026-06-12T18:52:51.072054,11.358057,5.679028,99.789811,0.774622,0.771766
2026-06-12T18:52:51.082270,11.368253,5.684127,99.879395,0.772688,0.771720
2026-06-12T18:52:51.095382,11.378601,5.689300,99.970305,0.775590,0.772181
2026-06-12T18:52:51.104027,11.388811,5.694406,100.060016,0.773333,0.772365
2026-06-12T18:52:51.113250,11.399243,5.699621,100.151663,0.761080,0.770891
2026-06-12T18:52:51.123586,11.409569,5.704785,100.242389,0.751084,0.768542
2026-06-12T18:52:51.137058,11.419800,5.709900,100.332278,0.768818,0.768174
2026-06-12T18:52:51.144748,11.430233,5.715116,100.423937,0.772365,0.767851
2026-06-12T18:52:51.154410,11.440386,5.720193,100.513145,0.775912,0.768312
2026-06-12T18:52:51.164589,11.450571,5.725286,100.602628,0.775267,0.768266
2026-06-12T18:52:51.174742,11.460713,5.730357,100.691734,0.769463,0.767713
2026-06-12T18:52:51.187209,11.471393,5.735696,100.785561,0.763015,0.767989
2026-06-12T18:52:51.195868,11.481849,5.740925,100.877429,0.774945,0.771398
2026-06-12T18:52:51.206179,11.492156,5.746078,100.967985,0.775912,0.772411
2026-06-12T18:52:51.216214,11.502201,5.751100,101.056234,0.779136,0.773379
2026-06-12T18:52:51.229942,11.512309,5.756154,101.145042,0.779781,0.773931
2026-06-12T18:52:51.236419,11.522466,5.761233,101.234284,0.783328,0.775083
2026-06-12T18:52:51.247062,11.533040,5.766520,101.327187,0.781393,0.776787
2026-06-12T18:52:51.257154,11.543143,5.771571,101.415944,0.785908,0.780058
2026-06-12T18:52:51.269896,11.553483,5.776742,101.506793,0.785908,0.781624
2026-06-12T18:52:51.278202,11.563551,5.781776,101.595249,0.788165,0.783374
2026-06-12T18:52:51.287752,11.573738,5.786869,101.684746,0.784940,0.784203
2026-06-12T18:52:51.297947,11.583924,5.791962,101.774241,0.786875,0.785217
2026-06-12T18:52:51.311532,11.594317,5.797158,101.865549,0.780426,0.784802
2026-06-12T18:52:51.320609,11.604515,5.802257,101.955148,0.781393,0.784802
2026-06-12T18:52:51.328867,11.614852,5.807426,102.045970,0.783651,0.784480
2026-06-12T18:52:51.339265,11.625246,5.812623,102.137287,0.782361,0.783973
2026-06-12T18:52:51.349312,11.635289,5.817644,102.225521,0.774622,0.782038
2026-06-12T18:52:51.361502,11.645622,5.822811,102.316308,0.776234,0.780795
2026-06-12T18:52:51.369795,11.655787,5.827894,102.405618,0.780749,0.779919
2026-06-12T18:52:51.380193,11.666215,5.833108,102.497233,0.782361,0.780196
2026-06-12T18:52:51.393778,11.676755,5.838378,102.589840,0.782038,0.780288
2026-06-12T18:52:51.403250,11.687120,5.843560,102.680900,0.781393,0.779966
2026-06-12T18:52:51.412771,11.697473,5.848737,102.771861,0.778814,0.779459
2026-06-12T18:52:51.421952,11.707932,5.853966,102.863754,0.770431,0.778860
2026-06-12T18:52:51.432472,11.718460,5.859230,102.956246,0.778492,0.779182
2026-06-12T18:52:51.444865,11.728957,5.864478,103.048471,0.779781,0.779044
2026-06-12T18:52:51.453162,11.739160,5.869580,103.138116,0.776557,0.778215
2026-06-12T18:52:51.463292,11.749271,5.874636,103.226949,0.776879,0.777478
2026-06-12T18:52:51.473590,11.759568,5.879784,103.317412,0.781716,0.777524
2026-06-12T18:52:51.486524,11.769947,5.884974,103.408606,0.778814,0.777524
2026-06-12T18:52:51.495087,11.780493,5.890246,103.501259,0.779136,0.778768
2026-06-12T18:52:51.504766,11.790743,5.895372,103.591314,0.778492,0.778768
2026-06-12T18:52:51.515253,11.801229,5.900615,103.683442,0.781393,0.778998
2026-06-12T18:52:51.528192,11.811506,5.905753,103.773735,0.780749,0.779597
2026-06-12T18:52:51.536450,11.821648,5.910824,103.862843,0.782038,0.780334
2026-06-12T18:52:51.546031,11.832022,5.916011,103.953985,0.780426,0.780150
2026-06-12T18:52:51.556398,11.842377,5.921189,104.044961,0.779781,0.780288
2026-06-12T18:52:51.569831,11.852704,5.926352,104.135690,0.778169,0.780150
2026-06-12T18:52:51.578562,11.863301,5.931650,104.228791,0.779781,0.780334
2026-06-12T18:52:51.587646,11.873626,5.936813,104.319509,0.779459,0.780058
2026-06-12T18:52:51.597971,11.883960,5.941980,104.410297,0.782683,0.780334
2026-06-12T18:52:51.611651,11.894472,5.947236,104.502661,0.782361,0.780380
2026-06-12T18:52:51.619971,11.904783,5.952392,104.593252,0.784295,0.780933
2026-06-12T18:52:51.629219,11.915192,5.957596,104.684702,0.785263,0.781716
2026-06-12T18:52:51.639689,11.925664,5.962832,104.776709,0.788810,0.783236
2026-06-12T18:52:51.653188,11.935801,5.967900,104.865763,0.793324,0.785171
2026-06-12T18:52:51.662611,11.946285,5.973142,104.957877,0.794613,0.787336
2026-06-12T18:52:51.670879,11.956858,5.978429,105.050768,0.795581,0.789178
2026-06-12T18:52:51.681004,11.966997,5.983499,105.139850,0.791389,0.790468
2026-06-12T18:52:51.691153,11.977142,5.988571,105.228983,0.781716,0.790099
2026-06-12T18:52:51.703053,11.987320,5.993660,105.318406,0.782361,0.789685
2026-06-12T18:52:51.712574,11.997460,5.998730,105.407491,0.784295,0.789040
2026-06-12T18:52:51.721889,12.007878,6.003939,105.499022,0.786552,0.788073
2026-06-12T18:52:51.731975,12.017957,6.008978,105.587571,0.787197,0.787013
2026-06-12T18:52:51.745569,12.028232,6.014116,105.677847,0.784940,0.785493
2026-06-12T18:52:51.754435,12.039295,6.019647,105.775043,0.786552,0.784802
2026-06-12T18:52:51.763816,12.049796,6.024898,105.867304,0.777524,0.784203
2026-06-12T18:52:51.773937,12.059921,6.029960,105.956258,0.782038,0.784157
2026-06-12T18:52:51.786428,12.070319,6.035159,106.047614,0.781393,0.783743
2026-06-12T18:52:51.795334,12.080880,6.040440,106.140405,0.773333,0.781854
2026-06-12T18:52:51.807068,12.091017,6.045508,106.229466,0.772043,0.779689
2026-06-12T18:52:51.815137,12.101118,6.050559,106.318215,0.780426,0.779044
2026-06-12T18:52:51.828075,12.111578,6.055789,106.410110,0.779781,0.778077
2026-06-12T18:52:51.837411,12.122432,6.061216,106.505475,0.783006,0.778860
2026-06-12T18:52:51.846501,12.132483,6.066241,106.593774,0.782038,0.778860
2026-06-12T18:52:51.856808,12.142791,6.071396,106.684346,0.778492,0.778445
2026-06-12T18:52:51.870346,12.152945,6.076473,106.773556,0.774945,0.778676
2026-06-12T18:52:51.878653,12.163315,6.081658,106.864666,0.783006,0.780242
2026-06-12T18:52:51.890446,12.173644,6.086822,106.955412,0.781393,0.780380
2026-06-12T18:52:51.897830,12.183805,6.091903,107.044687,0.781071,0.780564
2026-06-12T18:52:51.911402,12.194175,6.097088,107.135797,0.781071,0.780288
2026-06-12T18:52:51.920773,12.204300,6.102150,107.224753,0.784618,0.780656
2026-06-12T18:52:51.928788,12.214770,6.107385,107.316736,0.780426,0.780933
2026-06-12T18:52:51.939095,12.225079,6.112540,107.407315,0.784618,0.782315
2026-06-12T18:52:51.949339,12.235319,6.117659,107.497275,0.785585,0.782683
2026-06-12T18:52:51.962309,12.245667,6.122834,107.588195,0.783973,0.783052
2026-06-12T18:52:51.972174,12.255956,6.127978,107.678590,0.783328,0.783374
2026-06-12T18:52:51.980021,12.266001,6.133001,107.766845,0.785908,0.784065
2026-06-12T18:52:51.990267,12.276340,6.138170,107.857676,0.784940,0.784111
2026-06-12T18:52:52.003994,12.286808,6.143404,107.949653,0.784295,0.784664
2026-06-12T18:52:52.011839,12.297336,6.148668,108.042151,0.786552,0.784940
2026-06-12T18:52:52.022458,12.308329,6.154164,108.138726,0.783973,0.784710
2026-06-12T18:52:52.032805,12.318780,6.159390,108.230549,0.784940,0.784848
2026-06-12T18:52:52.044746,12.329064,6.164532,108.320907,0.783328,0.784848
2026-06-12T18:52:52.054599,12.339807,6.169904,108.415293,0.785263,0.784756
2026-06-12T18:52:52.064273,12.349848,6.174924,108.503512,0.784940,0.784756
2026-06-12T18:52:52.074185,12.360188,6.180094,108.594356,0.787520,0.785217
2026-06-12T18:52:52.087446,12.370581,6.185291,108.685667,0.786230,0.785171
2026-06-12T18:52:52.094745,12.380786,6.190393,108.775328,0.786552,0.785539
2026-06-12T18:52:52.105110,12.391091,6.195545,108.865857,0.784295,0.785447
2026-06-12T18:52:52.116669,12.401132,6.200566,108.954083,0.788810,0.786230
2026-06-12T18:52:52.125189,12.411174,6.205587,109.042311,0.784618,0.786138
2026-06-12T18:52:52.137515,12.421533,6.210766,109.133318,0.782683,0.785815
2026-06-12T18:52:52.145848,12.431838,6.215919,109.223861,0.785585,0.785539
2026-06-12T18:52:52.156297,12.442277,6.221139,109.315576,0.789777,0.786046
2026-06-12T18:52:52.166489,12.452473,6.226236,109.405150,0.786875,0.786092
2026-06-12T18:52:52.178112,12.462917,6.231458,109.496907,0.789132,0.786783
2026-06-12T18:52:52.187436,12.473432,6.236716,109.589290,0.787197,0.786552
2026-06-12T18:52:52.197577,12.483560,6.241780,109.678279,0.790744,0.787428
2026-06-12T18:52:52.207666,12.493653,6.246827,109.766953,0.789777,0.788441
2026-06-12T18:52:52.220443,12.503891,6.251946,109.856905,0.791389,0.789270
2026-06-12T18:52:52.228427,12.514770,6.257385,109.952484,0.788165,0.789040
2026-06-12T18:52:52.239099,12.525084,6.262542,110.043097,0.786875,0.789040
2026-06-12T18:52:52.249303,12.535278,6.267639,110.132658,0.785585,0.788533
2026-06-12T18:52:52.262801,12.545714,6.272857,110.224348,0.786230,0.788395
2026-06-12T18:52:52.270973,12.556533,6.278267,110.319406,0.777847,0.786552
2026-06-12T18:52:52.281702,12.567066,6.283533,110.411949,0.784618,0.785815
2026-06-12T18:52:52.291414,12.577397,6.288699,110.502713,0.789454,0.785539
2026-06-12T18:52:52.303851,12.587825,6.293912,110.594329,0.783973,0.784940
2026-06-12T18:52:52.312156,12.598131,6.299066,110.684879,0.787520,0.785032
2026-06-12T18:52:52.322234,12.608215,6.304107,110.773472,0.788165,0.785401
2026-06-12T18:52:52.332544,12.618526,6.309263,110.864059,0.788165,0.785677
2026-06-12T18:52:52.344755,12.628694,6.314347,110.953395,0.781393,0.786184
2026-06-12T18:52:52.354228,12.639236,6.319618,111.046020,0.785908,0.786368
2026-06-12T18:52:52.363491,12.649473,6.324737,111.135959,0.787842,0.786138
2026-06-12T18:52:52.373553,12.659543,6.329771,111.224431,0.789454,0.786921
2026-06-12T18:52:52.386929,12.669941,6.334970,111.315784,0.786230,0.786737
2026-06-12T18:52:52.394830,12.680479,6.340240,111.408373,0.787842,0.786691
2026-06-12T18:52:52.404731,12.690711,6.345356,111.498269,0.782361,0.785862
2026-06-12T18:52:52.416799,12.700769,6.350384,111.586633,0.783651,0.786184
2026-06-12T18:52:52.428071,12.710924,6.355462,111.675853,0.787520,0.786414
2026-06-12T18:52:52.437808,12.721333,6.360667,111.767307,0.789454,0.786645
2026-06-12T18:52:52.447827,12.731388,6.365694,111.855651,0.786552,0.786230
2026-06-12T18:52:52.455923,12.741904,6.370952,111.948040,0.789454,0.786691
2026-06-12T18:52:52.469757,12.752386,6.376193,112.040137,0.787520,0.786645
2026-06-12T18:52:52.478571,12.762639,6.381320,112.130216,0.785263,0.787059
2026-06-12T18:52:52.487415,12.773389,6.386694,112.224657,0.783973,0.787105
2026-06-12T18:52:52.500768,12.783720,6.391860,112.315428,0.787520,0.787105
2026-06-12T18:52:52.511788,12.794259,6.397129,112.408020,0.786230,0.786645
2026-06-12T18:52:52.521910,12.805097,6.402548,112.503239,0.787197,0.786737
2026-06-12T18:52:52.529748,12.815724,6.407862,112.596612,0.789454,0.786737
2026-06-12T18:52:52.540191,12.826167,6.413083,112.688355,0.791067,0.787243
2026-06-12T18:52:52.553408,12.836299,6.418149,112.777374,0.791711,0.788165
2026-06-12T18:52:52.562442,12.846897,6.423448,112.870485,0.791389,0.789224
2026-06-12T18:52:52.571262,12.857240,6.428620,112.961361,0.791067,0.789731
2026-06-12T18:52:52.581412,12.867384,6.433692,113.050486,0.791389,0.790468
2026-06-12T18:52:52.591912,12.877900,6.438950,113.142873,0.791067,0.791021
2026-06-12T18:52:52.603623,12.888133,6.444066,113.232779,0.790422,0.791159
2026-06-12T18:52:52.612448,12.898438,6.449219,113.323315,0.791389,0.791205
2026-06-12T18:52:52.623696,12.908991,6.454495,113.416035,0.791389,0.791159
2026-06-12T18:52:52.637663,12.919626,6.459813,113.509472,0.791067,0.791113
2026-06-12T18:52:52.644712,12.929724,6.464862,113.598195,0.781071,0.789685
2026-06-12T18:52:52.654247,12.940786,6.470393,113.695378,0.783006,0.788487
2026-06-12T18:52:52.664841,12.950825,6.475413,113.783582,0.786552,0.787842
2026-06-12T18:52:52.674884,12.960874,6.480437,113.871873,0.783328,0.786829
2026-06-12T18:52:52.687020,12.971427,6.485713,113.964587,0.787842,0.786322
2026-06-12T18:52:52.696069,12.982069,6.491034,114.058084,0.792034,0.786414
2026-06-12T18:52:52.706173,12.992160,6.496080,114.146744,0.773655,0.783927
2026-06-12T18:52:52.717235,13.002201,6.501101,114.234967,0.768818,0.782177
2026-06-12T18:52:52.728601,13.012591,6.506295,114.326246,0.781393,0.781946
2026-06-12T18:52:52.736654,13.023262,6.511631,114.420000,0.789777,0.782407
2026-06-12T18:52:52.747779,13.033761,6.516881,114.512244,0.790422,0.783420
2026-06-12T18:52:52.757861,13.043845,6.521922,114.600835,0.797515,0.784802
2026-06-12T18:52:52.770585,13.054224,6.527112,114.692029,0.797193,0.785539
2026-06-12T18:52:52.778498,13.064485,6.532242,114.782175,0.797193,0.788902
2026-06-12T18:52:52.788800,13.074800,6.537400,114.872802,0.797193,0.792955
2026-06-12T18:52:52.799033,13.085019,6.542510,114.962590,0.800417,0.795673
2026-06-12T18:52:52.812279,13.095627,6.547814,115.055788,0.797515,0.796778
2026-06-12T18:52:52.819731,13.105733,6.552866,115.144572,0.799450,0.798068
2026-06-12T18:52:52.830051,13.116038,6.558019,115.235112,0.802029,0.798713
2026-06-12T18:52:52.840401,13.126373,6.563186,115.325913,0.800095,0.799128
2026-06-12T18:52:52.853868,13.136831,6.568416,115.417797,0.795581,0.798897
2026-06-12T18:52:52.863313,13.147550,6.573775,115.511976,0.798160,0.799035
2026-06-12T18:52:52.871657,13.157633,6.578816,115.600557,0.799128,0.798851
2026-06-12T18:52:52.881734,13.167713,6.583856,115.689118,0.798160,0.798943
2026-06-12T18:52:52.891790,13.177764,6.588882,115.777426,0.799450,0.798943
2026-06-12T18:52:52.903071,13.187992,6.593996,115.867285,0.799128,0.798529
2026-06-12T18:52:52.912520,13.198498,6.599249,115.959589,0.788487,0.796870
2026-06-12T18:52:52.924253,13.209022,6.604511,116.052049,0.773655,0.793738
2026-06-12T18:52:52.936359,13.219157,6.609578,116.141098,0.789454,0.792495
2026-06-12T18:52:52.945101,13.229665,6.614833,116.233422,0.795581,0.791988
2026-06-12T18:52:52.953741,13.240090,6.620045,116.325007,0.801385,0.792448
2026-06-12T18:52:52.964599,13.250140,6.625070,116.413306,0.800740,0.792633
2026-06-12T18:52:52.974568,13.260548,6.630274,116.504749,0.800740,0.792863
2026-06-12T18:52:52.986236,13.270870,6.635435,116.595436,0.796548,0.794015
2026-06-12T18:52:52.995304,13.281275,6.640637,116.686853,0.798805,0.797607
2026-06-12T18:52:53.005581,13.291560,6.645780,116.777216,0.798483,0.798897
2026-06-12T18:52:53.017644,13.301610,6.650805,116.865516,0.799772,0.799496
2026-06-12T18:52:53.028541,13.311941,6.655970,116.956280,0.800740,0.799404
2026-06-12T18:52:53.036978,13.323186,6.661593,117.055074,0.802352,0.799634
2026-06-12T18:52:53.047632,13.333624,6.666812,117.146781,0.799128,0.799404
2026-06-12T18:52:53.057799,13.343788,6.671894,117.236085,0.801062,0.800049
2026-06-12T18:52:53.071405,13.354381,6.677191,117.329154,0.798805,0.800049
2026-06-12T18:52:53.078656,13.364654,6.682327,117.419408,0.801062,0.800417
2026-06-12T18:52:53.090515,13.375304,6.687652,117.512974,0.791389,0.799220
2026-06-12T18:52:53.099404,13.385385,6.692693,117.601547,0.797838,0.798805
2026-06-12T18:52:53.112365,13.395669,6.697835,117.691903,0.799128,0.798344
2026-06-12T18:52:53.119746,13.405755,6.702877,117.780510,0.799450,0.798391
2026-06-12T18:52:53.130218,13.416193,6.708097,117.872222,0.799772,0.798206
2026-06-12T18:52:53.141961,13.426776,6.713388,117.965205,0.799128,0.798252
2026-06-12T18:52:53.153071,13.437130,6.718565,118.056171,0.802674,0.798483
2026-06-12T18:52:53.162512,13.447847,6.723924,118.150328,0.802029,0.800003
2026-06-12T18:52:53.172129,13.458109,6.729054,118.240486,0.803319,0.800786
2026-06-12T18:52:53.182240,13.468215,6.734108,118.329279,0.798483,0.800694
2026-06-12T18:52:53.195581,13.478493,6.739247,118.419580,0.798483,0.800555
2026-06-12T18:52:53.203893,13.489032,6.744516,118.512166,0.800417,0.800648
2026-06-12T18:52:53.213581,13.499561,6.749780,118.604675,0.806221,0.801661
2026-06-12T18:52:53.224087,13.509603,6.754801,118.692899,0.804931,0.801983
2026-06-12T18:52:53.236379,13.520214,6.760107,118.786129,0.807511,0.802766
2026-06-12T18:52:53.244702,13.530680,6.765340,118.878079,0.804287,0.802905
2026-06-12T18:52:53.254801,13.540783,6.770391,118.966844,0.800417,0.803181
2026-06-12T18:52:53.264842,13.550828,6.775414,119.055098,0.804609,0.804056
2026-06-12T18:52:53.278657,13.561184,6.780592,119.146084,0.807833,0.805116
2026-06-12T18:52:53.287431,13.571737,6.785868,119.238801,0.809123,0.805530
2026-06-12T18:52:53.295948,13.581928,6.790964,119.328333,0.810413,0.806313
2026-06-12T18:52:53.306397,13.592375,6.796188,119.420125,0.811058,0.806820
2026-06-12T18:52:53.318204,13.602678,6.801339,119.510644,0.809446,0.807557
2026-06-12T18:52:53.328747,13.612731,6.806366,119.598968,0.799772,0.807465
2026-06-12T18:52:53.336984,13.623069,6.811534,119.689794,0.798160,0.806544
2026-06-12T18:52:53.347333,13.633683,6.816841,119.783043,0.804931,0.806129
2026-06-12T18:52:53.357916,13.643900,6.821950,119.872817,0.807833,0.805945
2026-06-12T18:52:53.370603,13.654103,6.827051,119.962452,0.810735,0.805991
2026-06-12T18:52:53.378252,13.664245,6.832122,120.051559,0.812992,0.806267
2026-06-12T18:52:53.388480,13.674465,6.837232,120.141348,0.809446,0.806267
2026-06-12T18:52:53.403924,13.685827,6.842914,120.241178,0.811058,0.807879
2026-06-12T18:52:53.413071,13.696339,6.848169,120.333528,0.812670,0.809952
2026-06-12T18:52:53.420776,13.706768,6.853384,120.425163,0.811380,0.810873
2026-06-12T18:52:53.431166,13.717146,6.858573,120.516341,0.812025,0.811472
2026-06-12T18:52:53.441524,13.727514,6.863757,120.607433,0.812347,0.811703
2026-06-12T18:52:53.453980,13.738257,6.869128,120.701812,0.812992,0.811703
2026-06-12T18:52:53.462557,13.748537,6.874269,120.792137,0.810735,0.811887
2026-06-12T18:52:53.472882,13.758865,6.879433,120.882877,0.813960,0.812301
2026-06-12T18:52:53.483131,13.769123,6.884562,120.973001,0.813637,0.812440
2026-06-12T18:52:53.494741,13.779549,6.889775,121.064602,0.812347,0.812578
2026-06-12T18:52:53.504238,13.790229,6.895115,121.158436,0.814605,0.812946
2026-06-12T18:52:53.517290,13.800268,6.900134,121.246630,0.818151,0.813775
2026-06-12T18:52:53.524453,13.810435,6.905218,121.335962,0.810090,0.813361
2026-06-12T18:52:53.537032,13.820882,6.910441,121.427743,0.810413,0.813315
2026-06-12T18:52:53.545645,13.831636,6.915818,121.522227,0.813960,0.813315
2026-06-12T18:52:53.556090,13.842072,6.921036,121.613918,0.820408,0.814282
2026-06-12T18:52:53.566128,13.852115,6.926057,121.702148,0.822021,0.815664
2026-06-12T18:52:53.578561,13.862570,6.931285,121.794004,0.826535,0.817368
2026-06-12T18:52:53.587592,13.873063,6.936531,121.886193,0.816862,0.817184
2026-06-12T18:52:53.597222,13.883208,6.941604,121.975332,0.786875,0.813868
2026-06-12T18:52:53.607295,13.893280,6.946640,122.063821,0.793324,0.811426
2026-06-12T18:52:53.620334,13.903677,6.951839,122.155169,0.815249,0.811610
2026-06-12T18:52:53.628525,13.914114,6.957057,122.246866,0.819763,0.811518
2026-06-12T18:52:53.638545,13.924529,6.962264,122.338366,0.827824,0.812347
2026-06-12T18:52:53.648606,13.934588,6.967294,122.426742,0.830404,0.812900
2026-06-12T18:52:53.661425,13.944698,6.972349,122.515569,0.819763,0.813315
2026-06-12T18:52:53.672369,13.954944,6.977472,122.605591,0.815249,0.817368
2026-06-12T18:52:53.679014,13.964991,6.982495,122.693856,0.828147,0.822343
2026-06-12T18:52:53.689469,13.975455,6.987728,122.785798,0.832339,0.824784
2026-06-12T18:52:53.703330,13.985768,6.992884,122.876405,0.835240,0.826995
2026-06-12T18:52:53.712114,13.996466,6.998233,122.970395,0.837175,0.828331
2026-06-12T18:52:53.720910,14.006891,7.003446,123.061987,0.838142,0.829437
2026-06-12T18:52:53.731445,14.017430,7.008715,123.154581,0.821376,0.829667
2026-06-12T18:52:53.741695,14.027681,7.013840,123.244639,0.821698,0.830588
2026-06-12T18:52:53.754315,14.038490,7.019245,123.339604,0.833951,0.831417
2026-06-12T18:52:53.762954,14.048942,7.024471,123.431436,0.836530,0.832016
2026-06-12T18:52:53.773917,14.059198,7.029599,123.521547,0.837175,0.832292
2026-06-12T18:52:53.786891,14.069420,7.034710,123.611350,0.832983,0.831694
2026-06-12T18:52:53.794789,14.079671,7.039835,123.701415,0.834596,0.831187
2026-06-12T18:52:53.807230,14.089999,7.045000,123.792160,0.826212,0.831878
2026-06-12T18:52:53.814302,14.100273,7.050137,123.882422,0.835240,0.833813
2026-06-12T18:52:53.824525,14.110510,7.055255,123.972366,0.839110,0.834550
2026-06-12T18:52:53.837437,14.121036,7.060518,124.064840,0.832339,0.833951
2026-06-12T18:52:53.845390,14.131371,7.065686,124.155645,0.838142,0.834089
2026-06-12T18:52:53.855501,14.141483,7.070741,124.244484,0.844591,0.835747
2026-06-12T18:52:53.865539,14.151530,7.075765,124.332760,0.842334,0.836853
2026-06-12T18:52:53.878863,14.161625,7.080812,124.421445,0.844914,0.839524
2026-06-12T18:52:53.890051,14.172113,7.086056,124.513591,0.845881,0.841044
2026-06-12T18:52:53.896682,14.182674,7.091337,124.606383,0.842979,0.841597
2026-06-12T18:52:53.907168,14.193152,7.096576,124.698439,0.842979,0.843117
2026-06-12T18:52:53.919686,14.203274,7.101637,124.787366,0.851362,0.845006
2026-06-12T18:52:53.928533,14.213469,7.106735,124.876946,0.851040,0.845927
2026-06-12T18:52:53.937630,14.223607,7.111804,124.966013,0.853619,0.847539
2026-06-12T18:52:53.947872,14.233848,7.116924,125.055986,0.853297,0.848737
2026-06-12T18:52:53.961505,14.244121,7.122061,125.146247,0.858134,0.850487
2026-06-12T18:52:53.970823,14.255004,7.127502,125.241862,0.855232,0.852238
2026-06-12T18:52:53.979210,14.265192,7.132596,125.331372,0.861358,0.854863
2026-06-12T18:52:53.989519,14.275489,7.137745,125.421841,0.863293,0.856567
2026-06-12T18:52:53.999562,14.285538,7.142769,125.510126,0.864260,0.858456
2026-06-12T18:52:54.012835,14.295802,7.147901,125.600309,0.865227,0.860114
2026-06-12T18:52:54.020160,14.306133,7.153067,125.691071,0.867162,0.862095
2026-06-12T18:52:54.030325,14.316305,7.158153,125.780440,0.865550,0.863154
2026-06-12T18:52:54.040375,14.326365,7.163183,125.868829,0.866194,0.864720
2026-06-12T18:52:54.053397,14.336770,7.168385,125.960242,0.868774,0.865780
2026-06-12T18:52:54.061884,14.347098,7.173549,126.050983,0.869419,0.866655
2026-06-12T18:52:54.071363,14.357343,7.178671,126.140988,0.866194,0.866931
2026-06-12T18:52:54.081445,14.367425,7.183713,126.229573,0.867162,0.867208
2026-06-12T18:52:54.094860,14.377763,7.188882,126.320402,0.871353,0.867807
2026-06-12T18:52:54.103166,14.387909,7.193954,126.409535,0.872321,0.868774
2026-06-12T18:52:54.112808,14.398243,7.199121,126.500330,0.873933,0.869879
2026-06-12T18:52:54.122523,14.408504,7.204252,126.590479,0.873611,0.870570
2026-06-12T18:52:54.132737,14.418716,7.209358,126.680204,0.861680,0.869465
2026-06-12T18:52:54.144765,14.428953,7.214477,126.770147,0.860068,0.868590
2026-06-12T18:52:54.154499,14.439534,7.219767,126.863105,0.873611,0.869511
2026-06-12T18:52:54.164425,14.449797,7.224899,126.953279,0.877480,0.870386
2026-06-12T18:52:54.174301,14.460272,7.230136,127.045309,0.874900,0.870755
2026-06-12T18:52:54.187420,14.470383,7.235192,127.134143,0.870386,0.870248
2026-06-12T18:52:54.195203,14.480738,7.240369,127.225117,0.878125,0.870893
2026-06-12T18:52:54.205207,14.491191,7.245596,127.316957,0.874900,0.872781
2026-06-12T18:52:54.215606,14.501612,7.250806,127.408512,0.877157,0.875223
2026-06-12T18:52:54.228051,14.511655,7.255827,127.496745,0.879414,0.876052
2026-06-12T18:52:54.237223,14.521736,7.260868,127.585319,0.882639,0.876789
2026-06-12T18:52:54.246859,14.532241,7.266121,127.677616,0.881994,0.877802
2026-06-12T18:52:54.256795,14.542770,7.271385,127.770117,0.887153,0.880197
2026-06-12T18:52:54.271475,14.553368,7.276684,127.863237,0.885218,0.881211
2026-06-12T18:52:54.278106,14.564459,7.282230,127.960677,0.887798,0.883053
2026-06-12T18:52:54.288611,14.574597,7.287299,128.049748,0.887798,0.884573
2026-06-12T18:52:54.298891,14.584887,7.292443,128.140148,0.893924,0.886646
2026-06-12T18:52:54.312045,14.595278,7.297639,128.231447,0.895214,0.888443
2026-06-12T18:52:54.320875,14.605800,7.302900,128.323891,0.900695,0.891114
2026-06-12T18:52:54.330002,14.615989,7.307994,128.413405,0.901340,0.893141
2026-06-12T18:52:54.340191,14.626171,7.313086,128.502869,0.894891,0.894523
2026-06-12T18:52:54.353757,14.636475,7.318238,128.593398,0.897471,0.895905
2026-06-12T18:52:54.361758,14.647897,7.323948,128.693746,0.900373,0.897701
2026-06-12T18:52:54.372830,14.658301,7.329150,128.785153,0.902307,0.898899
2026-06-12T18:52:54.382641,14.668625,7.334313,128.875859,0.901340,0.899774
2026-06-12T18:52:54.394994,14.678816,7.339408,128.965392,0.906177,0.900557
2026-06-12T18:52:54.405459,14.689194,7.344597,129.056572,0.902952,0.900787
2026-06-12T18:52:54.413272,14.699265,7.349633,129.145057,0.891345,0.900281
2026-06-12T18:52:54.423553,14.709527,7.354763,129.235214,0.898761,0.900465
2026-06-12T18:52:54.436417,14.719638,7.359819,129.324046,0.906177,0.901294
2026-06-12T18:52:54.447281,14.729877,7.364939,129.414011,0.891667,0.899774
2026-06-12T18:52:54.454349,14.740323,7.370162,129.505785,0.872966,0.895721
2026-06-12T18:52:54.464793,14.750859,7.375429,129.598350,0.884573,0.892634
2026-06-12T18:52:54.478508,14.761179,7.380590,129.689023,0.905854,0.893049
2026-06-12T18:52:54.487372,14.771665,7.385833,129.781154,0.909401,0.895628
2026-06-12T18:52:54.496354,14.782337,7.391169,129.874915,0.913915,0.897793
2026-06-12T18:52:54.506417,14.792401,7.396201,129.963334,0.912948,0.898761
2026-06-12T18:52:54.519711,14.802671,7.401335,130.053563,0.915205,0.902123
2026-06-12T18:52:54.531122,14.813454,7.406727,130.148302,0.914238,0.908019
2026-06-12T18:52:54.537976,14.823958,7.411979,130.240584,0.914560,0.912303
2026-06-12T18:52:54.548177,14.834159,7.417080,130.330212,0.887798,0.909723
2026-06-12T18:52:54.562038,14.844271,7.422136,130.419057,0.888120,0.906683
2026-06-12T18:52:54.572048,14.854362,7.427181,130.507708,0.903920,0.905255
2026-06-12T18:52:54.578558,14.864542,7.432271,130.597153,0.917462,0.905900
2026-06-12T18:52:54.588894,14.874871,7.437436,130.687902,0.921009,0.906729
2026-06-12T18:52:54.599276,14.885255,7.442628,130.779132,0.924878,0.908249
2026-06-12T18:52:54.612286,14.895667,7.447833,130.870606,0.922299,0.909355
2026-06-12T18:52:54.620205,14.905956,7.452978,130.961004,0.923588,0.914468
2026-06-12T18:52:54.630272,14.916259,7.458129,131.051525,0.926490,0.919949
2026-06-12T18:52:54.640724,14.926714,7.463357,131.143385,0.923266,0.922713
2026-06-12T18:52:54.653467,14.937066,7.468533,131.234336,0.906499,0.921147
2026-06-12T18:52:54.662496,14.947533,7.473767,131.326296,0.919719,0.920963
2026-06-12T18:52:54.671806,14.957783,7.478891,131.416348,0.931004,0.921838
2026-06-12T18:52:54.681938,14.967918,7.483959,131.505394,0.928747,0.922759
2026-06-12T18:52:54.695462,14.978193,7.489096,131.595665,0.933584,0.924187
2026-06-12T18:52:54.703166,14.988447,7.494224,131.685758,0.937776,0.925799
2026-06-12T18:52:54.713222,14.998577,7.499289,131.774761,0.929392,0.926674
2026-06-12T18:52:54.723024,15.009010,7.504505,131.866419,0.926168,0.929484
2026-06-12T18:52:54.737097,15.019521,7.509760,131.958764,0.940355,0.932432
2026-06-12T18:52:54.744779,15.029845,7.514922,132.049468,0.940033,0.933722
2026-06-12T18:52:54.754134,15.040118,7.520059,132.139724,0.940677,0.935426
2026-06-12T18:52:54.764610,15.050582,7.525291,132.231660,0.939710,0.936302
2026-06-12T18:52:54.775046,15.061018,7.530509,132.323357,0.942935,0.937039
2026-06-12T18:52:54.787159,15.071525,7.535762,132.415664,0.929715,0.937085
2026-06-12T18:52:54.795619,15.081604,7.540802,132.504218,0.941000,0.939203
2026-06-12T18:52:54.805855,15.091833,7.545916,132.594086,0.942935,0.939572
2026-06-12T18:52:54.815890,15.101879,7.550940,132.682350,0.942935,0.939987
2026-06-12T18:52:54.829121,15.111924,7.555962,132.770605,0.931972,0.938743
2026-06-12T18:52:54.837462,15.122004,7.561002,132.859167,0.938743,0.938605
2026-06-12T18:52:54.846281,15.132257,7.566129,132.949249,0.942290,0.938513
2026-06-12T18:52:54.859264,15.142323,7.571161,133.037681,0.948738,0.941230
2026-06-12T18:52:54.866675,15.152690,7.576345,133.128768,0.948738,0.942336
2026-06-12T18:52:54.878035,15.162753,7.581377,133.217181,0.952285,0.943672
2026-06-12T18:52:54.888380,15.173083,7.586542,133.307935,0.950028,0.944685
2026-06-12T18:52:54.897321,15.183333,7.591666,133.397988,0.953897,0.947817
2026-06-12T18:52:54.907831,15.193810,7.596905,133.490035,0.953897,0.949982
2026-06-12T18:52:54.920474,15.204273,7.602137,133.581965,0.949383,0.950995
2026-06-12T18:52:54.928735,15.214706,7.607353,133.673630,0.939710,0.949706
2026-06-12T18:52:54.938939,15.224914,7.612457,133.763310,0.956477,0.950811
2026-06-12T18:52:54.949358,15.235329,7.617665,133.854819,0.960024,0.951917
2026-06-12T18:52:54.962197,15.245673,7.622837,133.945699,0.960991,0.953483
2026-06-12T18:52:54.970495,15.256483,7.628241,134.040670,0.962926,0.954773
2026-06-12T18:52:54.980716,15.266707,7.633354,134.130498,0.966795,0.956615
2026-06-12T18:52:54.990849,15.276831,7.638415,134.219441,0.966150,0.959010
2026-06-12T18:52:55.003859,15.286971,7.643485,134.308531,0.967762,0.963018
2026-06-12T18:52:55.011380,15.297417,7.648708,134.400308,0.968407,0.964722
2026-06-12T18:52:55.021781,15.307783,7.653891,134.491383,0.947771,0.962972
2026-06-12T18:52:55.032021,15.317992,7.658996,134.581079,0.939388,0.959886
2026-06-12T18:52:55.044732,15.328170,7.664085,134.670499,0.951640,0.958273
2026-06-12T18:52:55.053917,15.339197,7.669598,134.767380,0.959701,0.957260
2026-06-12T18:52:55.063302,15.349281,7.674640,134.855975,0.958089,0.956108
2026-06-12T18:52:55.074212,15.359663,7.679832,134.947196,0.966150,0.955878
2026-06-12T18:52:55.088384,15.370994,7.685497,135.046741,0.959701,0.954634
2026-06-12T18:52:55.095460,15.381439,7.690720,135.138514,0.943257,0.953990
2026-06-12T18:52:55.109120,15.391994,7.695997,135.231243,0.951963,0.955786
2026-06-12T18:52:55.116047,15.402031,7.701016,135.319431,0.966150,0.957859
2026-06-12T18:52:55.128717,15.412339,7.706170,135.409997,0.964215,0.958504
2026-06-12T18:52:55.137403,15.422990,7.711495,135.503569,0.950351,0.957398
2026-06-12T18:52:55.147362,15.433343,7.716671,135.594530,0.948416,0.954865
2026-06-12T18:52:55.157793,15.443776,7.721888,135.686197,0.932939,0.951042
2026-06-12T18:52:55.169736,15.454275,7.727138,135.778440,0.933584,0.949660
2026-06-12T18:52:55.178938,15.464916,7.732458,135.871929,0.961313,0.950995
2026-06-12T18:52:55.189251,15.475228,7.737614,135.962526,0.963893,0.950673
2026-06-12T18:52:55.199438,15.485503,7.742751,136.052797,0.962281,0.950397
2026-06-12T18:52:55.211915,15.495779,7.747890,136.143085,0.970019,0.953206
2026-06-12T18:52:55.220782,15.505955,7.752977,136.232486,0.966472,0.955786
2026-06-12T18:52:55.230274,15.516244,7.758122,136.322883,0.962281,0.959978
2026-06-12T18:52:55.240553,15.526535,7.763267,136.413297,0.966795,0.964722
2026-06-12T18:52:55.253629,15.536838,7.768419,136.503821,0.970987,0.966104
2026-06-12T18:52:55.262352,15.547230,7.773615,136.595118,0.967762,0.966657
2026-06-12T18:52:55.271771,15.557744,7.778872,136.687498,0.981627,0.969420
2026-06-12T18:52:55.281960,15.567939,7.783969,136.777064,0.986141,0.971724
2026-06-12T18:52:55.294912,15.578101,7.789050,136.866347,0.989043,0.974948
2026-06-12T18:52:55.303900,15.588448,7.794224,136.957259,0.985496,0.978264
2026-06-12T18:52:55.313259,15.598729,7.799364,137.047582,0.990655,0.981673
2026-06-12T18:52:55.323112,15.609096,7.804548,137.138661,0.991300,0.984575
2026-06-12T18:52:55.336375,15.619288,7.809644,137.228207,0.994847,0.988444
2026-06-12T18:52:55.345016,15.629419,7.814709,137.317219,0.995169,0.990379
2026-06-12T18:52:55.354159,15.639532,7.819766,137.406074,0.998071,0.992083
2026-06-12T18:52:55.364061,15.650038,7.825019,137.498374,0.992267,0.992544
2026-06-12T18:52:55.374176,15.660150,7.830075,137.587212,0.997104,0.994202
2026-06-12T18:52:55.386959,15.670396,7.835198,137.677240,0.996459,0.995031
2026-06-12T18:52:55.394731,15.680761,7.840380,137.768299,0.992267,0.995169
2026-06-12T18:52:55.404861,15.690851,7.845426,137.856950,0.985819,0.993880
2026-06-12T18:52:55.414909,15.700889,7.850444,137.945139,0.996782,0.994110
2026-06-12T18:52:55.428041,15.711192,7.855596,138.035665,0.993557,0.993465
2026-06-12T18:52:55.437985,15.723842,7.861921,138.146803,0.998394,0.994340
2026-06-12T18:52:55.448307,15.734279,7.867140,138.238501,1.003553,0.995261
2026-06-12T18:52:55.458360,15.744357,7.872178,138.327043,1.008067,0.996920
2026-06-12T18:52:55.469681,15.754828,7.877414,138.419040,0.998394,0.997795
2026-06-12T18:52:55.479162,15.765138,7.882569,138.509625,1.008389,1.001019
2026-06-12T18:52:55.489630,15.775609,7.887804,138.601616,1.008389,1.002678
2026-06-12T18:52:55.503465,15.786096,7.893048,138.693759,1.008067,1.004750
2026-06-12T18:52:55.512591,15.796153,7.898077,138.782117,1.013226,1.006869
2026-06-12T18:52:55.521463,15.806423,7.903211,138.872344,1.018385,1.008988
2026-06-12T18:52:55.530709,15.816689,7.908344,138.962539,1.010969,1.009403
2026-06-12T18:52:55.541045,15.827029,7.913515,139.053387,1.015805,1.011890
2026-06-12T18:52:55.554058,15.837337,7.918668,139.143946,1.021932,1.013825
2026-06-12T18:52:55.562003,15.847981,7.923990,139.237465,1.023544,1.015990
2026-06-12T18:52:55.572529,15.858518,7.929259,139.330038,1.023221,1.018155
2026-06-12T18:52:55.582642,15.868628,7.934314,139.418870,1.024511,1.019767
2026-06-12T18:52:55.594654,15.878677,7.939338,139.507151,1.025478,1.020780
2026-06-12T18:52:55.603050,15.889547,7.944773,139.602657,0.980337,1.016404
2026-06-12T18:52:55.614155,15.900145,7.950073,139.695771,1.006132,1.015022
2026-06-12T18:52:55.624630,15.910606,7.955303,139.787681,1.021932,1.015022
2026-06-12T18:52:55.637099,15.920642,7.960321,139.875851,1.021287,1.014700
2026-06-12T18:52:55.644708,15.930732,7.965366,139.964497,1.025156,1.014976
2026-06-12T18:52:55.654954,15.940931,7.970465,140.054104,1.031282,1.015944
2026-06-12T18:52:55.664993,15.950978,7.975489,140.142382,1.029993,1.016588
2026-06-12T18:52:55.678049,15.961301,7.980650,140.233071,1.033539,1.024189
2026-06-12T18:52:55.686970,15.972089,7.986044,140.327854,1.037086,1.028611
2026-06-12T18:52:55.696287,15.982291,7.991145,140.417485,1.032895,1.030177
2026-06-12T18:52:55.706804,15.992793,7.996396,140.509757,1.024511,1.030637
2026-06-12T18:52:55.719695,16.003277,8.001638,140.601867,1.034829,1.032019
2026-06-12T18:52:55.728318,16.014609,8.007305,140.701429,1.040311,1.033309
2026-06-12T18:52:55.739067,16.025058,8.012529,140.793232,1.044825,1.035428
2026-06-12T18:52:55.749326,16.035307,8.017653,140.883273,1.046114,1.037224
2026-06-12T18:52:55.762195,16.045642,8.022821,140.974074,1.049016,1.038929
2026-06-12T18:52:55.770105,16.056423,8.028212,141.068799,1.034507,1.039159
2026-06-12T18:52:55.781020,16.067000,8.033500,141.161724,1.035796,1.040771
2026-06-12T18:52:55.791500,16.077483,8.038742,141.253830,1.048049,1.042660
2026-06-12T18:52:55.803659,16.087924,8.043962,141.345556,1.052241,1.044364
2026-06-12T18:52:55.813248,16.098465,8.049232,141.438169,1.054175,1.045700
2026-06-12T18:52:55.822571,16.108565,8.054282,141.526908,1.055465,1.047036
2026-06-12T18:52:55.832786,16.118769,8.059384,141.616557,1.054175,1.047773
2026-06-12T18:52:55.844696,16.128902,8.064451,141.705582,1.005487,1.043627
2026-06-12T18:52:55.854598,16.139710,8.069855,141.800545,0.982272,1.035981
2026-06-12T18:52:55.864598,16.150032,8.075016,141.891233,1.031927,1.033678
2026-06-12T18:52:55.874208,16.160194,8.080097,141.980507,1.052241,1.033678
2026-06-12T18:52:55.887641,16.170626,8.085313,142.072161,1.056755,1.034046
2026-06-12T18:52:55.897400,16.180736,8.090368,142.160994,1.060624,1.034783
2026-06-12T18:52:55.905068,16.191049,8.095525,142.251601,1.000328,1.027091
2026-06-12T18:52:55.918504,16.201098,8.100549,142.339883,1.010646,1.027828
2026-06-12T18:52:55.928050,16.211303,8.105651,142.429544,1.044502,1.036718
2026-06-12T18:52:55.936362,16.221913,8.110957,142.522765,1.022254,1.035336
2026-06-12T18:52:55.946333,16.232318,8.116159,142.614184,1.026446,1.031651
2026-06-12T18:52:55.959015,16.242777,8.121388,142.706067,1.058045,1.031835
2026-06-12T18:52:55.967297,16.253276,8.126638,142.798315,1.037086,1.028473
2026-06-12T18:52:55.978344,16.263475,8.131737,142.887918,1.032895,1.033125
2026-06-12T18:52:55.987944,16.273915,8.136958,142.979647,1.055788,1.039574
2026-06-12T18:52:55.998209,16.284192,8.142096,143.069935,1.067395,1.042844
2026-06-12T18:52:56.011685,16.294711,8.147355,143.162353,1.037086,1.044963
2026-06-12T18:52:56.021688,16.304977,8.152488,143.252547,1.046114,1.047773
2026-06-12T18:52:56.029250,16.315235,8.157617,143.342670,1.067395,1.049109
2026-06-12T18:52:56.039363,16.325345,8.162673,143.431499,1.074811,1.054498
2026-06-12T18:52:56.049713,16.335699,8.167849,143.522466,1.059012,1.058229
2026-06-12T18:52:56.062436,16.345751,8.172876,143.610784,1.070620,1.060348
2026-06-12T18:52:56.070411,16.356383,8.178192,143.704193,1.058367,1.059058
2026-06-12T18:52:56.080845,16.366822,8.183411,143.795906,0.998071,1.053484
2026-06-12T18:52:56.091185,16.377164,8.188582,143.886770,1.016773,1.049293
2026-06-12T18:52:56.104003,16.387513,8.193757,143.977698,1.061591,1.048464
2026-06-12T18:52:56.111998,16.397975,8.198988,144.069613,1.074489,1.048418
2026-06-12T18:52:56.122428,16.408412,8.204206,144.161307,1.079648,1.051366
2026-06-12T18:52:56.136370,16.418919,8.209460,144.253626,1.085774,1.053531
2026-06-12T18:52:56.146064,16.429196,8.214598,144.343913,1.077713,1.056294
2026-06-12T18:52:56.156997,16.440030,8.220015,144.439097,1.085774,1.068823
2026-06-12T18:52:56.167744,16.450373,8.225186,144.529969,1.090288,1.079325
2026-06-12T18:52:56.178033,16.460818,8.230409,144.621738,1.084162,1.082550
2026-06-12T18:52:56.186999,16.471301,8.235650,144.713841,1.082872,1.083747
2026-06-12T18:52:56.195848,16.481821,8.240911,144.806270,1.091578,1.085452
2026-06-12T18:52:56.206093,16.492066,8.246033,144.896280,1.084807,1.085314
2026-06-12T18:52:56.216255,16.502237,8.251118,144.985637,1.089321,1.086972
2026-06-12T18:52:56.228373,16.512625,8.256312,145.076903,1.095770,1.088400
2026-06-12T18:52:56.237855,16.523331,8.261665,145.170965,1.097382,1.089413
2026-06-12T18:52:56.247883,16.533897,8.266949,145.263799,1.094480,1.090887
2026-06-12T18:52:56.258239,16.544216,8.272108,145.354458,1.097704,1.093006
2026-06-12T18:52:56.269969,16.555001,8.277501,145.449214,1.098349,1.093973
2026-06-12T18:52:56.279323,16.565296,8.282648,145.539660,1.103831,1.096691
2026-06-12T18:52:56.289521,16.575509,8.287755,145.629394,1.105120,1.098948
2026-06-12T18:52:56.303302,16.586017,8.293009,145.721718,1.107700,1.100652
2026-06-12T18:52:56.312247,16.596181,8.298091,145.811014,1.101574,1.101251
2026-06-12T18:52:56.321800,16.606402,8.303201,145.900817,1.096092,1.101482
2026-06-12T18:52:56.330721,16.616704,8.308352,145.991323,1.102541,1.102172
2026-06-12T18:52:56.341197,16.627182,8.313591,146.083382,1.096092,1.101850
2026-06-12T18:52:56.353083,16.637912,8.318956,146.177656,1.027413,1.090933
2026-06-12T18:52:56.363281,16.648571,8.324285,146.271298,1.046437,1.082550
2026-06-12T18:52:56.372850,16.658837,8.329419,146.361499,1.087709,1.079694
2026-06-12T18:52:56.386345,16.669136,8.334568,146.451984,1.098349,1.079233
2026-06-12T18:52:56.394761,16.679530,8.339765,146.543304,1.105765,1.080615
2026-06-12T18:52:56.404176,16.690572,8.345286,146.640316,1.105443,1.081030
2026-06-12T18:52:56.414627,16.700607,8.350304,146.728485,1.091901,1.080431
2026-06-12T18:52:56.428010,16.710920,8.355460,146.819086,1.084807,1.088630
2026-06-12T18:52:56.437207,16.721531,8.360766,146.912318,1.104476,1.096921
2026-06-12T18:52:56.445818,16.731798,8.365899,147.002518,1.098994,1.098534
2026-06-12T18:52:56.456136,16.742118,8.371059,147.093191,1.048694,1.091440
2026-06-12T18:52:56.466377,16.752360,8.376180,147.183171,1.068685,1.086143
2026-06-12T18:52:56.478180,16.762653,8.381327,147.273609,1.101251,1.085544
2026-06-12T18:52:56.487424,16.772726,8.386363,147.362107,1.103508,1.087202
2026-06-12T18:52:56.500087,16.783183,8.391592,147.453981,1.098027,1.089091
2026-06-12T18:52:56.507295,16.793272,8.396636,147.542619,1.102863,1.088860
2026-06-12T18:52:56.519653,16.804143,8.402072,147.638130,1.098672,1.088814
2026-06-12T18:52:56.528666,16.814647,8.407324,147.730417,1.092868,1.095125
2026-06-12T18:52:56.538842,16.824823,8.412412,147.819823,1.104476,1.100238
2026-06-12T18:52:56.549234,16.835308,8.417654,147.911941,1.104476,1.100698
2026-06-12T18:52:56.561358,16.845825,8.422912,148.004336,1.100606,1.100284
2026-06-12T18:52:56.570686,16.856084,8.428042,148.094473,1.106410,1.101482
2026-06-12T18:52:56.580526,16.866532,8.433266,148.186266,1.102541,1.101435
2026-06-12T18:52:56.590968,16.876941,8.438470,148.277719,1.083517,1.099271
2026-06-12T18:52:56.603044,16.887301,8.443650,148.368739,1.063204,1.095033
2026-06-12T18:52:56.611374,16.897461,8.448730,148.458004,1.090933,1.093098
2026-06-12T18:52:56.621917,16.907904,8.453952,148.549756,1.110602,1.093973
2026-06-12T18:52:56.634253,16.918230,8.459115,148.640476,1.122855,1.097152
2026-06-12T18:52:56.645344,16.928424,8.464212,148.730039,1.120275,1.099132
2026-06-12T18:52:56.653403,16.938897,8.469449,148.822058,1.098672,1.098580
2026-06-12T18:52:56.664526,16.949284,8.474642,148.913315,1.110924,1.102495
2026-06-12T18:52:56.673562,16.959615,8.479807,149.004076,1.126724,1.111569
2026-06-12T18:52:56.687168,16.970142,8.485071,149.096563,1.126079,1.116590
2026-06-12T18:52:56.697595,16.980507,8.490253,149.187630,1.116406,1.117419
2026-06-12T18:52:56.705032,16.991065,8.495533,149.280396,1.122855,1.117419
2026-06-12T18:52:56.715410,17.001388,8.500694,149.371086,1.097704,1.114195
2026-06-12T18:52:56.728036,17.011523,8.505761,149.460132,0.966472,1.095309
2026-06-12T18:52:56.736329,17.021842,8.510921,149.550797,0.939710,1.070850
2026-06-12T18:52:56.745927,17.031903,8.515951,149.639185,1.010646,1.054268
2026-06-12T18:52:56.756083,17.042061,8.521030,149.728431,1.082227,1.048003
2026-06-12T18:52:56.769653,17.052107,8.526054,149.816696,1.118340,1.048279
2026-06-12T18:52:56.778000,17.062515,8.531257,149.908136,1.137364,1.050352
2026-06-12T18:52:56.787455,17.072964,8.536482,149.999938,1.138976,1.056248
2026-06-12T18:52:56.797332,17.083310,8.541655,150.090837,1.140589,1.081122
2026-06-12T18:52:56.807492,17.093474,8.546737,150.180135,1.143491,1.110233
2026-06-12T18:52:56.821948,17.104095,8.552048,150.273456,1.148327,1.129902
2026-06-12T18:52:56.828679,17.114653,8.557326,150.366210,1.149939,1.139575
2026-06-12T18:52:56.838919,17.124896,8.562448,150.456207,1.153486,1.144596
2026-06-12T18:52:56.849018,17.134998,8.567499,150.544958,1.152196,1.146715
2026-06-12T18:52:56.861928,17.145516,8.572758,150.637371,1.149617,1.148235
2026-06-12T18:52:56.869686,17.155694,8.577847,150.726794,1.151229,1.149755
2026-06-12T18:52:56.882617,17.165899,8.582950,150.816456,1.157033,1.151690
2026-06-12T18:52:56.890312,17.176294,8.588147,150.907776,1.156066,1.152795
2026-06-12T18:52:56.903749,17.186496,8.593248,150.997411,1.162514,1.154592
2026-06-12T18:52:56.911383,17.197034,8.598517,151.089996,1.164771,1.156204
2026-06-12T18:52:56.922025,17.207490,8.603745,151.181865,1.163804,1.157862
2026-06-12T18:52:56.931589,17.217569,8.608785,151.270416,1.161225,1.159520
2026-06-12T18:52:56.944676,17.227783,8.613892,151.360155,1.166061,1.161639
2026-06-12T18:52:56.953858,17.237907,8.618953,151.449100,1.170253,1.163528
2026-06-12T18:52:56.962344,17.248317,8.624158,151.540560,1.172510,1.165877
2026-06-12T18:52:56.972549,17.258537,8.629269,151.630353,1.177346,1.167996
2026-06-12T18:52:56.986443,17.268839,8.634419,151.720862,1.178636,1.169976
2026-06-12T18:52:56.994690,17.279292,8.639646,151.812705,1.111247,1.162468
2026-06-12T18:52:57.004253,17.289667,8.644833,151.903853,1.115438,1.155927
2026-06-12T18:52:57.013768,17.299751,8.649875,151.992449,1.160580,1.155144
2026-06-12T18:52:57.023849,17.309830,8.654915,152.081007,1.142201,1.151137
2026-06-12T18:52:57.037136,17.320304,8.660152,152.173025,1.124467,1.144274
2026-06-12T18:52:57.045150,17.330416,8.665208,152.261866,1.156066,1.141233
2026-06-12T18:52:57.054576,17.340550,8.670275,152.350902,1.174122,1.140589
2026-06-12T18:52:57.066625,17.350600,8.675300,152.439199,1.180571,1.150492
2026-06-12T18:52:57.074815,17.360805,8.680402,152.528857,1.186697,1.160672
2026-06-12T18:52:57.086837,17.371137,8.685569,152.619637,1.184440,1.164080
2026-06-12T18:52:57.098451,17.381415,8.690708,152.709937,1.115116,1.160211
2026-06-12T18:52:57.105472,17.391468,8.695734,152.798263,1.107055,1.157724
2026-06-12T18:52:57.115779,17.401763,8.700881,152.888707,1.167351,1.159336
2026-06-12T18:52:57.128032,17.411864,8.705932,152.977459,1.181538,1.160395
2026-06-12T18:52:57.136855,17.422559,8.711279,153.071419,1.175089,1.159612
2026-06-12T18:52:57.146800,17.432773,8.716387,153.161161,1.179603,1.158599
2026-06-12T18:52:57.157263,17.443246,8.721623,153.253176,1.183473,1.158461
2026-06-12T18:52:57.169659,17.453775,8.726887,153.345677,1.130593,1.160672
2026-06-12T18:52:57.178587,17.464255,8.732127,153.437750,1.155743,1.167627
2026-06-12T18:52:57.191219,17.474692,8.737346,153.529455,1.179281,1.169332
2026-06-12T18:52:57.199022,17.485005,8.742502,153.620056,1.165094,1.166982
2026-06-12T18:52:57.212069,17.495202,8.747601,153.709646,1.119630,1.159060
2026-06-12T18:52:57.222313,17.506029,8.753015,153.804773,1.148005,1.154546
2026-06-12T18:52:57.230452,17.516435,8.758218,153.896199,1.172832,1.153025
2026-06-12T18:52:57.240892,17.526878,8.763439,153.987951,1.188632,1.161317
2026-06-12T18:52:57.254859,17.537328,8.768664,154.079761,1.192823,1.166614
2026-06-12T18:52:57.264594,17.547459,8.773730,154.168769,1.195725,1.168963
2026-06-12T18:52:57.271697,17.557684,8.778842,154.258599,1.199595,1.173892
2026-06-12T18:52:57.281751,17.567731,8.783865,154.346872,1.200884,1.185499
2026-06-12T18:52:57.294965,17.578180,8.789090,154.438677,1.197015,1.192501
2026-06-12T18:52:57.304095,17.589554,8.794777,154.538609,1.189277,1.194850
2026-06-12T18:52:57.314398,17.599841,8.799921,154.628991,1.204431,1.197107
2026-06-12T18:52:57.324219,17.610199,8.805099,154.719987,1.197338,1.197752
2026-06-12T18:52:57.336845,17.620324,8.810162,154.808945,1.171543,1.194297
2026-06-12T18:52:57.345160,17.630843,8.815422,154.901367,1.198305,1.194113
2026-06-12T18:52:57.355233,17.641216,8.820608,154.992503,1.211525,1.195633
2026-06-12T18:52:57.365275,17.651260,8.825630,155.080742,1.205076,1.196785
2026-06-12T18:52:57.378056,17.661665,8.830832,155.172157,1.210235,1.199779
2026-06-12T18:52:57.387351,17.672668,8.836334,155.268828,1.216361,1.201483
2026-06-12T18:52:57.396818,17.682796,8.841398,155.357817,1.176057,1.198443
2026-06-12T18:52:57.407121,17.693104,8.846552,155.448375,1.173800,1.198765
2026-06-12T18:52:57.420280,17.703272,8.851636,155.537710,1.207011,1.200009
2026-06-12T18:52:57.428144,17.713766,8.856883,155.629912,1.201529,1.198581
2026-06-12T18:52:57.438065,17.724051,8.862025,155.720270,1.112214,1.185315
2026-06-12T18:52:57.449581,17.734168,8.867084,155.809157,1.145103,1.176011
2026-06-12T18:52:57.461318,17.744271,8.872136,155.897925,1.197982,1.173385
2026-06-12T18:52:57.469790,17.755179,8.877589,155.993757,1.195403,1.176149
2026-06-12T18:52:57.479541,17.765525,8.882763,156.084660,1.212170,1.181630
2026-06-12T18:52:57.489610,17.775587,8.887794,156.173061,1.218941,1.183335
2026-06-12T18:52:57.502979,17.785690,8.892845,156.261824,1.178314,1.180018
2026-06-12T18:52:57.512364,17.795735,8.897867,156.350073,1.197015,1.192132
2026-06-12T18:52:57.522502,17.806352,8.903176,156.443357,1.218296,1.202589
2026-06-12T18:52:57.530598,17.816579,8.908289,156.533204,1.220875,1.205859
2026-06-12T18:52:57.541048,17.827031,8.913515,156.625034,1.215394,1.208715
2026-06-12T18:52:57.553427,17.837259,8.918630,156.714901,1.225390,1.210604
2026-06-12T18:52:57.561370,17.847561,8.923781,156.805413,1.229581,1.212124
2026-06-12T18:52:57.572844,17.858100,8.929050,156.898005,1.216684,1.217605
2026-06-12T18:52:57.582420,17.868403,8.934202,156.988524,1.220553,1.220968
2026-06-12T18:52:57.594694,17.878924,8.939462,157.080956,1.231193,1.222810
2026-06-12T18:52:57.604579,17.889940,8.944970,157.177743,1.221198,1.222856
2026-06-12T18:52:57.614075,17.900058,8.950029,157.266642,1.223133,1.223962
2026-06-12T18:52:57.624445,17.910418,8.955209,157.357660,1.230226,1.224653
2026-06-12T18:52:57.637576,17.920672,8.960336,157.447751,1.231838,1.224975
2026-06-12T18:52:57.645346,17.931327,8.965663,157.541359,1.214427,1.224653
2026-06-12T18:52:57.655637,17.941610,8.970805,157.631710,1.229259,1.225896
2026-06-12T18:52:57.665668,17.951661,8.975831,157.720015,1.235708,1.226541
2026-06-12T18:52:57.678477,17.961771,8.980886,157.808840,1.232483,1.228153
2026-06-12T18:52:57.686950,17.972143,8.986071,157.899962,1.234418,1.229766
2026-06-12T18:52:57.696414,17.982401,8.991200,157.990088,1.242479,1.231516
2026-06-12T18:52:57.706760,17.992738,8.996369,158.080912,1.241834,1.232944
2026-06-12T18:52:57.720520,18.003003,9.001502,158.171097,1.250217,1.238057
2026-06-12T18:52:57.728231,18.013044,9.006522,158.259312,1.250540,1.241097
2026-06-12T18:52:57.737349,18.023329,9.011665,158.349678,1.248927,1.242985
2026-06-12T18:52:57.750472,18.033693,9.016846,158.440727,1.236675,1.243584
2026-06-12T18:52:57.757791,18.043773,9.021886,158.529291,1.244091,1.244966
2026-06-12T18:52:57.770925,18.054351,9.027176,158.622233,1.252152,1.246348
2026-06-12T18:52:57.778973,18.064952,9.032476,158.715367,1.254731,1.248190
2026-06-12T18:52:57.789113,18.075103,9.037552,158.804553,1.256666,1.249112
2026-06-12T18:52:57.799232,18.085212,9.042606,158.893365,1.262147,1.250770
2026-06-12T18:52:57.811861,18.095276,9.047638,158.981790,1.257311,1.251968
2026-06-12T18:52:57.822728,18.105360,9.052680,159.070387,1.260858,1.255422
2026-06-12T18:52:57.829488,18.115468,9.057734,159.159188,1.262792,1.258094
2026-06-12T18:52:57.839694,18.125668,9.062834,159.248811,1.254731,1.258462
2026-06-12T18:52:57.853062,18.136047,9.068024,159.340000,1.195080,1.249941
2026-06-12T18:52:57.861359,18.146518,9.073259,159.431989,1.243124,1.248006
2026-06-12T18:52:57.871375,18.156713,9.078356,159.521561,1.261180,1.247868
2026-06-12T18:52:57.882124,18.168114,9.084057,159.621727,1.264082,1.248835
2026-06-12T18:52:57.895160,18.178224,9.089112,159.710556,1.269241,1.250033
2026-06-12T18:52:57.903967,18.188639,9.094320,159.802062,1.273755,1.251599
2026-06-12T18:52:57.912824,18.198802,9.099401,159.891348,1.246348,1.250401
2026-06-12T18:52:57.926480,18.209340,9.104670,159.983931,1.253442,1.258739
2026-06-12T18:52:57.936293,18.219633,9.109816,160.074365,1.268596,1.262378
2026-06-12T18:52:57.945235,18.230148,9.115074,160.166748,1.246348,1.260259
2026-06-12T18:52:57.954470,18.240532,9.120266,160.257979,1.247315,1.257864
2026-06-12T18:52:57.964998,18.250972,9.125486,160.349703,1.266662,1.257495
2026-06-12T18:52:57.978010,18.261322,9.130661,160.440638,1.272465,1.257311
2026-06-12T18:52:57.987254,18.271559,9.135780,160.530582,1.273755,1.261226
2026-06-12T18:52:57.995804,18.281777,9.140888,160.620349,1.281816,1.265280
2026-06-12T18:52:58.006169,18.292158,9.146079,160.711554,1.245703,1.262009
2026-06-12T18:52:58.016216,18.302206,9.151103,160.799833,1.202819,1.255791
2026-06-12T18:52:58.028632,18.312243,9.156121,160.888019,1.245381,1.255514
2026-06-12T18:52:58.039489,18.322987,9.161494,160.982418,1.270853,1.256113
2026-06-12T18:52:58.047425,18.333411,9.166705,161.073998,1.275690,1.256574
2026-06-12T18:52:58.057637,18.343624,9.171812,161.163729,1.278592,1.257265
2026-06-12T18:52:58.070458,18.353778,9.176889,161.252941,1.278592,1.256804
2026-06-12T18:52:58.077856,18.363863,9.181931,161.341543,1.270853,1.260397
2026-06-12T18:52:58.087921,18.373906,9.186953,161.429784,1.219263,1.262746
2026-06-12T18:52:58.098270,18.384243,9.192122,161.520604,1.247960,1.263115
2026-06-12T18:52:58.111401,18.394814,9.197407,161.613475,1.261180,1.261733
2026-06-12T18:52:58.119724,18.404871,9.202436,161.701837,1.179281,1.247960
2026-06-12T18:52:58.129446,18.415426,9.207713,161.794572,1.094802,1.221705
2026-06-12T18:52:58.139836,18.425815,9.212907,161.885843,1.177024,1.207195
2026-06-12T18:52:58.153056,18.435853,9.217927,161.974037,1.238932,1.202635
2026-06-12T18:52:58.161371,18.446297,9.223149,162.065795,1.272788,1.210281
2026-06-12T18:52:58.170823,18.456802,9.228401,162.158090,1.284073,1.215440
2026-06-12T18:52:58.183263,18.467248,9.233624,162.249868,1.226357,1.210465
2026-06-12T18:52:58.191489,18.477469,9.238734,162.339663,1.241834,1.219401
2026-06-12T18:52:58.204060,18.487531,9.243765,162.428065,1.279881,1.245841
2026-06-12T18:52:58.212180,18.497907,9.248954,162.519234,1.290199,1.262009
2026-06-12T18:52:58.222700,18.508166,9.254083,162.609368,1.294069,1.269886
2026-06-12T18:52:58.232625,18.518600,9.259300,162.701034,1.298905,1.273617
2026-06-12T18:52:58.245543,18.528686,9.264343,162.789646,1.289877,1.274446
2026-06-12T18:52:58.253775,18.538824,9.269412,162.878722,1.252152,1.278131
2026-06-12T18:52:58.263244,18.549226,9.274613,162.970112,1.292457,1.285363
2026-06-12T18:52:58.273767,18.559740,9.279870,163.062481,1.303742,1.288772
2026-06-12T18:52:58.287571,18.570300,9.285150,163.155264,1.199272,1.275782
2026-06-12T18:52:58.295876,18.580634,9.290317,163.246054,1.227002,1.266201
2026-06-12T18:52:58.305047,18.591035,9.295517,163.337434,1.280526,1.263575
2026-06-12T18:52:58.315511,18.601495,9.300747,163.429333,1.294069,1.264174
2026-06-12T18:52:58.328017,18.611760,9.305880,163.519523,1.294714,1.270254
2026-06-12T18:52:58.337431,18.621994,9.310997,163.609434,1.308901,1.272604
2026-06-12T18:52:58.346472,18.632461,9.316231,163.701400,1.311158,1.273663
2026-06-12T18:52:58.356795,18.642776,9.321388,163.792022,1.292457,1.286975
2026-06-12T18:52:58.370282,18.653752,9.326876,163.888453,1.294714,1.296648
2026-06-12T18:52:58.378592,18.663984,9.331992,163.978349,1.312770,1.301254
2026-06-12T18:52:58.391243,18.674417,9.337208,164.070012,1.317284,1.304571
2026-06-12T18:52:58.398788,18.684782,9.342391,164.161079,1.324378,1.308809
2026-06-12T18:52:58.411349,18.694928,9.347464,164.250225,1.323733,1.310928
2026-06-12T18:52:58.422697,18.706099,9.353050,164.348369,1.301162,1.309500
2026-06-12T18:52:58.430576,18.716550,9.358275,164.440189,1.304709,1.311250
2026-06-12T18:52:58.440960,18.726942,9.363471,164.531495,1.318252,1.314613
2026-06-12T18:52:58.453792,18.737055,9.368528,164.620345,1.318574,1.315442
2026-06-12T18:52:58.462327,18.747423,9.373712,164.711434,1.312448,1.314751
2026-06-12T18:52:58.471633,18.757617,9.378809,164.800999,1.324700,1.314797
2026-06-12T18:52:58.482137,18.768110,9.384055,164.893182,1.325668,1.315073
2026-06-12T18:52:58.494672,18.778172,9.389086,164.981588,1.295036,1.314198
2026-06-12T18:52:58.503800,18.788673,9.394337,165.073850,1.292779,1.312494
2026-06-12T18:52:58.516326,18.798804,9.399402,165.162855,1.319864,1.312724
2026-06-12T18:52:58.523287,18.809260,9.404630,165.254723,1.328892,1.314198
2026-06-12T18:52:58.536709,18.819630,9.409815,165.345826,1.333728,1.317238
2026-06-12T18:52:58.544642,18.829766,9.414883,165.434881,1.335341,1.318758
2026-06-12T18:52:58.554596,18.840102,9.420051,165.525692,1.318574,1.317745
2026-06-12T18:52:58.564514,18.850487,9.425244,165.616936,1.266339,1.313645
2026-06-12T18:52:58.574622,18.860597,9.430299,165.705763,1.300195,1.314705
2026-06-12T18:52:58.587207,18.870685,9.435342,165.794389,1.301807,1.312125
2026-06-12T18:52:58.595331,18.881302,9.440651,165.887674,1.297293,1.307611
2026-06-12T18:52:58.605675,18.891659,9.445829,165.978662,1.327602,1.306736
2026-06-12T18:52:58.616108,18.902087,9.451043,166.070279,1.340500,1.307473
2026-06-12T18:52:58.628046,18.912423,9.456212,166.161096,1.340500,1.310605
2026-06-12T18:52:58.637371,18.923035,9.461517,166.254324,1.346304,1.322029
2026-06-12T18:52:58.647529,18.933583,9.466791,166.347000,1.346948,1.328708
2026-06-12T18:52:58.661304,18.943773,9.471886,166.436525,1.322443,1.331656
2026-06-12T18:52:58.669673,18.954527,9.477264,166.531011,1.325023,1.335617
2026-06-12T18:52:58.679100,18.965085,9.482542,166.623769,1.346626,1.338335
2026-06-12T18:52:58.689596,18.975589,9.487794,166.716056,1.347916,1.339394
2026-06-12T18:52:58.699918,18.985905,9.492953,166.806696,1.350818,1.340868
2026-06-12T18:52:58.711885,18.996115,9.498058,166.896398,1.350495,1.341467
2026-06-12T18:52:58.723017,19.006481,9.503241,166.987473,1.328570,1.338841
2026-06-12T18:52:58.731019,19.016997,9.508498,167.079857,1.240222,1.327096
2026-06-12T18:52:58.741190,19.027178,9.513589,167.169309,1.305676,1.324332
2026-06-12T18:52:58.755047,19.037565,9.518782,167.260564,1.342112,1.323687
2026-06-12T18:52:58.762077,19.047733,9.523866,167.349898,1.342434,1.322904
2026-06-12T18:52:58.773807,19.057779,9.528889,167.438163,1.338565,1.321153
2026-06-12T18:52:58.781966,19.067963,9.533982,167.527642,1.348883,1.320923
2026-06-12T18:52:58.795050,19.078456,9.539228,167.619828,1.319864,1.319679
2026-06-12T18:52:58.804330,19.089597,9.544798,167.717711,1.291489,1.327003
2026-06-12T18:52:58.816605,19.099942,9.549971,167.808603,1.336308,1.331379
2026-06-12T18:52:58.824333,19.110315,9.555158,167.899739,1.346948,1.332070
2026-06-12T18:52:58.837466,19.120905,9.560453,167.992780,1.353075,1.333590
2026-06-12T18:52:58.845313,19.131295,9.565647,168.084062,1.350173,1.335249
2026-06-12T18:52:58.858640,19.141554,9.570777,168.174192,1.309223,1.329583
2026-06-12T18:52:58.865883,19.151865,9.575933,168.264787,1.123177,1.301485
2026-06-12T18:52:58.878540,19.161907,9.580954,168.353015,1.058045,1.268136
2026-06-12T18:52:58.886859,19.172227,9.586113,168.443682,1.144135,1.240682
2026-06-12T18:52:58.896711,19.182693,9.591346,168.535632,1.246026,1.226265
2026-06-12T18:52:58.907233,19.193217,9.596609,168.628099,1.294714,1.217927
2026-06-12T18:52:58.921011,19.203275,9.601637,168.716464,1.339210,1.216361
2026-06-12T18:52:58.928222,19.213784,9.606892,168.808793,1.350818,1.222303
2026-06-12T18:52:58.938221,19.224202,9.612101,168.900324,1.357911,1.255837
2026-06-12T18:52:58.948472,19.234452,9.617226,168.990383,1.358879,1.298813
2026-06-12T18:52:58.961579,19.244749,9.622375,169.080849,1.355332,1.328984
2026-06-12T18:52:58.970156,19.255073,9.627537,169.171555,1.325345,1.340315
2026-06-12T18:52:58.979577,19.265549,9.632774,169.263592,1.343724,1.347317
2026-06-12T18:52:58.989761,19.275756,9.637878,169.353274,1.356622,1.349804
2026-06-12T18:52:59.003327,19.286109,9.643054,169.444226,1.350495,1.349758
2026-06-12T18:52:59.012603,19.296536,9.648268,169.535838,1.351140,1.348791
2026-06-12T18:52:59.021207,19.307189,9.653595,169.629436,1.363070,1.349390
2026-06-12T18:52:59.031279,19.317261,9.658630,169.717924,1.365005,1.350772
2026-06-12T18:52:59.044718,19.327485,9.663742,169.807750,1.363393,1.356207
2026-06-12T18:52:59.053322,19.338295,9.669147,169.902724,1.366295,1.359431
2026-06-12T18:52:59.063378,19.348870,9.674435,169.995633,1.351463,1.358694
2026-06-12T18:52:59.073375,19.359364,9.679682,170.087831,1.349528,1.358556
2026-06-12T18:52:59.086307,19.369591,9.684796,170.177690,1.363715,1.360353
2026-06-12T18:52:59.095266,19.379699,9.689849,170.266493,1.371131,1.361504
2026-06-12T18:52:59.105029,19.390077,9.695038,170.357670,1.287298,1.350403
2026-06-12T18:52:59.114378,19.400358,9.700179,170.448000,1.294069,1.340500
2026-06-12T18:52:59.126536,19.410506,9.705253,170.537155,1.347271,1.337782
2026-06-12T18:52:59.137402,19.420624,9.710312,170.626056,1.236675,1.321384
2026-06-12T18:52:59.145526,19.430931,9.715466,170.716612,1.211847,1.301715
2026-06-12T18:52:59.155044,19.441036,9.720518,170.805389,1.315350,1.294806
2026-06-12T18:52:59.165094,19.451079,9.725539,170.893623,1.357589,1.292871
2026-06-12T18:52:59.178467,19.461265,9.730632,170.983118,1.371776,1.304939
2026-06-12T18:52:59.186858,19.471680,9.735840,171.074623,1.375000,1.316501
2026-06-12T18:52:59.196253,19.482235,9.741118,171.167357,1.380804,1.321292
2026-06-12T18:52:59.206534,19.492511,9.746256,171.257642,1.378547,1.341559
2026-06-12T18:52:59.220024,19.502784,9.751392,171.347899,1.376290,1.365051
2026-06-12T18:52:59.228005,19.512883,9.756442,171.436626,1.381127,1.374448
2026-06-12T18:52:59.237952,19.523151,9.761575,171.526837,1.353397,1.373849
2026-06-12T18:52:59.247606,19.533586,9.766793,171.618516,1.261503,1.358096
2026-06-12T18:52:59.257801,19.543783,9.771892,171.708108,1.216039,1.335387
2026-06-12T18:52:59.269692,19.554470,9.777235,171.802001,1.295681,1.323226
2026-06-12T18:52:59.279197,19.565178,9.782589,171.896081,1.334696,1.316962
2026-06-12T18:52:59.289627,19.575614,9.787807,171.987770,1.370486,1.316133
2026-06-12T18:52:59.304038,19.586037,9.793019,172.079345,1.377902,1.315672
2026-06-12T18:52:59.312489,19.596461,9.798231,172.170927,1.372743,1.318436
2026-06-12T18:52:59.320989,19.606980,9.803490,172.263343,1.380159,1.335387
2026-06-12T18:52:59.331247,19.617228,9.808614,172.353378,1.385318,1.359570
2026-06-12T18:52:59.344731,19.627512,9.813756,172.443734,1.364682,1.369427
2026-06-12T18:52:59.353404,19.638183,9.819092,172.537489,1.342434,1.370532
2026-06-12T18:52:59.362995,19.648401,9.824200,172.627261,1.368874,1.370302
2026-06-12T18:52:59.372742,19.658733,9.829367,172.718036,1.367907,1.368874
2026-06-12T18:52:59.387178,19.669206,9.834603,172.810048,1.373066,1.368920
2026-06-12T18:52:59.394711,19.679410,9.839705,172.899699,1.384996,1.369611
2026-06-12T18:52:59.403778,19.689760,9.844880,172.990638,1.390155,1.370302
2026-06-12T18:52:59.414435,19.699803,9.849901,173.078867,1.392735,1.374310
2026-06-12T18:52:59.426295,19.710260,9.855130,173.170740,1.387576,1.380758
2026-06-12T18:52:59.437288,19.720543,9.860271,173.261086,1.353397,1.378547
2026-06-12T18:52:59.444679,19.730705,9.865353,173.350373,1.219263,1.357312
2026-06-12T18:52:59.454767,19.740758,9.870379,173.438696,1.284718,1.344691
2026-06-12T18:52:59.464967,19.750939,9.875470,173.528141,1.359523,1.341052
2026-06-12T18:52:59.477956,19.761225,9.880613,173.618515,1.370164,1.338197
2026-06-12T18:52:59.487354,19.771976,9.885988,173.712965,1.384029,1.336953
2026-06-12T18:52:59.496111,19.782092,9.891046,173.801846,1.394347,1.337920
2026-06-12T18:52:59.506368,19.792347,9.896174,173.891948,1.365972,1.339717
2026-06-12T18:52:59.520016,19.802773,9.901387,173.983547,1.362748,1.360214
2026-06-12T18:52:59.528003,19.813151,9.906575,174.074720,1.382094,1.374125
2026-06-12T18:52:59.537391,19.823381,9.911691,174.164605,1.345014,1.372052
2026-06-12T18:52:59.547738,19.833717,9.916859,174.255416,1.203464,1.348238
2026-06-12T18:52:59.562149,19.844501,9.922250,174.350160,1.261825,1.330780
2026-06-12T18:52:59.571653,19.855238,9.927619,174.444496,1.304387,1.317929
2026-06-12T18:52:59.579324,19.865607,9.932803,174.535593,1.331471,1.313000
2026-06-12T18:52:59.590078,19.876046,9.938023,174.627310,1.371776,1.314290
2026-06-12T18:52:59.602944,19.886481,9.943240,174.718984,1.388543,1.315211
2026-06-12T18:52:59.612126,19.896648,9.948324,174.808312,1.376935,1.319772
2026-06-12T18:52:59.620807,19.906792,9.953396,174.897433,1.362748,1.342526
2026-06-12T18:52:59.631097,19.917076,9.958538,174.987791,1.382417,1.359754
2026-06-12T18:52:59.644677,19.927473,9.963737,175.079140,1.360168,1.367723
2026-06-12T18:52:59.653011,19.937944,9.968972,175.171132,1.296326,1.362702
2026-06-12T18:52:59.662437,19.948417,9.974208,175.263146,1.336953,1.357727
2026-06-12T18:52:59.672718,19.958703,9.979351,175.353515,1.376290,1.355977
2026-06-12T18:52:59.686791,19.969101,9.984551,175.444874,1.389510,1.357773
2026-06-12T18:52:59.695264,19.979469,9.989735,175.535966,1.395636,1.362471
2026-06-12T18:52:59.705371,19.990370,9.995185,175.631742,1.395959,1.364406
2026-06-12T18:52:59.714669,20.000655,10.000328,175.722101,1.381772,1.367492
2026-06-12T18:52:59.726233,20.010706,10.005353,175.810409,1.386931,1.380436
2026-06-12T18:52:59.736445,20.021275,10.010637,175.903263,1.400151,1.389464
2026-06-12T18:52:59.745939,20.031918,10.015959,175.996770,1.286330,1.376613
2026-06-12T18:52:59.756270,20.042252,10.021126,176.087562,1.138332,1.340730
2026-06-12T18:52:59.769674,20.052576,10.026288,176.178271,1.130915,1.302913
2026-06-12T18:52:59.778019,20.062780,10.031390,176.267922,1.121887,1.263760
2026-06-12T18:52:59.787514,20.073501,10.036750,176.362110,1.245703,1.244321
2026-06-12T18:52:59.797669,20.083653,10.041827,176.451309,1.355977,1.239899
2026-06-12T18:52:59.811329,20.093856,10.046928,176.540946,1.395314,1.239208
2026-06-12T18:52:59.819709,20.104616,10.052308,176.635481,1.396281,1.254916
2026-06-12T18:52:59.829096,20.115074,10.057537,176.727367,1.410469,1.293792
2026-06-12T18:52:59.839486,20.125476,10.062738,176.818756,1.421754,1.335341
2026-06-12T18:52:59.850031,20.136014,10.068007,176.911337,1.408534,1.376290
2026-06-12T18:52:59.863512,20.146615,10.073308,177.004479,1.412403,1.400105
2026-06-12T18:52:59.870848,20.156832,10.078416,177.094242,1.417562,1.408902
2026-06-12T18:52:59.880924,20.166917,10.083459,177.182852,1.421109,1.412587
2026-06-12T18:52:59.894686,20.177449,10.088725,177.275380,1.411113,1.414706
2026-06-12T18:52:59.903859,20.187715,10.093857,177.365574,1.410469,1.414706
2026-06-12T18:52:59.912383,20.198367,10.099184,177.459162,1.413048,1.413463
2026-06-12T18:52:59.922700,20.208683,10.104341,177.549792,1.403697,1.412772
2026-06-12T18:52:59.936905,20.218824,10.109412,177.638896,1.411436,1.412634
2026-06-12T18:52:59.944739,20.229541,10.114770,177.733047,1.411758,1.411804
2026-06-12T18:52:59.954203,20.240188,10.120094,177.826593,1.412081,1.410515
2026-06-12T18:52:59.964248,20.250227,10.125114,177.914797,1.409824,1.410330
2026-06-12T18:52:59.977981,20.260295,10.130148,178.003253,1.413693,1.410791
2026-06-12T18:52:59.987569,20.270605,10.135303,178.093834,1.405632,1.409732
2026-06-12T18:52:59.995060,20.281299,10.140649,178.187783,1.405310,1.409962
2026-06-12T18:53:00.005668,20.291656,10.145828,178.278783,1.412403,1.410100
2026-06-12T18:53:00.018334,20.301851,10.150925,178.368349,1.377902,1.405264
2026-06-12T18:53:00.028160,20.311905,10.155953,178.456690,1.390477,1.402177
2026-06-12T18:53:00.036555,20.322184,10.161092,178.546998,1.417885,1.403329
2026-06-12T18:53:00.046657,20.332643,10.166322,178.638890,1.421109,1.404388
2026-06-12T18:53:00.057045,20.343023,10.171511,178.730080,1.424333,1.407060
2026-06-12T18:53:00.069509,20.353526,10.176763,178.822364,1.423688,1.409686
2026-06-12T18:53:00.078013,20.364067,10.182033,178.914968,1.427880,1.411897
2026-06-12T18:53:00.088699,20.374683,10.187342,179.008242,1.423688,1.418437
2026-06-12T18:53:00.099004,20.384985,10.192492,179.098751,1.427880,1.423781
2026-06-12T18:53:00.111822,20.395469,10.197734,179.190862,1.425946,1.424932
2026-06-12T18:53:00.119927,20.405581,10.202790,179.279704,1.425301,1.425531
2026-06-12T18:53:00.130864,20.416086,10.208043,179.372002,1.422721,1.425301
2026-06-12T18:53:00.140276,20.426256,10.213128,179.461350,1.425946,1.425623
2026-06-12T18:53:00.152992,20.436899,10.218450,179.554864,1.413693,1.423596
2026-06-12T18:53:00.161806,20.447088,10.223544,179.644378,1.386931,1.418345
2026-06-12T18:53:00.171390,20.457374,10.228687,179.734753,1.410469,1.415858
2026-06-12T18:53:00.181658,20.467638,10.233819,179.824929,1.395959,1.411574
2026-06-12T18:53:00.195448,20.478176,10.239088,179.917508,1.372421,1.404020
2026-06-12T18:53:00.203816,20.488491,10.244245,180.008134,1.412726,1.402592
2026-06-12T18:53:00.213412,20.498878,10.249439,180.099399,1.427235,1.402776
2026-06-12T18:53:00.223335,20.509314,10.254657,180.191082,1.427558,1.404757
2026-06-12T18:53:00.236345,20.519583,10.259791,180.281306,1.434006,1.411482
2026-06-12T18:53:00.245870,20.530447,10.265224,180.376758,1.434974,1.414983
2026-06-12T18:53:00.255002,20.540974,10.270487,180.469241,1.363070,1.410284
2026-06-12T18:53:00.265034,20.551019,10.275510,180.557500,1.332761,1.404619
2026-06-12T18:53:00.278458,20.561468,10.280734,180.649297,1.405954,1.403651
2026-06-12T18:53:00.288748,20.571907,10.285954,180.741017,1.421754,1.402868
2026-06-12T18:53:00.296113,20.582083,10.291041,180.830419,1.396926,1.398492
2026-06-12T18:53:00.307386,20.592594,10.296297,180.922767,1.398861,1.393472
2026-06-12T18:53:00.319651,20.602776,10.301388,181.012227,1.423044,1.391767
2026-06-12T18:53:00.328025,20.612855,10.306427,181.100777,1.429170,1.401210
2026-06-12T18:53:00.337594,20.623585,10.311792,181.195049,1.434651,1.415766
2026-06-12T18:53:00.347845,20.633823,10.316911,181.284998,1.434006,1.419773
2026-06-12T18:53:00.361845,20.644108,10.322054,181.375358,1.435296,1.421708
2026-06-12T18:53:00.369690,20.654668,10.327334,181.468143,1.427558,1.426084
2026-06-12T18:53:00.379091,20.665072,10.332536,181.559550,1.438198,1.431703
2026-06-12T18:53:00.389507,20.675505,10.337752,181.651206,1.436264,1.433592
2026-06-12T18:53:00.403787,20.685924,10.342962,181.742752,1.437231,1.434743
2026-06-12T18:53:00.411329,20.696369,10.348184,181.834514,1.437876,1.435204
2026-06-12T18:53:00.420456,20.706434,10.353217,181.922942,1.440455,1.436125
2026-06-12T18:53:00.430958,20.716937,10.358468,182.015221,1.437231,1.436402
2026-06-12T18:53:00.441192,20.727172,10.363586,182.105145,1.441423,1.438382
2026-06-12T18:53:00.453739,20.737335,10.368667,182.194434,1.441423,1.438843
2026-06-12T18:53:00.462478,20.747906,10.373953,182.287312,1.438198,1.439119
2026-06-12T18:53:00.472030,20.758011,10.379005,182.376091,1.440133,1.439534
2026-06-12T18:53:00.482223,20.768198,10.384099,182.465596,1.439810,1.439810
2026-06-12T18:53:00.494640,20.778685,10.389343,182.557732,1.436586,1.439258
2026-06-12T18:53:00.504502,20.789818,10.394909,182.655543,1.436586,1.439165
2026-06-12T18:53:00.514259,20.800238,10.400119,182.747087,1.437876,1.438659
2026-06-12T18:53:00.528036,20.810748,10.405374,182.839428,1.434974,1.437738
2026-06-12T18:53:00.537261,20.821184,10.410592,182.931119,1.414660,1.434375
2026-06-12T18:53:00.545765,20.831748,10.415874,183.023927,1.420787,1.431611
2026-06-12T18:53:00.556150,20.842132,10.421066,183.115159,1.431105,1.430368
2026-06-12T18:53:00.569695,20.852594,10.426297,183.207083,1.408212,1.426314
2026-06-12T18:53:00.578089,20.862876,10.431438,183.297416,1.415305,1.423274
2026-06-12T18:53:00.587323,20.873302,10.436651,183.389016,1.428203,1.421892
2026-06-12T18:53:00.597637,20.883714,10.441857,183.480500,1.428203,1.420925
2026-06-12T18:53:00.607793,20.893766,10.446883,183.568810,1.413693,1.420787
2026-06-12T18:53:00.620058,20.903900,10.451950,183.657844,1.423044,1.421109
2026-06-12T18:53:00.627993,20.914127,10.457063,183.747697,1.376290,1.413278
2026-06-12T18:53:00.638325,20.924587,10.462293,183.839596,1.215394,1.385733
2026-06-12T18:53:00.648980,20.934948,10.467474,183.930631,1.115438,1.342895
2026-06-12T18:53:00.662006,20.945377,10.472688,184.022252,1.218618,1.312954
2026-06-12T18:53:00.669594,20.956036,10.478018,184.115902,1.353075,1.302222
2026-06-12T18:53:00.680393,20.966372,10.483186,184.206709,1.411113,1.301853
2026-06-12T18:53:00.690606,20.976597,10.488298,184.296545,1.417885,1.301116
2026-06-12T18:53:00.702965,20.986898,10.493449,184.387054,1.314705,1.292318
2026-06-12T18:53:00.712603,20.997054,10.498527,184.476276,1.360813,1.313093
2026-06-12T18:53:00.721333,21.007318,10.503659,184.566459,1.417885,1.356299
2026-06-12T18:53:00.731393,21.017365,10.508682,184.654726,1.429815,1.386470
2026-06-12T18:53:00.744685,21.027745,10.513873,184.745926,1.431427,1.397663
2026-06-12T18:53:00.753509,21.038053,10.519027,184.836493,1.437231,1.401394
2026-06-12T18:53:00.765678,21.048405,10.524203,184.927445,1.361781,1.393379
2026-06-12T18:53:00.774315,21.058777,10.529388,185.018565,1.217329,1.379469
2026-06-12T18:53:00.786849,21.069405,10.534703,185.111946,1.314382,1.372836
2026-06-12T18:53:00.794893,21.079757,10.539878,185.202891,1.398861,1.370118
2026-06-12T18:53:00.804123,21.090103,10.545051,185.293787,1.398861,1.365696
2026-06-12T18:53:00.814508,21.100483,10.550242,185.384990,1.398861,1.361044
2026-06-12T18:53:00.827527,21.110532,10.555266,185.473280,1.434974,1.360721
2026-06-12T18:53:00.836817,21.121160,10.560580,185.566653,1.401440,1.366387
2026-06-12T18:53:00.845499,21.131485,10.565742,185.657365,1.362425,1.387115
2026-06-12T18:53:00.855678,21.141664,10.570832,185.746801,1.406599,1.400289
2026-06-12T18:53:00.865819,21.151798,10.575899,185.835836,1.401440,1.400657
2026-06-12T18:53:00.878012,21.162111,10.581055,185.926436,1.392735,1.399782
2026-06-12T18:53:00.886608,21.172460,10.586230,186.017365,1.431427,1.404434
2026-06-12T18:53:00.896992,21.182984,10.591492,186.109830,1.439810,1.405125
2026-06-12T18:53:00.907315,21.193290,10.596645,186.200371,1.439488,1.410561
2026-06-12T18:53:00.921087,21.203786,10.601893,186.292592,1.444002,1.422214
2026-06-12T18:53:00.931022,21.213994,10.606997,186.382279,1.443035,1.427420
2026-06-12T18:53:00.938180,21.224159,10.612079,186.471579,1.441423,1.433131
2026-06-12T18:53:00.948355,21.234329,10.617165,186.560938,1.442390,1.440225
2026-06-12T18:53:00.961427,21.244594,10.622297,186.651120,1.447549,1.442528
2026-06-12T18:53:00.970215,21.254713,10.627356,186.740021,1.444324,1.443173
2026-06-12T18:53:00.979347,21.265342,10.632671,186.833410,1.447871,1.444371
2026-06-12T18:53:00.991700,21.275635,10.637817,186.923841,1.448194,1.444969
2026-06-12T18:53:01.003181,21.286038,10.643019,187.015244,1.450451,1.446029
2026-06-12T18:53:01.011515,21.296414,10.648207,187.106402,1.430782,1.444509
2026-06-12T18:53:01.020699,21.306679,10.653340,187.196591,1.445937,1.445015
2026-06-12T18:53:01.031025,21.317012,10.658506,187.287372,1.450128,1.445384
2026-06-12T18:53:01.044825,21.327542,10.663771,187.379885,1.430782,1.443449
2026-06-12T18:53:01.053099,21.337894,10.668947,187.470835,1.433362,1.441376
2026-06-12T18:53:01.062729,21.348178,10.674089,187.561190,1.448194,1.441376
2026-06-12T18:53:01.072316,21.358291,10.679146,187.650044,1.418207,1.436770
2026-06-12T18:53:01.082551,21.368534,10.684267,187.740034,1.398861,1.432210
2026-06-12T18:53:01.094758,21.378929,10.689464,187.831363,1.439165,1.431243
2026-06-12T18:53:01.103762,21.389126,10.694563,187.920957,1.425623,1.427742
2026-06-12T18:53:01.113285,21.399270,10.699635,188.010077,1.434329,1.428249
2026-06-12T18:53:01.123766,21.409747,10.704874,188.102129,1.450451,1.430690
2026-06-12T18:53:01.137207,21.420089,10.710044,188.192984,1.450773,1.431058
2026-06-12T18:53:01.144920,21.430997,10.715499,188.288824,1.427880,1.432440
2026-06-12T18:53:01.155370,21.441350,10.720675,188.379788,1.441423,1.438521
2026-06-12T18:53:01.165409,21.451383,10.725692,188.467934,1.449483,1.439995
2026-06-12T18:53:01.178298,21.461772,10.730886,188.559204,1.441100,1.442206
2026-06-12T18:53:01.186273,21.472605,10.736303,188.654387,1.447226,1.444048
2026-06-12T18:53:01.196910,21.482888,10.741444,188.744727,1.452385,1.444324
2026-06-12T18:53:01.207417,21.493391,10.746696,188.837006,1.449161,1.444094
2026-06-12T18:53:01.220591,21.503772,10.751886,188.928207,1.446259,1.446720
2026-06-12T18:53:01.228271,21.514119,10.757060,189.019120,1.446259,1.447411
2026-06-12T18:53:01.238701,21.524682,10.762341,189.111924,1.444324,1.446674
2026-06-12T18:53:01.249087,21.535068,10.767534,189.203174,1.426268,1.444555
2026-06-12T18:53:01.262146,21.545387,10.772694,189.293834,1.443357,1.444002
2026-06-12T18:53:01.269632,21.555621,10.777811,189.383749,1.449483,1.443587
2026-06-12T18:53:01.279700,21.565684,10.782842,189.472158,1.444002,1.442850
2026-06-12T18:53:01.290190,21.576168,10.788084,189.564271,1.441100,1.442113
2026-06-12T18:53:01.302974,21.586771,10.793386,189.657427,1.452063,1.442943
2026-06-12T18:53:01.311378,21.597122,10.798561,189.748365,1.387576,1.434836
2026-06-12T18:53:01.321227,21.607202,10.803601,189.836932,1.395636,1.430460
2026-06-12T18:53:01.331414,21.617388,10.808694,189.926418,1.444324,1.430598
2026-06-12T18:53:01.345918,21.627838,10.813919,190.018231,1.454965,1.431381
2026-06-12T18:53:01.354447,21.638099,10.819050,190.108384,1.453353,1.432717
2026-06-12T18:53:01.363078,21.648462,10.824231,190.199428,1.458512,1.435204
2026-06-12T18:53:01.372952,21.658927,10.829463,190.291373,1.416595,1.430137
2026-06-12T18:53:01.386306,21.669076,10.834538,190.380544,1.302130,1.417931
2026-06-12T18:53:01.395166,21.679152,10.839576,190.469066,1.388543,1.416917
2026-06-12T18:53:01.404015,21.689430,10.844715,190.559367,1.421109,1.413601
2026-06-12T18:53:01.413712,21.699701,10.849851,190.649608,1.367584,1.401118
2026-06-12T18:53:01.424229,21.710207,10.855104,190.741914,1.416272,1.395821
2026-06-12T18:53:01.437237,21.720443,10.860221,190.831842,1.445937,1.394024
2026-06-12T18:53:01.445384,21.731041,10.865520,190.924953,1.425946,1.395360
2026-06-12T18:53:01.457399,21.741078,10.870539,191.013137,1.348238,1.401947
2026-06-12T18:53:01.465443,21.751424,10.875712,191.104038,1.379192,1.400611
2026-06-12T18:53:01.478447,21.762044,10.881022,191.197340,1.415628,1.399828
2026-06-12T18:53:01.486275,21.772245,10.886122,191.286965,1.439488,1.410100
2026-06-12T18:53:01.496657,21.782655,10.891327,191.378425,1.450128,1.414937
2026-06-12T18:53:01.506835,21.792808,10.896404,191.467632,1.450773,1.415628
2026-06-12T18:53:01.519659,21.803060,10.901530,191.557705,1.377902,1.408764
2026-06-12T18:53:01.528597,21.813508,10.906754,191.649494,1.419819,1.418990
2026-06-12T18:53:01.537971,21.823959,10.911980,191.741316,1.450451,1.429170
2026-06-12T18:53:01.548493,21.834472,10.917236,191.833684,1.451096,1.434237
2026-06-12T18:53:01.561347,21.844971,10.922485,191.925924,1.451096,1.435895
2026-06-12T18:53:01.570836,21.855110,10.927555,192.015002,1.459801,1.437277
2026-06-12T18:53:01.579755,21.865219,10.932609,192.103815,1.457544,1.438244
2026-06-12T18:53:01.589307,21.875299,10.937650,192.192382,1.459801,1.449944
2026-06-12T18:53:01.599838,21.885822,10.942911,192.284837,1.470442,1.457176
2026-06-12T18:53:01.612047,21.896876,10.948438,192.381949,1.469475,1.459894
2026-06-12T18:53:01.622015,21.907486,10.953743,192.475167,1.469475,1.462519
2026-06-12T18:53:01.631798,21.917785,10.958892,192.565650,1.471409,1.465421
2026-06-12T18:53:01.645325,21.928036,10.964018,192.655719,1.470764,1.466987
2026-06-12T18:53:01.654271,21.938546,10.969273,192.748058,1.442390,1.464822
2026-06-12T18:53:01.662939,21.948913,10.974457,192.839143,1.443035,1.462427
2026-06-12T18:53:01.673299,21.959278,10.979639,192.930201,1.468185,1.462105
2026-06-12T18:53:01.687116,21.969703,10.984852,193.021796,1.460769,1.460861
2026-06-12T18:53:01.695170,21.980210,10.990105,193.114105,1.467862,1.460631
2026-06-12T18:53:01.704533,21.990523,10.995261,193.204716,1.472054,1.460723
2026-06-12T18:53:01.714583,22.000565,11.000282,193.292941,1.478503,1.461828
2026-06-12T18:53:01.727956,22.010799,11.005399,193.382855,1.443035,1.461920
2026-06-12T18:53:01.737242,22.021618,11.010809,193.477909,1.450451,1.462980
2026-06-12T18:53:01.745902,22.031875,11.015938,193.568028,1.469152,1.463118
2026-06-12T18:53:01.756391,22.042366,11.021183,193.660199,1.415305,1.456623
2026-06-12T18:53:01.769643,22.052776,11.026388,193.751658,1.450128,1.454090
2026-06-12T18:53:01.777988,22.063086,11.031543,193.842242,1.475601,1.454596
2026-06-12T18:53:01.787860,22.073844,11.036922,193.936756,1.479148,1.454689
2026-06-12T18:53:01.798157,22.084135,11.042068,194.027179,1.484307,1.460585
2026-06-12T18:53:01.811538,22.094681,11.047341,194.119832,1.483339,1.465283
2026-06-12T18:53:01.819780,22.105161,11.052581,194.211908,1.476568,1.466342
2026-06-12T18:53:01.829320,22.115320,11.057660,194.301163,1.475278,1.474910
2026-06-12T18:53:01.839835,22.125815,11.062907,194.393366,1.481405,1.479378
2026-06-12T18:53:01.853290,22.136080,11.068040,194.483552,1.480437,1.480069
2026-06-12T18:53:01.862523,22.146176,11.073088,194.572253,1.459801,1.477305
2026-06-12T18:53:01.870268,22.156243,11.078121,194.660702,1.475278,1.476015
2026-06-12T18:53:01.880863,22.166841,11.083421,194.753817,1.484307,1.476154
2026-06-12T18:53:01.891054,22.177040,11.088520,194.843420,1.465605,1.474588
2026-06-12T18:53:01.903522,22.187329,11.093664,194.933814,1.475601,1.474634
2026-06-12T18:53:01.912386,22.197525,11.098762,195.023394,1.483984,1.475002
2026-06-12T18:53:01.922193,22.208183,11.104092,195.117038,1.486564,1.475877
2026-06-12T18:53:01.932276,22.218256,11.109128,195.205534,1.488821,1.480023
2026-06-12T18:53:01.945155,22.228816,11.114408,195.298318,1.487854,1.481819
2026-06-12T18:53:01.954000,22.239396,11.119698,195.391268,1.462059,1.478641
2026-06-12T18:53:01.963713,22.249689,11.124845,195.481704,1.314705,1.457084
2026-06-12T18:53:01.974219,22.260195,11.130098,195.574006,1.313737,1.433960
2026-06-12T18:53:01.987628,22.270249,11.135124,195.662337,1.426913,1.425807
2026-06-12T18:53:01.998207,22.280711,11.140356,195.754257,1.472699,1.423827
2026-06-12T18:53:02.006996,22.290992,11.145496,195.844581,1.483984,1.423136
2026-06-12T18:53:02.015296,22.301272,11.150636,195.934901,1.490111,1.423458
2026-06-12T18:53:02.028591,22.311650,11.155825,196.026078,1.481082,1.426176
2026-06-12T18:53:02.037403,22.322299,11.161150,196.119640,1.489466,1.451142
2026-06-12T18:53:02.046790,22.332769,11.166384,196.211624,1.491078,1.476476
2026-06-12T18:53:02.057106,22.343089,11.171545,196.302298,1.433362,1.477397
2026-06-12T18:53:02.069668,22.353278,11.176639,196.391818,1.365650,1.462105
2026-06-12T18:53:02.078005,22.363313,11.181656,196.479978,1.452708,1.457637
2026-06-12T18:53:02.087712,22.373687,11.186844,196.571129,1.480115,1.456209
2026-06-12T18:53:02.103505,22.384188,11.192094,196.663385,1.490111,1.457498
2026-06-12T18:53:02.111268,22.394288,11.197144,196.752127,1.491400,1.457775
2026-06-12T18:53:02.121558,22.405262,11.202631,196.848536,1.486241,1.457084
2026-06-12T18:53:02.129745,22.415722,11.207861,196.940437,1.297938,1.437738
2026-06-12T18:53:02.140163,22.426137,11.213069,197.031942,1.210557,1.415581
2026-06-12T18:53:02.153991,22.436369,11.218185,197.121839,1.356944,1.401901
2026-06-12T18:53:02.162216,22.446698,11.223349,197.212584,1.432717,1.395130
2026-06-12T18:53:02.170800,22.456786,11.228393,197.301223,1.463671,1.391353
2026-06-12T18:53:02.181088,22.467062,11.233531,197.391505,1.485274,1.390477
2026-06-12T18:53:02.195121,22.477567,11.238783,197.483794,1.488176,1.390754
2026-06-12T18:53:02.203711,22.487998,11.243999,197.575443,1.494625,1.418852
2026-06-12T18:53:02.212411,22.498397,11.249199,197.666806,1.498494,1.459986
2026-06-12T18:53:02.222879,22.508866,11.254433,197.758783,1.495914,1.479839
2026-06-12T18:53:02.236814,22.519323,11.259662,197.850657,1.489788,1.487992
2026-06-12T18:53:02.244658,22.529615,11.264807,197.941080,1.490433,1.491815
2026-06-12T18:53:02.254601,22.540106,11.270053,198.033256,1.493013,1.492920
2026-06-12T18:53:02.264473,22.550455,11.275228,198.124179,1.469152,1.490203
2026-06-12T18:53:02.277973,22.560654,11.280327,198.213782,1.483339,1.488591
2026-06-12T18:53:02.287170,22.571074,11.285537,198.305331,1.493335,1.487854
2026-06-12T18:53:02.296218,22.581649,11.290825,198.398243,1.487209,1.486610
2026-06-12T18:53:02.306175,22.592158,11.296079,198.490573,1.490433,1.486702
2026-06-12T18:53:02.319581,22.602208,11.301104,198.578871,1.498494,1.487854
2026-06-12T18:53:02.328350,22.613072,11.306536,198.674315,1.480760,1.486103
2026-06-12T18:53:02.338980,22.623433,11.311717,198.765349,1.382094,1.473666
2026-06-12T18:53:02.347938,22.633941,11.316971,198.857672,1.364360,1.456669
2026-06-12T18:53:02.358219,22.644195,11.322097,198.947759,1.421109,1.446351
2026-06-12T18:53:02.370244,22.654437,11.327219,199.037747,1.452385,1.441376
2026-06-12T18:53:02.378521,22.664512,11.332256,199.126261,1.486886,1.440870
2026-06-12T18:53:02.388931,22.674917,11.337458,199.217673,1.498494,1.440870
2026-06-12T18:53:02.399454,22.685434,11.342717,199.310076,1.505910,1.444463
2026-06-12T18:53:02.412710,22.695671,11.347835,199.400015,1.504943,1.462012
2026-06-12T18:53:02.420309,22.706291,11.353146,199.493327,1.508812,1.482648
2026-06-12T18:53:02.430672,22.716655,11.358327,199.584376,1.493335,1.492966
2026-06-12T18:53:02.441009,22.726994,11.363497,199.675215,1.347593,1.477996
2026-06-12T18:53:02.454111,22.737392,11.368696,199.766573,1.374033,1.461874
2026-06-12T18:53:02.462000,22.747970,11.373985,199.859505,1.459801,1.456347
2026-06-12T18:53:02.472325,22.758301,11.379150,199.950273,1.491400,1.454274
2026-06-12T18:53:02.482743,22.768716,11.384358,200.041780,1.501073,1.453721
2026-06-12T18:53:02.495399,22.779033,11.389516,200.132420,1.504620,1.453122
2026-06-12T18:53:02.504842,22.790408,11.395204,200.232360,1.501396,1.454274
2026-06-12T18:53:02.517112,22.800451,11.400226,200.320598,1.504620,1.476706
2026-06-12T18:53:02.527846,22.810812,11.405406,200.411631,1.503975,1.495270
2026-06-12T18:53:02.536362,22.821418,11.410709,200.504808,1.499139,1.500889
2026-06-12T18:53:02.545680,22.831659,11.415830,200.594785,1.504943,1.502824
2026-06-12T18:53:02.555719,22.841708,11.420854,200.683077,1.511391,1.504298
2026-06-12T18:53:02.565897,22.851869,11.425934,200.772343,1.510424,1.505127
2026-06-12T18:53:02.578046,22.862036,11.431018,200.861669,1.511391,1.506555
2026-06-12T18:53:02.587223,22.872338,11.436169,200.952179,1.509457,1.507246
2026-06-12T18:53:02.596445,22.882435,11.441217,201.040891,1.512359,1.508443
2026-06-12T18:53:02.606916,22.892897,11.446448,201.132806,1.355009,1.487854
2026-06-12T18:53:02.620490,22.903137,11.451569,201.222778,1.285040,1.456439
2026-06-12T18:53:02.628502,22.913380,11.456690,201.312773,1.405310,1.441284
2026-06-12T18:53:02.637967,22.923953,11.461977,201.405663,1.441745,1.431473
2026-06-12T18:53:02.648387,22.934365,11.467183,201.497145,1.483339,1.427466
2026-06-12T18:53:02.662301,22.944777,11.472389,201.588622,1.506232,1.427005
2026-06-12T18:53:02.669646,22.955195,11.477598,201.680149,1.486886,1.423366
2026-06-12T18:53:02.679567,22.965550,11.482775,201.771124,1.453675,1.437461
2026-06-12T18:53:02.690064,22.976056,11.488028,201.863433,1.494947,1.467448
2026-06-12T18:53:02.703881,22.986505,11.493252,201.955229,1.506555,1.481911
2026-06-12T18:53:02.714315,22.997057,11.498529,202.047941,1.488821,1.488637
2026-06-12T18:53:02.721165,23.007145,11.503572,202.136570,1.505265,1.491769
2026-06-12T18:53:02.731619,23.017590,11.508795,202.228338,1.499784,1.490848
2026-06-12T18:53:02.745134,23.027680,11.513840,202.316985,1.379837,1.475555
2026-06-12T18:53:02.754040,23.038435,11.519218,202.411482,1.386608,1.465974
2026-06-12T18:53:02.762866,23.048850,11.524425,202.502987,1.473989,1.462980
2026-06-12T18:53:02.775024,23.059005,11.529503,202.592206,1.477536,1.458834
2026-06-12T18:53:02.783463,23.069446,11.534723,202.683935,1.495592,1.459801
2026-06-12T18:53:02.795083,23.079967,11.539984,202.776377,1.514616,1.461137
2026-06-12T18:53:02.804507,23.090487,11.545244,202.868802,1.477213,1.457913
2026-06-12T18:53:02.814544,23.100536,11.550268,202.957090,1.450451,1.468001
2026-06-12T18:53:02.828390,23.110846,11.555423,203.047671,1.499461,1.484122
2026-06-12T18:53:02.837179,23.121028,11.560514,203.137132,1.515583,1.490065
2026-06-12T18:53:02.845811,23.131795,11.565898,203.231729,1.502041,1.493565
2026-06-12T18:53:02.856270,23.142251,11.571126,203.323590,1.482050,1.491631
2026-06-12T18:53:02.869918,23.152768,11.576384,203.415988,1.506555,1.490479
2026-06-12T18:53:02.877970,23.163072,11.581536,203.506523,1.514938,1.495868
2026-06-12T18:53:02.887567,23.173602,11.586801,203.599036,1.520420,1.505864
2026-06-12T18:53:02.898130,23.184106,11.592053,203.691317,1.524934,1.509503
2026-06-12T18:53:02.908320,23.194320,11.597160,203.781061,1.448839,1.499968
2026-06-12T18:53:02.920373,23.204822,11.602411,203.873330,1.404987,1.486103
2026-06-12T18:53:02.929340,23.215319,11.607660,203.965552,1.479793,1.485781
2026-06-12T18:53:02.939655,23.225724,11.612862,204.056969,1.500429,1.484906
2026-06-12T18:53:02.953182,23.236051,11.618025,204.147694,1.517195,1.485228
2026-06-12T18:53:02.962107,23.246432,11.623216,204.238907,1.523966,1.485735
2026-06-12T18:53:02.970877,23.256862,11.628431,204.330537,1.522999,1.485458
2026-06-12T18:53:02.980977,23.266958,11.633479,204.419242,1.520420,1.495684
2026-06-12T18:53:02.994837,23.277492,11.638746,204.511792,1.522677,1.512497
2026-06-12T18:53:03.004177,23.288083,11.644042,204.604844,1.524289,1.518854
2026-06-12T18:53:03.013203,23.298348,11.649174,204.695029,1.502363,1.519130
2026-06-12T18:53:03.022747,23.308725,11.654363,204.786203,1.515583,1.518900
2026-06-12T18:53:03.033178,23.319159,11.659580,204.877874,1.524289,1.518946
2026-06-12T18:53:03.047180,23.329634,11.664817,204.969902,1.495592,1.515030
2026-06-12T18:53:03.053848,23.339823,11.669911,205.059418,1.473989,1.508397
2026-06-12T18:53:03.066368,23.350340,11.675170,205.151821,1.506877,1.506140
2026-06-12T18:53:03.074885,23.360862,11.680431,205.244263,1.513326,1.504574
2026-06-12T18:53:03.087199,23.371512,11.685756,205.337835,1.421109,1.492966
2026-06-12T18:53:03.095762,23.381742,11.690871,205.427711,1.458512,1.484813
2026-06-12T18:53:03.105811,23.391797,11.695899,205.516055,1.504298,1.481958
2026-06-12T18:53:03.115941,23.401918,11.700959,205.604979,1.513648,1.484537
2026-06-12T18:53:03.128525,23.412271,11.706135,205.695933,1.517518,1.490755
2026-06-12T18:53:03.137418,23.422407,11.711204,205.784989,1.524611,1.493289
2026-06-12T18:53:03.146482,23.432465,11.716233,205.873357,1.413693,1.479056
2026-06-12T18:53:03.157021,23.442993,11.721497,205.965855,1.305032,1.462473
2026-06-12T18:53:03.169877,23.453511,11.726755,206.058258,1.413693,1.456070
2026-06-12T18:53:03.178801,23.464737,11.732368,206.156889,1.489466,1.453952
2026-06-12T18:53:03.189091,23.475078,11.737539,206.247746,1.488498,1.450359
2026-06-12T18:53:03.199189,23.485168,11.742584,206.336391,1.514293,1.449898
2026-06-12T18:53:03.211700,23.495449,11.747725,206.426725,1.490433,1.445015
2026-06-12T18:53:03.220098,23.505534,11.752767,206.515329,1.362748,1.437738
2026-06-12T18:53:03.229765,23.515762,11.757881,206.605187,1.363070,1.446029
2026-06-12T18:53:03.240192,23.526179,11.763090,206.696713,1.481405,1.455702
2026-06-12T18:53:03.253891,23.536522,11.768261,206.787583,1.511391,1.458834
2026-06-12T18:53:03.262326,23.546834,11.773417,206.878178,1.521387,1.463533
2026-06-12T18:53:03.271133,23.557117,11.778558,206.968524,1.524611,1.465007
2026-06-12T18:53:03.281388,23.567365,11.783683,207.058565,1.510424,1.467862
2026-06-12T18:53:03.295724,23.577680,11.788840,207.149192,1.500751,1.487577
2026-06-12T18:53:03.305068,23.587720,11.793860,207.237395,1.522677,1.510378
2026-06-12T18:53:03.314405,23.597950,11.798975,207.327278,1.528158,1.517057
2026-06-12T18:53:03.322029,23.608006,11.804003,207.415626,1.518807,1.518117
2026-06-12T18:53:03.332278,23.618265,11.809133,207.505764,1.526546,1.518854
2026-06-12T18:53:03.345078,23.628324,11.814162,207.594137,1.527836,1.519314
2026-06-12T18:53:03.352961,23.638562,11.819281,207.684090,1.448194,1.510424
2026-06-12T18:53:03.364090,23.648852,11.824426,207.774489,1.482695,1.507845
2026-06-12T18:53:03.373263,23.659235,11.829618,207.865717,1.511391,1.506232
2026-06-12T18:53:03.387066,23.669488,11.834744,207.955792,1.441423,1.493842
2026-06-12T18:53:03.395150,23.679801,11.839900,208.046402,1.439488,1.482510
2026-06-12T18:53:03.404119,23.690096,11.845048,208.136858,1.500106,1.478733
2026-06-12T18:53:03.414193,23.700182,11.850091,208.225471,1.524289,1.478226
2026-06-12T18:53:03.424382,23.710362,11.855181,208.314908,1.520742,1.488591
2026-06-12T18:53:03.437273,23.720712,11.860356,208.405842,1.532027,1.495638
2026-06-12T18:53:03.445215,23.731483,11.865741,208.500471,1.512359,1.495776
2026-06-12T18:53:03.455714,23.741685,11.870843,208.590110,1.480437,1.501350
2026-06-12T18:53:03.468178,23.751719,11.875860,208.678263,1.507845,1.511115
2026-06-12T18:53:03.478204,23.761804,11.880902,208.766872,1.524611,1.514616
2026-06-12T18:53:03.486208,23.772197,11.886098,208.858175,1.477536,1.507937
2026-06-12T18:53:03.496323,23.782305,11.891153,208.946987,1.363393,1.485458
2026-06-12T18:53:03.506706,23.792687,11.896343,209.038199,1.363070,1.461322
2026-06-12T18:53:03.520065,23.803227,11.901613,209.130802,1.464316,1.454458
2026-06-12T18:53:03.528711,23.813632,11.906816,209.222223,1.510424,1.458742
2026-06-12T18:53:03.537845,23.823832,11.911916,209.311834,1.526546,1.461414
2026-06-12T18:53:03.548108,23.834090,11.917045,209.401963,1.526546,1.461690
2026-06-12T18:53:03.561434,23.844453,11.922226,209.493006,1.511391,1.466527
2026-06-12T18:53:03.571524,23.854659,11.927330,209.582678,1.522032,1.489189
2026-06-12T18:53:03.579029,23.865015,11.932507,209.673658,1.534607,1.513695
2026-06-12T18:53:03.591727,23.875285,11.937642,209.763888,1.506877,1.519775
2026-06-12T18:53:03.599566,23.885553,11.942776,209.854100,1.481405,1.515629
2026-06-12T18:53:03.611394,23.895920,11.947960,209.945184,1.514293,1.513879
2026-06-12T18:53:03.620358,23.906336,11.953168,210.036702,1.529125,1.514247
2026-06-12T18:53:03.630686,23.916661,11.958330,210.127413,1.533962,1.517472
2026-06-12T18:53:03.641180,23.927163,11.963582,210.219686,1.537831,1.519729
2026-06-12T18:53:03.653672,23.937368,11.968684,210.309341,1.517840,1.517333
2026-06-12T18:53:03.662675,23.948083,11.974041,210.403478,1.489143,1.514800
2026-06-12T18:53:03.672330,23.958390,11.979195,210.494033,1.522999,1.520742
2026-06-12T18:53:03.682614,23.968595,11.984298,210.583697,1.532027,1.523276
2026-06-12T18:53:03.694664,23.978907,11.989453,210.674292,1.494625,1.518347
2026-06-12T18:53:03.704079,23.989576,11.994788,210.768031,1.469475,1.509134
2026-06-12T18:53:03.713968,23.999945,11.999973,210.859134,1.505265,1.504482
2026-06-12T18:53:03.729206,24.010480,12.005240,210.951688,1.517840,1.504482
2026-06-12T18:53:03.737244,24.020672,12.010336,211.041235,1.521065,1.509042
2026-06-12T18:53:03.745335,24.031318,12.015659,211.134771,1.524934,1.509319
2026-06-12T18:53:03.755421,24.041402,12.020701,211.223362,1.524611,1.508259
2026-06-12T18:53:03.765781,24.051765,12.025882,211.314413,1.409179,1.496053
2026-06-12T18:53:03.778321,24.062101,12.031051,211.405223,1.434006,1.490986
2026-06-12T18:53:03.786510,24.072216,12.036108,211.494095,1.493013,1.489235
2026-06-12T18:53:03.796308,24.082284,12.041142,211.582551,1.517518,1.489189
2026-06-12T18:53:03.806487,24.092467,12.046234,211.672016,1.522354,1.489374
2026-06-12T18:53:03.819623,24.102873,12.051436,211.763436,1.529448,1.490018
2026-06-12T18:53:03.831307,24.113241,12.056620,211.854528,1.434006,1.477075
2026-06-12T18:53:03.837399,24.123466,12.061733,211.944362,1.456255,1.483800
2026-06-12T18:53:03.850342,24.133656,12.066828,212.033889,1.511391,1.494855
2026-06-12T18:53:03.857796,24.143769,12.071884,212.122740,1.521065,1.498862
2026-06-12T18:53:03.869606,24.154281,12.077141,212.215100,1.529125,1.500521
2026-06-12T18:53:03.879153,24.164808,12.082404,212.307585,1.536542,1.502547
2026-06-12T18:53:03.890824,24.175044,12.087522,212.397522,1.536219,1.503515
2026-06-12T18:53:03.899370,24.185353,12.092677,212.488094,1.506877,1.513925
2026-06-12T18:53:03.911537,24.195766,12.097883,212.579583,1.460124,1.514478
2026-06-12T18:53:03.919855,24.205964,12.102982,212.669177,1.509457,1.514201
2026-06-12T18:53:03.930433,24.216414,12.108207,212.760985,1.523322,1.514524
2026-06-12T18:53:03.940864,24.226918,12.113459,212.853275,1.527513,1.514293
2026-06-12T18:53:03.953972,24.237170,12.118585,212.943352,1.534929,1.514063
2026-06-12T18:53:03.963290,24.247366,12.123683,213.032924,1.539121,1.514478
2026-06-12T18:53:03.971604,24.257593,12.128796,213.122778,1.528481,1.517564
2026-06-12T18:53:03.982097,24.268080,12.134040,213.214919,1.529125,1.527421
2026-06-12T18:53:03.994644,24.278483,12.139242,213.306318,1.535574,1.531152
2026-06-12T18:53:04.004514,24.289469,12.144734,213.402834,1.511714,1.529494
2026-06-12T18:53:04.013573,24.299545,12.149772,213.491359,1.525579,1.529218
2026-06-12T18:53:04.023908,24.309890,12.154945,213.582249,1.534284,1.529125
2026-06-12T18:53:04.036797,24.320180,12.160090,213.672658,1.501073,1.523690
2026-06-12T18:53:04.048191,24.331092,12.165546,213.768528,1.522677,1.522861
2026-06-12T18:53:04.055563,24.341538,12.170769,213.860308,1.536864,1.523966
2026-06-12T18:53:04.065880,24.351867,12.175933,213.951052,1.527191,1.522769
2026-06-12T18:53:04.077945,24.362257,12.181128,214.042336,1.536219,1.526270
2026-06-12T18:53:04.087425,24.372881,12.186441,214.135682,1.538476,1.528112
2026-06-12T18:53:04.097610,24.383613,12.191807,214.229972,1.532995,1.527928
2026-06-12T18:53:04.111838,24.393789,12.196894,214.319370,1.527191,1.531659
2026-06-12T18:53:04.119936,24.404175,12.202088,214.410625,1.539443,1.534054
2026-06-12T18:53:04.129476,24.414559,12.207280,214.501858,1.506555,1.529724
2026-06-12T18:53:04.138634,24.424650,12.212325,214.590511,1.479793,1.522953
2026-06-12T18:53:04.148754,24.434724,12.217362,214.679017,1.506232,1.518669
2026-06-12T18:53:04.161774,24.444935,12.222468,214.768735,1.518807,1.515859
2026-06-12T18:53:04.169815,24.455334,12.227667,214.860094,1.478180,1.508029
2026-06-12T18:53:04.179551,24.465552,12.232776,214.949867,1.519775,1.506969
2026-06-12T18:53:04.189921,24.475902,12.237951,215.040801,1.535574,1.506417
2026-06-12T18:53:04.203155,24.486195,12.243098,215.131238,1.535252,1.510516
2026-06-12T18:53:04.212570,24.496626,12.248313,215.222883,1.536219,1.518577
2026-06-12T18:53:04.221090,24.507082,12.253541,215.314748,1.543958,1.523966
2026-06-12T18:53:04.231642,24.517623,12.258811,215.407354,1.534929,1.526270
2026-06-12T18:53:04.244602,24.527673,12.263836,215.495652,1.532672,1.534054
2026-06-12T18:53:04.253412,24.538204,12.269102,215.588180,1.542668,1.537325
2026-06-12T18:53:04.262918,24.548378,12.274189,215.677560,1.533962,1.537094
2026-06-12T18:53:04.272673,24.558647,12.279323,215.767784,1.519130,1.534791
2026-06-12T18:53:04.286279,24.569077,12.284538,215.859421,1.530093,1.533916
2026-06-12T18:53:04.294656,24.579580,12.289790,215.951701,1.538476,1.533133
2026-06-12T18:53:04.305926,24.590195,12.295098,216.044962,1.475278,1.524611
2026-06-12T18:53:04.314451,24.600440,12.300220,216.134974,1.499139,1.519821
2026-06-12T18:53:04.328113,24.610883,12.305441,216.226720,1.530738,1.518117
2026-06-12T18:53:04.337306,24.621436,12.310718,216.319436,1.537509,1.518623
2026-06-12T18:53:04.345771,24.631755,12.315878,216.410103,1.541378,1.521802
2026-06-12T18:53:04.356274,24.642262,12.321131,216.502409,1.547182,1.524243
2026-06-12T18:53:04.369602,24.652430,12.326215,216.591743,1.540733,1.524565
2026-06-12T18:53:04.378263,24.662594,12.331297,216.681040,1.543313,1.534284
2026-06-12T18:53:04.386927,24.672900,12.336450,216.771592,1.547182,1.541148
2026-06-12T18:53:04.397447,24.683431,12.341716,216.864116,1.550406,1.543958
2026-06-12T18:53:04.411284,24.693778,12.346889,216.955025,1.490111,1.537186
2026-06-12T18:53:04.419629,24.703883,12.351942,217.043805,1.513971,1.533271
2026-06-12T18:53:04.429717,24.714202,12.357101,217.134462,1.538154,1.531981
2026-06-12T18:53:04.438311,24.724299,12.362150,217.223174,1.538476,1.531659
2026-06-12T18:53:04.448702,24.734687,12.367343,217.314439,1.541056,1.531336
2026-06-12T18:53:04.462094,24.744723,12.372361,217.402614,1.551051,1.531889
2026-06-12T18:53:04.469618,24.755210,12.377605,217.494754,1.507845,1.525809
2026-06-12T18:53:04.479550,24.765537,12.382769,217.585484,1.460446,1.521571
2026-06-12T18:53:04.489843,24.775828,12.387914,217.675901,1.512036,1.521295
2026-06-12T18:53:04.504346,24.786347,12.393174,217.768319,1.524934,1.519406
2026-06-12T18:53:04.511314,24.796500,12.398250,217.857518,1.502363,1.514247
2026-06-12T18:53:04.521834,24.807149,12.403574,217.951075,1.527836,1.512359
2026-06-12T18:53:04.531310,24.817291,12.408645,218.040182,1.544602,1.511437
2026-06-12T18:53:04.544649,24.827794,12.413897,218.132464,1.455287,1.503929
2026-06-12T18:53:04.555469,24.838298,12.419149,218.224750,1.503008,1.510010
2026-06-12T18:53:04.562935,24.848907,12.424453,218.317954,1.536542,1.513510
2026-06-12T18:53:04.573052,24.859038,12.429519,218.406962,1.498494,1.509733
2026-06-12T18:53:04.586741,24.869205,12.434602,218.496290,1.455287,1.503008
2026-06-12T18:53:04.594622,24.879445,12.439723,218.586259,1.518807,1.501718
2026-06-12T18:53:04.604267,24.889544,12.444772,218.674983,1.522354,1.498540
2026-06-12T18:53:04.613978,24.899952,12.449976,218.766430,1.535897,1.510056
2026-06-12T18:53:04.624261,24.910242,12.455121,218.856837,1.539766,1.515307
2026-06-12T18:53:04.637448,24.920519,12.460259,218.947124,1.550729,1.517333
2026-06-12T18:53:04.647598,24.930731,12.465366,219.036849,1.504943,1.518255
2026-06-12T18:53:04.657623,24.940903,12.470452,219.126221,1.505265,1.525394
2026-06-12T18:53:04.665406,24.951378,12.475689,219.218252,1.539443,1.528342
2026-06-12T18:53:04.677937,24.961424,12.480712,219.306509,1.549439,1.532212
2026-06-12T18:53:04.686387,24.972284,12.486142,219.401927,1.541056,1.532949
2026-06-12T18:53:04.696384,24.982369,12.491184,219.490526,1.522354,1.530461
2026-06-12T18:53:04.706576,24.992559,12.496280,219.580058,1.536542,1.528435
2026-06-12T18:53:04.716886,25.002866,12.501433,219.670613,1.550084,1.534883
2026-06-12T18:53:04.730313,25.013061,12.506531,219.760184,1.552663,1.541654
2026-06-12T18:53:04.737263,25.023242,12.511621,219.849636,1.552663,1.543543
2026-06-12T18:53:04.747643,25.033624,12.516812,219.940846,1.450128,1.529356
2026-06-12T18:53:04.761285,25.044072,12.522036,220.032640,1.491400,1.522262
2026-06-12T18:53:04.771391,25.055054,12.527527,220.129127,1.536219,1.524243
2026-06-12T18:53:04.779333,25.065323,12.532662,220.219348,1.546215,1.525625
2026-06-12T18:53:04.789692,25.075666,12.537833,220.310216,1.552341,1.525947
2026-06-12T18:53:04.802897,25.086114,12.543057,220.402013,1.555565,1.526362
2026-06-12T18:53:04.812322,25.096394,12.548197,220.492335,1.542990,1.524980
2026-06-12T18:53:04.820926,25.106920,12.553460,220.584810,1.548794,1.539075
2026-06-12T18:53:04.831040,25.117026,12.558513,220.673603,1.552986,1.547873
2026-06-12T18:53:04.844637,25.127483,12.563742,220.765476,1.547182,1.549439
2026-06-12T18:53:04.854145,25.137599,12.568799,220.854350,1.502363,1.543175
2026-06-12T18:53:04.861977,25.147958,12.573979,220.945365,1.530415,1.540042
2026-06-12T18:53:04.872139,25.158128,12.579064,221.034720,1.551374,1.539443
2026-06-12T18:53:04.882606,25.168588,12.584294,221.126615,1.553308,1.540917
2026-06-12T18:53:04.894599,25.178987,12.589494,221.217979,1.551696,1.541332
2026-06-12T18:53:04.905775,25.189737,12.594869,221.312431,1.556210,1.541793
2026-06-12T18:53:04.915984,25.199957,12.599978,221.402213,1.492045,1.533916
2026-06-12T18:53:04.927976,25.210305,12.605152,221.493130,1.489466,1.532073
2026-06-12T18:53:04.937178,25.220656,12.610328,221.584078,1.545247,1.534192
2026-06-12T18:53:04.945254,25.231237,12.615618,221.677035,1.541378,1.532764
2026-06-12T18:53:04.955480,25.241460,12.620730,221.766856,1.554598,1.532949
2026-06-12T18:53:04.965764,25.251746,12.625873,221.857224,1.559435,1.534054
2026-06-12T18:53:04.977939,25.261866,12.630933,221.946142,1.554598,1.533824
2026-06-12T18:53:04.986275,25.272083,12.636042,222.035907,1.472054,1.530968
2026-06-12T18:53:04.996353,25.282346,12.641173,222.126069,1.511391,1.534100
2026-06-12T18:53:05.006795,25.292777,12.646388,222.217715,1.547827,1.534469
2026-06-12T18:53:05.020261,25.303295,12.651648,222.310127,1.558790,1.536956
2026-06-12T18:53:05.030441,25.313905,12.656953,222.403346,1.559757,1.537693
2026-06-12T18:53:05.038397,25.324393,12.662196,222.495489,1.563949,1.538338
2026-06-12T18:53:05.048739,25.334719,12.667360,222.586216,1.470442,1.526316
2026-06-12T18:53:05.062028,25.344815,12.672408,222.674914,1.333084,1.506463
2026-06-12T18:53:05.070323,25.355288,12.677644,222.766927,1.438521,1.496053
2026-06-12T18:53:05.079645,25.365631,12.682816,222.857804,1.497849,1.488913
2026-06-12T18:53:05.090089,25.376074,12.688037,222.949546,1.519452,1.483293
2026-06-12T18:53:05.104064,25.386428,12.693214,223.040518,1.549761,1.481865
2026-06-12T18:53:05.111298,25.396806,12.698403,223.131698,1.561369,1.481497
2026-06-12T18:53:05.121002,25.406989,12.703495,223.221168,1.513326,1.487623
2026-06-12T18:53:05.131492,25.417474,12.708737,223.313283,1.422399,1.500382
2026-06-12T18:53:05.144571,25.427672,12.713836,223.402877,1.502041,1.509457
2026-06-12T18:53:05.153795,25.438003,12.719002,223.493650,1.537509,1.515122
2026-06-12T18:53:05.162423,25.448399,12.724199,223.584983,1.552986,1.519913
2026-06-12T18:53:05.173787,25.459136,12.729568,223.679318,1.563626,1.521894
2026-06-12T18:53:05.186319,25.469417,12.734709,223.769645,1.564916,1.522400
2026-06-12T18:53:05.194736,25.479471,12.739735,223.857975,1.569108,1.530369
2026-06-12T18:53:05.203797,25.489777,12.744889,223.948526,1.565883,1.550867
2026-06-12T18:53:05.214599,25.500039,12.750019,224.038681,1.568140,1.560310
2026-06-12T18:53:05.224098,25.510083,12.755041,224.126926,1.557822,1.563212
2026-06-12T18:53:05.236257,25.520534,12.760267,224.218748,1.565238,1.564962
2026-06-12T18:53:05.244610,25.530714,12.765357,224.308187,1.567173,1.565469
2026-06-12T18:53:05.254787,25.540782,12.770391,224.396643,1.525901,1.559895
2026-06-12T18:53:05.264845,25.550826,12.775413,224.484887,1.538476,1.555519
2026-06-12T18:53:05.277939,25.561206,12.780603,224.576085,1.562337,1.555013
2026-06-12T18:53:05.287330,25.571544,12.785772,224.666914,1.562981,1.554276
2026-06-12T18:53:05.295723,25.581705,12.790852,224.756182,1.560079,1.554598
2026-06-12T18:53:05.305996,25.591993,12.795997,224.846575,1.565883,1.554690
2026-06-12T18:53:05.316052,25.602038,12.801019,224.934825,1.569108,1.554967
2026-06-12T18:53:05.327965,25.612508,12.806254,225.026817,1.418852,1.539674
2026-06-12T18:53:05.336577,25.623158,12.811579,225.120387,1.308256,1.506785
2026-06-12T18:53:05.347365,25.633340,12.816670,225.209839,1.450128,1.490755
2026-06-12T18:53:05.361295,25.643782,12.821891,225.301583,1.532995,1.486472
2026-06-12T18:53:05.371808,25.654203,12.827101,225.393138,1.554276,1.485643
2026-06-12T18:53:05.378305,25.664289,12.832145,225.481757,1.566528,1.485735
2026-06-12T18:53:05.390241,25.674569,12.837285,225.572073,1.559435,1.484353
2026-06-12T18:53:05.398851,25.684829,12.842415,225.662215,1.561047,1.504666
2026-06-12T18:53:05.411916,25.694869,12.847434,225.750422,1.569108,1.541931
2026-06-12T18:53:05.420129,25.705127,12.852564,225.840549,1.565883,1.558467
2026-06-12T18:53:05.431143,25.715606,12.857803,225.932615,1.561369,1.562521
2026-06-12T18:53:05.442289,25.725729,12.862864,226.021551,1.570397,1.564824
2026-06-12T18:53:05.452942,25.736016,12.868008,226.111933,1.553631,1.562981
2026-06-12T18:53:05.462146,25.746469,12.873234,226.203768,1.474634,1.550867
2026-06-12T18:53:05.470873,25.757841,12.878920,226.303685,1.530738,1.546537
2026-06-12T18:53:05.482141,25.768121,12.884060,226.393999,1.558790,1.545063
2026-06-12T18:53:05.495296,25.778208,12.889104,226.482625,1.563304,1.544695
2026-06-12T18:53:05.503779,25.788633,12.894316,226.574216,1.567496,1.545570
2026-06-12T18:53:05.512767,25.798755,12.899377,226.663147,1.570397,1.545570
2026-06-12T18:53:05.523926,25.809291,12.904645,226.755713,1.540733,1.543727
2026-06-12T18:53:05.536264,25.819668,12.909834,226.846881,1.484952,1.545201
2026-06-12T18:53:05.544639,25.829701,12.914851,226.935034,1.543635,1.547044
2026-06-12T18:53:05.554450,25.839745,12.919872,227.023274,1.563304,1.547689
2026-06-12T18:53:05.564028,25.850007,12.925004,227.113441,1.558467,1.546998
2026-06-12T18:53:05.574175,25.860149,12.930075,227.202545,1.567173,1.546952
2026-06-12T18:53:05.586242,25.870565,12.935282,227.294056,1.569430,1.546813
2026-06-12T18:53:05.595218,25.881191,12.940595,227.387412,1.546860,1.547689
2026-06-12T18:53:05.605691,25.891701,12.945851,227.479757,1.547504,1.556625
2026-06-12T18:53:05.615764,25.901756,12.950878,227.568095,1.565883,1.559803
2026-06-12T18:53:05.628549,25.912175,12.956088,227.659635,1.568140,1.560494
2026-06-12T18:53:05.636511,25.922937,12.961469,227.754190,1.568785,1.561968
2026-06-12T18:53:05.647045,25.933025,12.966512,227.842818,1.569753,1.562337
2026-06-12T18:53:05.657293,25.943274,12.971637,227.932863,1.500106,1.552433
2026-06-12T18:53:05.670217,25.953845,12.976923,228.025741,1.423044,1.534745
2026-06-12T18:53:05.678570,25.964252,12.982126,228.117170,1.522032,1.531106
2026-06-12T18:53:05.688657,25.974648,12.987324,228.208508,1.556210,1.529724
2026-06-12T18:53:05.702022,25.984997,12.992499,228.299438,1.560402,1.528619
2026-06-12T18:53:05.712555,25.995376,12.997688,228.390625,1.566206,1.528250
2026-06-12T18:53:05.724338,26.005663,13.002831,228.481000,1.570720,1.528388
2026-06-12T18:53:05.731542,26.016111,13.008055,228.572796,1.453998,1.521802
2026-06-12T18:53:05.740279,26.026258,13.013129,228.661945,1.296648,1.503745
2026-06-12T18:53:05.753117,26.036311,13.018155,228.750269,1.408212,1.487485
2026-06-12T18:53:05.761889,26.046513,13.023256,228.839903,1.523644,1.482833
2026-06-12T18:53:05.770956,26.056936,13.028468,228.931480,1.554598,1.482004
2026-06-12T18:53:05.781329,26.067301,13.033651,229.022547,1.566851,1.482096
2026-06-12T18:53:05.791690,26.077669,13.038834,229.113632,1.570397,1.482050
2026-06-12T18:53:05.803823,26.087967,13.043983,229.204110,1.495270,1.487946
2026-06-12T18:53:05.812573,26.098592,13.049296,229.297464,1.546215,1.523598
2026-06-12T18:53:05.822914,26.108905,13.054453,229.388071,1.563949,1.545846
2026-06-12T18:53:05.836503,26.119203,13.059602,229.478548,1.565883,1.551880
2026-06-12T18:53:05.845017,26.129476,13.064738,229.568803,1.567173,1.553677
2026-06-12T18:53:05.854104,26.140076,13.070038,229.661935,1.573944,1.554690
2026-06-12T18:53:05.864172,26.150149,13.075074,229.750429,1.562337,1.553539
2026-06-12T18:53:05.874527,26.160499,13.080249,229.841361,1.566851,1.563764
2026-06-12T18:53:05.886218,26.171093,13.085546,229.934438,1.572010,1.567449
2026-06-12T18:53:05.895692,26.181664,13.090832,230.027316,1.570397,1.568371
2026-06-12T18:53:05.905817,26.191807,13.095904,230.116432,1.569430,1.568877
2026-06-12T18:53:05.915865,26.201860,13.100930,230.204751,1.573622,1.569799
2026-06-12T18:53:05.927935,26.211907,13.105954,230.293027,1.567496,1.568877
2026-06-12T18:53:05.937035,26.222585,13.111292,230.386838,1.521065,1.562981
2026-06-12T18:53:05.946831,26.232818,13.116409,230.476743,1.553631,1.561093
2026-06-12T18:53:05.957225,26.243219,13.121609,230.568125,1.570720,1.560909
2026-06-12T18:53:05.969638,26.253601,13.126801,230.659341,1.572010,1.561139
2026-06-12T18:53:05.978548,26.263780,13.131890,230.748770,1.570075,1.561231
2026-06-12T18:53:05.987881,26.273857,13.136928,230.837306,1.569753,1.560678
2026-06-12T18:53:05.998006,26.283985,13.141992,230.926286,1.562014,1.559895
2026-06-12T18:53:06.011291,26.294277,13.147139,231.016714,1.507200,1.557915
2026-06-12T18:53:06.019604,26.304854,13.152427,231.109643,1.553631,1.557915
2026-06-12T18:53:06.032047,26.315013,13.157506,231.198893,1.567173,1.557408
2026-06-12T18:53:06.039295,26.325279,13.162639,231.289089,1.558790,1.555519
2026-06-12T18:53:06.049796,26.335777,13.167889,231.381328,1.540088,1.551235
2026-06-12T18:53:06.062004,26.345817,13.172909,231.469535,1.551051,1.548564
2026-06-12T18:53:06.070121,26.356246,13.178123,231.561163,1.559435,1.548195
2026-06-12T18:53:06.080589,26.366572,13.183286,231.651886,1.566206,1.556625
2026-06-12T18:53:06.090718,26.376710,13.188355,231.740955,1.574589,1.559619
2026-06-12T18:53:06.103847,26.387023,13.193512,231.831565,1.560079,1.558605
2026-06-12T18:53:06.111269,26.397294,13.198647,231.921799,1.565238,1.559527
2026-06-12T18:53:06.121415,26.407401,13.203700,232.010598,1.572010,1.564087
2026-06-12T18:53:06.132099,26.417563,13.208782,232.099882,1.572977,1.567219
2026-06-12T18:53:06.144666,26.427671,13.213836,232.188692,1.568785,1.568555
2026-06-12T18:53:06.153976,26.438300,13.219150,232.282069,1.577814,1.570213
2026-06-12T18:53:06.162451,26.448433,13.224216,232.371098,1.575556,1.570351
2026-06-12T18:53:06.172899,26.458883,13.229441,232.462909,1.500751,1.561876
2026-06-12T18:53:06.187532,26.469415,13.234707,232.555441,1.515906,1.554828
2026-06-12T18:53:06.194668,26.479720,13.239860,232.645983,1.560079,1.553124
2026-06-12T18:53:06.204229,26.490194,13.245097,232.738008,1.568463,1.552479
2026-06-12T18:53:06.214542,26.500516,13.250258,232.828688,1.564594,1.551880
2026-06-12T18:53:06.227959,26.510906,13.255453,232.919979,1.571365,1.550959
2026-06-12T18:53:06.237362,26.520983,13.260492,233.008511,1.547504,1.546952
2026-06-12T18:53:06.245284,26.531350,13.265675,233.099597,1.500429,1.546906
2026-06-12T18:53:06.255704,26.541692,13.270846,233.190458,1.539443,1.550268
2026-06-12T18:53:06.265756,26.551742,13.275871,233.278750,1.558467,1.550038
2026-06-12T18:53:06.278460,26.562130,13.281065,233.370020,1.559757,1.548794
2026-06-12T18:53:06.286235,26.572668,13.286334,233.462607,1.570075,1.549577
2026-06-12T18:53:06.297223,26.583206,13.291603,233.555190,1.571365,1.549577
2026-06-12T18:53:06.307295,26.593269,13.296634,233.643602,1.470442,1.538568
2026-06-12T18:53:06.320126,26.603460,13.301730,233.733141,1.519452,1.541286
2026-06-12T18:53:06.327919,26.613914,13.306957,233.824985,1.544602,1.542023
2026-06-12T18:53:06.340396,26.624175,13.312088,233.915140,1.403375,1.519867
2026-06-12T18:53:06.348298,26.634279,13.317140,234.003912,1.451741,1.504436
2026-06-12T18:53:06.361796,26.644854,13.322427,234.096820,1.544280,1.500751
2026-06-12T18:53:06.369610,26.655242,13.327621,234.188087,1.560724,1.499231
2026-06-12T18:53:06.379588,26.665646,13.332823,234.279490,1.565238,1.512773
2026-06-12T18:53:06.390200,26.676186,13.338093,234.372093,1.572010,1.520281
2026-06-12T18:53:06.403595,26.686422,13.343211,234.462030,1.575556,1.524703
2026-06-12T18:53:06.411265,26.697395,13.348697,234.558431,1.498172,1.538246
2026-06-12T18:53:06.421636,26.707614,13.353807,234.648212,1.542023,1.551143
2026-06-12T18:53:06.434400,26.717942,13.358971,234.738954,1.567818,1.554506
2026-06-12T18:53:06.445288,26.728444,13.364222,234.831229,1.568140,1.555565
2026-06-12T18:53:06.453902,26.738561,13.369280,234.920109,1.571687,1.556487
2026-06-12T18:53:06.462715,26.748704,13.374352,235.009226,1.572977,1.556625
2026-06-12T18:53:06.472804,26.758785,13.379393,235.097798,1.574912,1.556533
2026-06-12T18:53:06.486276,26.769052,13.384526,235.187996,1.506555,1.557730
2026-06-12T18:53:06.494642,26.779503,13.389752,235.279823,1.531060,1.556164
2026-06-12T18:53:06.504047,26.790018,13.395009,235.372205,1.562981,1.555473
2026-06-12T18:53:06.516421,26.800057,13.400029,235.460406,1.566206,1.555197
2026-06-12T18:53:06.524288,26.810267,13.405133,235.550103,1.552341,1.552433
2026-06-12T18:53:06.536249,26.820559,13.410280,235.640534,1.552986,1.549577
2026-06-12T18:53:06.544615,26.831043,13.415522,235.732645,1.541701,1.544833
2026-06-12T18:53:06.555184,26.841160,13.420580,235.821523,1.561047,1.552617
2026-06-12T18:53:06.565451,26.851435,13.425718,235.911804,1.572010,1.558467
2026-06-12T18:53:06.578445,26.861659,13.430830,236.001630,1.511069,1.551051
2026-06-12T18:53:06.586267,26.871700,13.435850,236.089846,1.458834,1.535712
2026-06-12T18:53:06.595775,26.881753,13.440877,236.178174,1.510424,1.529724
2026-06-12T18:53:06.606301,26.892276,13.446138,236.270625,1.558145,1.530461
2026-06-12T18:53:06.619659,26.902775,13.451388,236.362869,1.554920,1.532350
2026-06-12T18:53:06.627944,26.912824,13.456412,236.451153,1.566851,1.533179
2026-06-12T18:53:06.637154,26.923130,13.461565,236.541699,1.579426,1.534238
2026-06-12T18:53:06.647418,26.933397,13.466699,236.631908,1.552341,1.540134
2026-06-12T18:53:06.657501,26.943484,13.471742,236.720526,1.527513,1.549946
2026-06-12T18:53:06.670188,26.954182,13.477091,236.814519,1.561692,1.557270
2026-06-12T18:53:06.678579,26.964564,13.482282,236.905730,1.576524,1.559895
2026-06-12T18:53:06.688952,26.974942,13.487471,236.996915,1.579103,1.563350
2026-06-12T18:53:06.699347,26.985320,13.492660,237.088087,1.582005,1.565515
2026-06-12T18:53:06.711267,26.996088,13.498044,237.182693,1.574912,1.564870
2026-06-12T18:53:06.720526,27.006151,13.503076,237.271110,1.467862,1.552802
2026-06-12T18:53:06.733417,27.016372,13.508186,237.360912,1.499139,1.548748
2026-06-12T18:53:06.743593,27.026970,13.513485,237.454022,1.558145,1.548241
2026-06-12T18:53:06.754324,27.037552,13.518776,237.546991,1.573622,1.547827
2026-06-12T18:53:06.764311,27.047812,13.523906,237.637138,1.574912,1.547228
2026-06-12T18:53:06.771913,27.057886,13.528943,237.725647,1.581038,1.547090
2026-06-12T18:53:06.782296,27.068276,13.534138,237.816930,1.496882,1.535943
2026-06-12T18:53:06.794579,27.078407,13.539204,237.905936,1.360491,1.520604
2026-06-12T18:53:06.803055,27.088769,13.544385,237.996979,1.331149,1.496605
2026-06-12T18:53:06.813486,27.098840,13.549420,238.085460,1.404665,1.474680
2026-06-12T18:53:06.822903,27.108882,13.554441,238.173684,1.517840,1.466711
2026-06-12T18:53:06.836252,27.119138,13.559569,238.263792,1.561692,1.464822
2026-06-12T18:53:06.845180,27.129461,13.564731,238.354487,1.515583,1.455472
2026-06-12T18:53:06.854591,27.140035,13.570018,238.447389,1.318252,1.429953
2026-06-12T18:53:06.864360,27.150348,13.575174,238.537992,1.363393,1.430368
2026-06-12T18:53:06.874415,27.160396,13.580198,238.626277,1.483662,1.452155
2026-06-12T18:53:06.886240,27.170690,13.585345,238.716719,1.520097,1.468645
2026-06-12T18:53:06.894913,27.181085,13.590542,238.808043,1.562014,1.474956
2026-06-12T18:53:06.906481,27.191585,13.595793,238.900300,1.574589,1.476799
2026-06-12T18:53:06.923519,27.201995,13.600997,238.991756,1.533640,1.479378
2026-06-12T18:53:06.927925,27.212142,13.606071,239.080908,1.453998,1.498770
2026-06-12T18:53:06.936258,27.222245,13.611122,239.169670,1.523322,1.521617
2026-06-12T18:53:06.946421,27.232518,13.616259,239.259924,1.552663,1.531475
2026-06-12T18:53:06.956607,27.242585,13.621293,239.348377,1.558145,1.536910
2026-06-12T18:53:06.969568,27.252764,13.626382,239.437801,1.567173,1.537647
2026-06-12T18:53:06.978065,27.263301,13.631651,239.530383,1.580715,1.538522
2026-06-12T18:53:06.987532,27.273519,13.636759,239.620154,1.553953,1.541424
2026-06-12T18:53:06.997953,27.283931,13.641966,239.711635,1.564594,1.557224
2026-06-12T18:53:07.011808,27.294452,13.647226,239.804065,1.576201,1.564778
2026-06-12T18:53:07.019648,27.304782,13.652391,239.894824,1.560724,1.565929
2026-06-12T18:53:07.029661,27.315123,13.657562,239.985682,1.556533,1.565699
2026-06-12T18:53:07.039211,27.325185,13.662592,240.074080,1.577814,1.567219
2026-06-12T18:53:07.049473,27.335455,13.667727,240.164312,1.580715,1.567219
2026-06-12T18:53:07.062524,27.345780,13.672890,240.255026,1.575879,1.570351
2026-06-12T18:53:07.069841,27.355864,13.677932,240.343623,1.557822,1.569384
2026-06-12T18:53:07.080309,27.366294,13.683147,240.435261,1.547504,1.565285
2026-06-12T18:53:07.090694,27.376666,13.688333,240.526387,1.453030,1.549900
2026-06-12T18:53:07.102944,27.387020,13.693510,240.617358,1.533317,1.546583
2026-06-12T18:53:07.111781,27.397877,13.698939,240.712743,1.570720,1.545570
2026-06-12T18:53:07.122325,27.408306,13.704153,240.804369,1.514616,1.536127
2026-06-12T18:53:07.136298,27.418738,13.709369,240.896019,1.472377,1.521341
2026-06-12T18:53:07.144890,27.429494,13.714747,240.990523,1.551696,1.520466
2026-06-12T18:53:07.154448,27.439998,13.719999,241.082810,1.572655,1.524059
2026-06-12T18:53:07.166523,27.450323,13.725161,241.173519,1.577814,1.541885
2026-06-12T18:53:07.174383,27.460369,13.730184,241.261784,1.580715,1.548656
2026-06-12T18:53:07.186215,27.470907,13.735453,241.354365,1.567818,1.548241
2026-06-12T18:53:07.195422,27.481398,13.740699,241.446541,1.358879,1.525993
2026-06-12T18:53:07.205551,27.491524,13.745762,241.535509,1.381449,1.513004
2026-06-12T18:53:07.215582,27.501558,13.750779,241.623665,1.508167,1.506785
2026-06-12T18:53:07.227903,27.512035,13.756017,241.715711,1.514938,1.498540
2026-06-12T18:53:07.237386,27.522541,13.761270,241.808014,1.514938,1.489558
2026-06-12T18:53:07.246801,27.532783,13.766391,241.898000,1.560079,1.486610
2026-06-12T18:53:07.257238,27.543227,13.771613,241.989758,1.574912,1.487623
2026-06-12T18:53:07.269617,27.553637,13.776818,242.081217,1.577491,1.518854
2026-06-12T18:53:07.279255,27.564073,13.782036,242.172908,1.582650,1.547597
2026-06-12T18:53:07.288389,27.574381,13.787190,242.263471,1.566206,1.555888
2026-06-12T18:53:07.300443,27.584410,13.792205,242.351584,1.432717,1.544142
2026-06-12T18:53:07.311936,27.594650,13.797325,242.441553,1.417562,1.530231
2026-06-12T18:53:07.319655,27.605286,13.802643,242.534997,1.537831,1.527053
2026-06-12T18:53:07.329477,27.615475,13.807737,242.624515,1.555243,1.524243
2026-06-12T18:53:07.339589,27.625574,13.812787,242.713245,1.570397,1.523229
2026-06-12T18:53:07.352916,27.635837,13.817919,242.803416,1.576524,1.522354
2026-06-12T18:53:07.362178,27.646072,13.823036,242.893339,1.581683,1.524565
2026-06-12T18:53:07.370632,27.656620,13.828310,242.986006,1.575234,1.544925
2026-06-12T18:53:07.380949,27.667241,13.833621,243.079325,1.579748,1.568094
2026-06-12T18:53:07.395597,27.677677,13.838839,243.171017,1.583295,1.574589
2026-06-12T18:53:07.403597,27.688201,13.844100,243.263473,1.557178,1.574866
2026-06-12T18:53:07.412905,27.698886,13.849443,243.357355,1.565238,1.574129
2026-06-12T18:53:07.423175,27.709156,13.854578,243.447581,1.571042,1.573345
2026-06-12T18:53:07.436993,27.719413,13.859706,243.537694,1.453030,1.554967
2026-06-12T18:53:07.444657,27.729841,13.864921,243.629319,1.501073,1.544372
2026-06-12T18:53:07.454661,27.740126,13.870063,243.719679,1.556855,1.541102
2026-06-12T18:53:07.464598,27.750155,13.875078,243.807794,1.484629,1.527007
2026-06-12T18:53:07.474443,27.760421,13.880210,243.897983,1.518485,1.521479
2026-06-12T18:53:07.486264,27.770844,13.885422,243.989565,1.555243,1.520051
2026-06-12T18:53:07.495257,27.781228,13.890614,244.080792,1.422399,1.498816
2026-06-12T18:53:07.505540,27.791521,13.895761,244.171226,1.286008,1.474956
2026-06-12T18:53:07.515579,27.801567,13.900783,244.259485,1.436586,1.465744
2026-06-12T18:53:07.527906,27.811670,13.905835,244.348255,1.491078,1.456347
2026-06-12T18:53:07.538137,27.822734,13.911367,244.445456,1.509779,1.459940
2026-06-12T18:53:07.547164,27.833151,13.916575,244.536979,1.552663,1.464822
2026-06-12T18:53:07.557305,27.843292,13.921646,244.626075,1.570075,1.466941
2026-06-12T18:53:07.569557,27.853394,13.926697,244.714828,1.442390,1.469797
2026-06-12T18:53:07.578328,27.863690,13.931845,244.805292,1.399506,1.486011
2026-06-12T18:53:07.587905,27.873904,13.936952,244.895024,1.510747,1.496605
2026-06-12T18:53:07.598278,27.884260,13.942130,244.986016,1.443357,1.489788
2026-06-12T18:53:07.611964,27.894745,13.947372,245.078132,1.426590,1.477904
2026-06-12T18:53:07.619629,27.905271,13.952635,245.170610,1.502363,1.470718
2026-06-12T18:53:07.629629,27.915607,13.957803,245.261422,1.554276,1.468461
2026-06-12T18:53:07.639947,27.925928,13.962964,245.352103,1.558467,1.485044
2026-06-12T18:53:07.652897,27.936177,13.968089,245.442148,1.561369,1.508167
2026-06-12T18:53:07.661294,27.946646,13.973323,245.534126,1.554598,1.514432
2026-06-12T18:53:07.671763,27.957100,13.978550,245.625970,1.499461,1.522446
2026-06-12T18:53:07.684417,27.967165,13.983582,245.714397,1.551696,1.540319
2026-06-12T18:53:07.691298,27.977271,13.988636,245.803195,1.572655,1.550360
2026-06-12T18:53:07.702862,27.987476,13.993738,245.892853,1.572332,1.552940
2026-06-12T18:53:07.712362,27.997798,13.998899,245.983535,1.574912,1.555289
2026-06-12T18:53:07.722285,28.008266,14.004133,246.075510,1.580071,1.557961
2026-06-12T18:53:07.736802,28.018527,14.009264,246.165663,1.579103,1.561461
2026-06-12T18:53:07.744600,28.028625,14.014313,246.254378,1.572332,1.571871
2026-06-12T18:53:07.753436,28.039414,14.019707,246.349170,1.579426,1.575833
2026-06-12T18:53:07.764369,28.049898,14.024949,246.441280,1.580715,1.576984
2026-06-12T18:53:07.774273,28.060259,14.030129,246.532306,1.571365,1.576846
2026-06-12T18:53:07.786583,28.070517,14.035259,246.622436,1.580715,1.577675
2026-06-12T18:53:07.794604,28.080638,14.040319,246.711352,1.581683,1.577906
2026-06-12T18:53:07.804767,28.090759,14.045379,246.800275,1.554920,1.574451
2026-06-12T18:53:07.814816,28.100803,14.050402,246.888524,1.536219,1.569292
2026-06-12T18:53:07.827888,28.110856,14.055428,246.976846,1.569108,1.567818
2026-06-12T18:53:07.838396,28.121286,14.060643,247.068484,1.534929,1.561277
2026-06-12T18:53:07.845662,28.131654,14.065827,247.159575,1.386608,1.534883
2026-06-12T18:53:07.855711,28.141697,14.070849,247.247811,1.429492,1.513280
2026-06-12T18:53:07.866081,28.152072,14.076036,247.338962,1.537831,1.507015
2026-06-12T18:53:07.880465,28.162225,14.081113,247.428164,1.569430,1.509088
2026-06-12T18:53:07.886841,28.172851,14.086426,247.521522,1.574589,1.514570
2026-06-12T18:53:07.897111,28.183092,14.091546,247.611499,1.583295,1.516596
2026-06-12T18:53:07.907296,28.193269,14.096634,247.700908,1.458189,1.505634
2026-06-12T18:53:07.919934,28.203772,14.101886,247.793189,1.341789,1.499231
2026-06-12T18:53:07.927915,28.214030,14.107015,247.883316,1.448194,1.501903
2026-06-12T18:53:07.938498,28.224485,14.112242,247.975166,1.543958,1.502778
2026-06-12T18:53:07.948548,28.234533,14.117266,248.063445,1.562981,1.501856
2026-06-12T18:53:07.961990,28.244905,14.122452,248.154574,1.584585,1.503284
2026-06-12T18:53:07.969451,28.255475,14.127737,248.247439,1.586842,1.503791
2026-06-12T18:53:07.982591,28.266009,14.133004,248.339990,1.585552,1.521986
2026-06-12T18:53:07.990193,28.276406,14.138203,248.431332,1.598449,1.558652
2026-06-12T18:53:08.003056,28.286941,14.143470,248.523892,1.601351,1.580531
2026-06-12T18:53:08.011766,28.297271,14.148635,248.614652,1.593935,1.587671
2026-06-12T18:53:08.021607,28.307587,14.153793,248.705285,1.597805,1.592646
2026-06-12T18:53:08.031681,28.317695,14.158847,248.794092,1.597805,1.594534
2026-06-12T18:53:08.045169,28.327955,14.163977,248.884233,1.572977,1.592553
2026-06-12T18:53:08.053782,28.338095,14.169048,248.973328,1.558790,1.588730
2026-06-12T18:53:08.062426,28.348414,14.174207,249.063988,1.580071,1.586105
2026-06-12T18:53:08.072587,28.358560,14.179280,249.153128,1.582973,1.583479
2026-06-12T18:53:08.086251,28.368738,14.184369,249.242544,1.578136,1.581222
2026-06-12T18:53:08.094546,28.378912,14.189456,249.331936,1.581683,1.578919
2026-06-12T18:53:08.105862,28.389053,14.194526,249.421032,1.557822,1.573207
2026-06-12T18:53:08.113873,28.399313,14.199657,249.511179,1.493013,1.561784
2026-06-12T18:53:08.123493,28.409474,14.204737,249.600448,1.552663,1.560909
2026-06-12T18:53:08.137157,28.419758,14.209879,249.690798,1.575879,1.560310
2026-06-12T18:53:08.144594,28.429914,14.214957,249.780031,1.528481,1.552525
2026-06-12T18:53:08.154222,28.440206,14.220103,249.870451,1.515906,1.543635
2026-06-12T18:53:08.164661,28.450245,14.225122,249.958654,1.568140,1.541701
2026-06-12T18:53:08.177895,28.460731,14.230366,250.050783,1.592646,1.546675
2026-06-12T18:53:08.186856,28.471430,14.235715,250.144781,1.601351,1.562152
2026-06-12T18:53:08.195753,28.481739,14.240870,250.235358,1.603286,1.569384
2026-06-12T18:53:08.205898,28.491891,14.245945,250.324547,1.532995,1.563258
2026-06-12T18:53:08.216299,28.502271,14.251136,250.415749,1.367584,1.540273
2026-06-12T18:53:08.227928,28.512342,14.256171,250.504225,1.447226,1.530461
2026-06-12T18:53:08.236582,28.522605,14.261302,250.594394,1.520742,1.523690
2026-06-12T18:53:08.246812,28.532793,14.266397,250.683909,1.555888,1.518439
2026-06-12T18:53:08.257063,28.543124,14.271562,250.774670,1.579748,1.515353
2026-06-12T18:53:08.269545,28.553308,14.276654,250.864150,1.581360,1.512221
2026-06-12T18:53:08.277678,28.563662,14.281831,250.955112,1.565238,1.516827
2026-06-12T18:53:08.287946,28.573935,14.286967,251.045369,1.539443,1.541378
2026-06-12T18:53:08.298143,28.584124,14.292062,251.134893,1.555243,1.556809
2026-06-12T18:53:08.311795,28.594584,14.297292,251.226787,1.555243,1.561738
2026-06-12T18:53:08.322576,28.604761,14.302381,251.316208,1.556533,1.561830
2026-06-12T18:53:08.328830,28.614812,14.307406,251.404513,1.564916,1.559711
2026-06-12T18:53:08.338932,28.624994,14.312497,251.493963,1.568463,1.557868
2026-06-12T18:53:08.349257,28.635241,14.317621,251.583999,1.495592,1.547919
2026-06-12T18:53:08.361826,28.645293,14.322647,251.672315,1.522999,1.545570
2026-06-12T18:53:08.369835,28.656247,14.328124,251.768552,1.559112,1.546123
2026-06-12T18:53:08.380464,28.666443,14.333221,251.858130,1.451096,1.531244
2026-06-12T18:53:08.391180,28.676662,14.338331,251.947908,1.365005,1.503883
2026-06-12T18:53:08.404411,28.687121,14.343561,252.039805,1.503330,1.495085
2026-06-12T18:53:08.414475,28.697522,14.348761,252.131182,1.559757,1.493842
2026-06-12T18:53:08.423326,28.707839,14.353919,252.221825,1.571042,1.504620
2026-06-12T18:53:08.432178,28.718159,14.359079,252.312494,1.575556,1.512128
2026-06-12T18:53:08.445175,28.728372,14.364186,252.402223,1.567818,1.513372
2026-06-12T18:53:08.453493,28.738676,14.369338,252.492758,1.558790,1.528757
2026-06-12T18:53:08.462771,28.748748,14.374374,252.581248,1.565561,1.557408
2026-06-12T18:53:08.473166,28.759253,14.379627,252.673543,1.575234,1.567680
2026-06-12T18:53:08.486760,28.769576,14.384788,252.764238,1.538154,1.564594
2026-06-12T18:53:08.494759,28.780097,14.390049,252.856678,1.506877,1.555427
2026-06-12T18:53:08.504303,28.790275,14.395138,252.946097,1.501718,1.544879
2026-06-12T18:53:08.514641,28.800620,14.400310,253.036989,1.544602,1.541562
2026-06-12T18:53:08.528068,28.810718,14.405359,253.125702,1.550729,1.540411
2026-06-12T18:53:08.536541,28.821074,14.410537,253.216687,1.572010,1.541332
2026-06-12T18:53:08.545420,28.831401,14.415700,253.307419,1.576201,1.541470
2026-06-12T18:53:08.555487,28.841461,14.420730,253.395803,1.400473,1.521802
2026-06-12T18:53:08.565529,28.851501,14.425751,253.484020,1.327280,1.496145
2026-06-12T18:53:08.578057,28.861698,14.430849,253.573610,1.444969,1.488038
2026-06-12T18:53:08.586558,28.872338,14.436169,253.667083,1.463348,1.476430
2026-06-12T18:53:08.596977,28.882962,14.441481,253.760424,1.502363,1.469521
2026-06-12T18:53:08.607186,28.893163,14.446582,253.850052,1.543958,1.465513
2026-06-12T18:53:08.619865,28.903651,14.451825,253.942194,1.558467,1.462980
2026-06-12T18:53:08.628105,28.913757,14.456878,254.030984,1.563626,1.486287
2026-06-12T18:53:08.637950,28.923928,14.461964,254.120348,1.570075,1.520972
2026-06-12T18:53:08.650258,28.934230,14.467115,254.210855,1.572332,1.539167
2026-06-12T18:53:08.661412,28.944451,14.472225,254.300657,1.568785,1.554230
2026-06-12T18:53:08.669760,28.954960,14.477480,254.392989,1.574912,1.564594
2026-06-12T18:53:08.679376,28.965371,14.482686,254.484458,1.579748,1.569707
2026-06-12T18:53:08.689732,28.975714,14.487857,254.575325,1.484952,1.559204
2026-06-12T18:53:08.703214,28.986012,14.493006,254.665803,1.491400,1.548886
2026-06-12T18:53:08.711449,28.996419,14.498209,254.757237,1.553308,1.546491
2026-06-12T18:53:08.720945,29.006924,14.503462,254.849534,1.557822,1.544418
2026-06-12T18:53:08.731249,29.017233,14.508616,254.940106,1.560079,1.543175
2026-06-12T18:53:08.744734,29.027672,14.513836,255.031822,1.575556,1.543267
2026-06-12T18:53:08.753022,29.037882,14.518941,255.121526,1.571365,1.542069
2026-06-12T18:53:08.762675,29.048668,14.524334,255.216293,1.451741,1.537325
2026-06-12T18:53:08.772996,29.058971,14.529486,255.306812,1.506232,1.539443
2026-06-12T18:53:08.783096,29.069075,14.534537,255.395578,1.547827,1.538660
2026-06-12T18:53:08.795153,29.079120,14.539560,255.483834,1.490433,1.529033
2026-06-12T18:53:08.803407,29.089406,14.544703,255.574202,1.436908,1.511437
2026-06-12T18:53:08.813877,29.099850,14.549925,255.665968,1.493013,1.499646
2026-06-12T18:53:08.824171,29.110151,14.555075,255.756465,1.513004,1.491308
2026-06-12T18:53:08.836645,29.120680,14.560340,255.848975,1.552341,1.505680
2026-06-12T18:53:08.844755,29.130755,14.565377,255.937489,1.572977,1.515215
2026-06-12T18:53:08.854998,29.140986,14.570493,256.027374,1.579426,1.519729
2026-06-12T18:53:08.865461,29.151443,14.575722,256.119255,1.582650,1.532903
2026-06-12T18:53:08.878765,29.161735,14.580868,256.209678,1.587164,1.554368
2026-06-12T18:53:08.889345,29.171913,14.585957,256.299099,1.569430,1.565285
2026-06-12T18:53:08.896024,29.182001,14.591001,256.387731,1.539443,1.569062
2026-06-12T18:53:08.906233,29.192216,14.596108,256.477480,1.570397,1.571641
2026-06-12T18:53:08.919843,29.202660,14.601330,256.569233,1.584585,1.573299
2026-06-12T18:53:08.928223,29.212961,14.606481,256.659739,1.580715,1.573484
2026-06-12T18:53:08.937491,29.223471,14.611735,256.752073,1.585230,1.573852
2026-06-12T18:53:08.947784,29.233768,14.616884,256.842542,1.586842,1.573806
2026-06-12T18:53:08.957970,29.243950,14.621975,256.932004,1.535897,1.569016
2026-06-12T18:53:08.969731,29.254166,14.627083,257.021759,1.387576,1.547320
2026-06-12T18:53:08.978678,29.264653,14.632326,257.113891,1.466250,1.532442
2026-06-12T18:53:08.988778,29.274764,14.637382,257.202731,1.545892,1.526914
2026-06-12T18:53:08.999075,29.285059,14.642529,257.293174,1.572655,1.525763
2026-06-12T18:53:09.011439,29.295574,14.647787,257.385562,1.583617,1.525533
2026-06-12T18:53:09.019658,29.305657,14.652829,257.474150,1.580393,1.524611
2026-06-12T18:53:09.030007,29.315990,14.657995,257.564934,1.528481,1.523552
2026-06-12T18:53:09.040189,29.326168,14.663084,257.654354,1.561369,1.548380
2026-06-12T18:53:09.053079,29.336701,14.668351,257.746896,1.579426,1.564548
2026-06-12T18:53:09.061341,29.346858,14.673429,257.836129,1.580071,1.569430
2026-06-12T18:53:09.071497,29.357478,14.678739,257.929439,1.588131,1.571641
2026-06-12T18:53:09.084335,29.367771,14.683886,258.019870,1.588131,1.572286
2026-06-12T18:53:09.095288,29.378134,14.689067,258.110918,1.479148,1.557822
2026-06-12T18:53:09.103985,29.388273,14.694136,258.199993,1.453998,1.547182
2026-06-12T18:53:09.112609,29.398596,14.699298,258.290688,1.546215,1.545017
2026-06-12T18:53:09.122724,29.408711,14.704356,258.379565,1.572332,1.544004
2026-06-12T18:53:09.132782,29.418761,14.709380,258.467855,1.505910,1.533409
2026-06-12T18:53:09.144870,29.428809,14.714405,258.556142,1.490433,1.519452
2026-06-12T18:53:09.154229,29.438982,14.719491,258.645517,1.520420,1.509779
2026-06-12T18:53:09.163199,29.449175,14.724587,258.735069,1.547182,1.519498
2026-06-12T18:53:09.173598,29.459580,14.729790,258.826483,1.574912,1.536772
2026-06-12T18:53:09.187068,29.470145,14.735072,258.919308,1.583940,1.542161
2026-06-12T18:53:09.194552,29.480540,14.740270,259.010638,1.585230,1.544004
2026-06-12T18:53:09.204710,29.490697,14.745349,259.099877,1.586519,1.555519
2026-06-12T18:53:09.215052,29.501046,14.750523,259.190803,1.589099,1.569614
2026-06-12T18:53:09.227909,29.511094,14.755547,259.279083,1.588454,1.579334
2026-06-12T18:53:09.236245,29.521557,14.760779,259.371008,1.565561,1.581959
2026-06-12T18:53:09.245765,29.531737,14.765869,259.460446,1.556533,1.579334
2026-06-12T18:53:09.255890,29.541880,14.770940,259.549562,1.576524,1.578274
2026-06-12T18:53:09.266034,29.552019,14.776010,259.638642,1.562014,1.574958
2026-06-12T18:53:09.278484,29.562073,14.781036,259.726968,1.554920,1.570444
2026-06-12T18:53:09.286545,29.572857,14.786428,259.821717,1.578458,1.568923
2026-06-12T18:53:09.297173,29.583161,14.791581,259.912249,1.582650,1.568094
2026-06-12T18:53:09.307486,29.593473,14.796736,260.002845,1.579426,1.570075
2026-06-12T18:53:09.319574,29.603776,14.801888,260.093367,1.585874,1.574267
2026-06-12T18:53:09.328477,29.614044,14.807022,260.183581,1.576524,1.574267
2026-06-12T18:53:09.338178,29.624171,14.812085,260.272553,1.543313,1.571595
2026-06-12T18:53:09.348489,29.634470,14.817235,260.363040,1.570720,1.573852
2026-06-12T18:53:09.361943,29.644968,14.822484,260.455270,1.583940,1.574635
2026-06-12T18:53:09.370128,29.655054,14.827527,260.543889,1.581683,1.574497
2026-06-12T18:53:09.382454,29.665527,14.832764,260.635903,1.587164,1.575603
2026-06-12T18:53:09.389832,29.675812,14.837906,260.726266,1.585552,1.575556
2026-06-12T18:53:09.403312,29.686072,14.843036,260.816401,1.572010,1.574912
2026-06-12T18:53:09.412738,29.696585,14.848293,260.908771,1.553953,1.576432
2026-06-12T18:53:09.421503,29.706893,14.853447,260.999338,1.571042,1.576478
2026-06-12T18:53:09.431041,29.717019,14.858510,261.088301,1.581683,1.576155
2026-06-12T18:53:09.444552,29.727162,14.863581,261.177414,1.567818,1.574175
2026-06-12T18:53:09.453891,29.737845,14.868922,261.271270,1.579426,1.573069
2026-06-12T18:53:09.462429,29.748409,14.874204,261.364083,1.583295,1.572747
2026-06-12T18:53:09.472785,29.758769,14.879384,261.455104,1.503008,1.562889
2026-06-12T18:53:09.486279,29.769205,14.884603,261.546796,1.540733,1.561001
2026-06-12T18:53:09.494619,29.779272,14.889636,261.635243,1.578136,1.562014
2026-06-12T18:53:09.504444,29.789655,14.894828,261.726467,1.574589,1.561001
2026-06-12T18:53:09.514460,29.799853,14.899927,261.816064,1.583617,1.563258
2026-06-12T18:53:09.526223,29.810164,14.905082,261.906654,1.586842,1.564317
2026-06-12T18:53:09.537424,29.820599,14.910300,261.998336,1.571365,1.562613
2026-06-12T18:53:09.545233,29.831203,14.915601,262.091498,1.571687,1.572424
2026-06-12T18:53:09.555493,29.841469,14.920734,262.181692,1.585552,1.578827
2026-06-12T18:53:09.566022,29.852005,14.926002,262.274260,1.523966,1.571088
2026-06-12T18:53:09.577932,29.862336,14.931168,262.365030,1.433362,1.550913
2026-06-12T18:53:09.586938,29.872980,14.936490,262.458542,1.528158,1.542990
2026-06-12T18:53:09.597429,29.883439,14.941720,262.550438,1.570397,1.540641
2026-06-12T18:53:09.607763,29.893737,14.946868,262.640909,1.565238,1.539766
2026-06-12T18:53:09.620589,29.904467,14.952234,262.735183,1.582973,1.541378
2026-06-12T18:53:09.629129,29.915109,14.957555,262.828684,1.585874,1.541424
2026-06-12T18:53:09.642355,29.925451,14.962725,262.919541,1.589744,1.550821
2026-06-12T18:53:09.652893,29.935677,14.967838,263.009386,1.586197,1.572655
2026-06-12T18:53:09.661965,29.945787,14.972894,263.098217,1.588776,1.581314
2026-06-12T18:53:09.670458,29.956432,14.978216,263.191735,1.552019,1.578689
2026-06-12T18:53:09.680816,29.966789,14.983394,263.282730,1.468830,1.564916
2026-06-12T18:53:09.691212,29.977191,14.988595,263.374119,1.533962,1.557915
2026-06-12T18:53:09.704242,29.987242,14.993621,263.462429,1.565883,1.555059
2026-06-12T18:53:09.711861,29.997843,14.998922,263.555568,1.577169,1.553262
2026-06-12T18:53:09.721974,30.007965,15.003982,263.644494,1.584907,1.553078
2026-06-12T18:53:09.732158,30.018136,15.009068,263.733858,1.589099,1.553124
2026-06-12T18:53:09.745085,30.028549,15.014275,263.825346,1.573622,1.556210
2026-06-12T18:53:09.754874,30.039750,15.019875,263.923755,1.586842,1.573069
2026-06-12T18:53:09.764251,30.050231,15.025116,264.015839,1.587487,1.580715
2026-06-12T18:53:09.774434,30.060407,15.030204,264.105245,1.550084,1.578458
2026-06-12T18:53:09.786245,30.070968,15.035484,264.198034,1.568463,1.577215
2026-06-12T18:53:09.795506,30.081484,15.040742,264.290421,1.584907,1.577215
2026-06-12T18:53:09.805677,30.091665,15.045832,264.379869,1.581683,1.576155
2026-06-12T18:53:09.815809,30.101791,15.050895,264.468832,1.561047,1.574359
2026-06-12T18:53:09.828537,30.112000,15.056000,264.558534,1.543635,1.568186
2026-06-12T18:53:09.837634,30.123038,15.061519,264.655511,1.556533,1.563764
2026-06-12T18:53:09.847228,30.133211,15.066605,264.744883,1.546860,1.563304
2026-06-12T18:53:09.861557,30.143465,15.071732,264.834973,1.575879,1.564363
2026-06-12T18:53:09.869640,30.153879,15.076940,264.926474,1.584262,1.564271
2026-06-12T18:53:09.878493,30.164460,15.082230,265.019438,1.587809,1.565146
2026-06-12T18:53:09.891315,30.175191,15.087596,265.113717,1.565561,1.565791
2026-06-12T18:53:09.899536,30.185519,15.092760,265.204455,1.582328,1.571319
2026-06-12T18:53:09.911750,30.195715,15.097858,265.294037,1.586519,1.575603
2026-06-12T18:53:09.920005,30.206470,15.103235,265.388527,1.585552,1.581130
2026-06-12T18:53:09.930680,30.216660,15.108330,265.478055,1.589099,1.583019
2026-06-12T18:53:09.940986,30.226990,15.113495,265.568812,1.565883,1.580393
2026-06-12T18:53:09.953447,30.237172,15.118586,265.658266,1.458512,1.561922
2026-06-12T18:53:09.961915,30.247894,15.123947,265.752471,1.513326,1.554460
2026-06-12T18:53:09.973541,30.258333,15.129167,265.844188,1.567818,1.552387
2026-06-12T18:53:09.982560,30.268545,15.134273,265.933909,1.568140,1.549761
2026-06-12T18:53:09.995676,30.278837,15.139418,266.024327,1.579748,1.548932
2026-06-12T18:53:10.004154,30.289545,15.144773,266.118408,1.586197,1.548518
2026-06-12T18:53:10.013641,30.299620,15.149810,266.206928,1.572332,1.549439
2026-06-12T18:53:10.023887,30.309871,15.154936,266.296991,1.582650,1.567173
2026-06-12T18:53:10.036217,30.320138,15.160069,266.387191,1.589421,1.578044
2026-06-12T18:53:10.044572,30.330605,15.165303,266.479155,1.590066,1.581222
2026-06-12T18:53:10.055064,30.341049,15.170524,266.570909,1.589099,1.584216
2026-06-12T18:53:10.067115,30.351089,15.175544,266.659121,1.588454,1.585460
2026-06-12T18:53:10.078263,30.361128,15.180564,266.747325,1.591678,1.586243
2026-06-12T18:53:10.086675,30.371442,15.185721,266.837944,1.567496,1.585552
2026-06-12T18:53:10.098369,30.381891,15.190946,266.929747,1.582005,1.585460
2026-06-12T18:53:10.106328,30.392311,15.196156,267.021292,1.588776,1.585368
2026-06-12T18:53:10.120550,30.402566,15.201283,267.111393,1.587164,1.584953
2026-06-12T18:53:10.128291,30.412693,15.206346,267.200361,1.585230,1.584400
2026-06-12T18:53:10.137931,30.423405,15.211703,267.294478,1.587809,1.584308
2026-06-12T18:53:10.147678,30.433658,15.216829,267.384563,1.523644,1.574589
2026-06-12T18:53:10.157797,30.443781,15.221890,267.473493,1.363715,1.545478
2026-06-12T18:53:10.169689,30.454660,15.227330,267.569079,1.407567,1.520558
2026-06-12T18:53:10.179011,30.464994,15.232497,267.659868,1.493980,1.507015
2026-06-12T18:53:10.191259,30.475262,15.237631,267.750088,1.554920,1.502409
2026-06-12T18:53:10.199775,30.485823,15.242911,267.842869,1.578781,1.501488
2026-06-12T18:53:10.211208,30.496279,15.248139,267.934733,1.578781,1.500198
2026-06-12T18:53:10.220463,30.506434,15.253217,268.023959,1.527836,1.500797
2026-06-12T18:53:10.230908,30.516882,15.258441,268.115749,1.553953,1.527974
2026-06-12T18:53:10.241027,30.527006,15.263503,268.204697,1.576201,1.552065
2026-06-12T18:53:10.253477,30.537646,15.268823,268.298174,1.566851,1.562475
2026-06-12T18:53:10.261763,30.547762,15.273881,268.387055,1.580715,1.566160
2026-06-12T18:53:10.272497,30.557809,15.278904,268.475324,1.588131,1.567496
2026-06-12T18:53:10.282263,30.568246,15.284123,268.567027,1.587487,1.568739
2026-06-12T18:53:10.294592,30.578544,15.289272,268.657503,1.590389,1.577675
2026-06-12T18:53:10.303877,30.589376,15.294688,268.752668,1.590711,1.582926
2026-06-12T18:53:10.314301,30.599758,15.299879,268.843880,1.583940,1.584032
2026-06-12T18:53:10.324198,30.610182,15.305091,268.935465,1.576846,1.585460
2026-06-12T18:53:10.338059,30.620781,15.310391,269.028587,1.586197,1.586243
2026-06-12T18:53:10.346295,30.631519,15.315760,269.122930,1.588131,1.586243
2026-06-12T18:53:10.355879,30.641863,15.320931,269.213808,1.592001,1.586888
2026-06-12T18:53:10.369544,30.652123,15.326062,269.303953,1.591356,1.587026
2026-06-12T18:53:10.377951,30.662367,15.331184,269.393958,1.592001,1.587210
2026-06-12T18:53:10.390717,30.673115,15.336557,269.488384,1.475601,1.571733
2026-06-12T18:53:10.397389,30.683367,15.341684,269.578457,1.404665,1.547136
2026-06-12T18:53:10.407919,30.693930,15.346965,269.671259,1.529770,1.539075
2026-06-12T18:53:10.420094,30.704094,15.352047,269.760562,1.569430,1.536403
2026-06-12T18:53:10.428529,30.714516,15.357258,269.852121,1.569753,1.533225
2026-06-12T18:53:10.438853,30.724830,15.362415,269.942742,1.583617,1.532120
2026-06-12T18:53:10.449190,30.735171,15.367585,270.033595,1.518485,1.521617
2026-06-12T18:53:10.462294,30.745467,15.372733,270.124053,1.420142,1.513695
2026-06-12T18:53:10.469889,30.755628,15.377814,270.213324,1.536864,1.532580
2026-06-12T18:53:10.483143,30.766064,15.383032,270.305012,1.573622,1.538845
2026-06-12T18:53:10.490607,30.776590,15.388295,270.397494,1.503653,1.529448
2026-06-12T18:53:10.504108,30.786801,15.393401,270.487211,1.479148,1.516504
2026-06-12T18:53:10.511675,30.797320,15.398660,270.579629,1.555888,1.512543
2026-06-12T18:53:10.521524,30.807507,15.403754,270.669128,1.574589,1.520558
2026-06-12T18:53:10.531753,30.817732,15.408866,270.758960,1.583617,1.543912
2026-06-12T18:53:10.545056,30.828195,15.414098,270.850892,1.586842,1.551051
2026-06-12T18:53:10.553078,30.838323,15.419162,270.939875,1.589744,1.553354
2026-06-12T18:53:10.563443,30.848797,15.424398,271.031894,1.580071,1.564271
2026-06-12T18:53:10.573235,30.859214,15.429607,271.123415,1.587164,1.579702
2026-06-12T18:53:10.587411,30.869682,15.434841,271.215381,1.589099,1.584447
2026-06-12T18:53:10.594570,30.879877,15.439938,271.304957,1.545247,1.580255
2026-06-12T18:53:10.604589,30.890000,15.445000,271.393897,1.526224,1.572056
2026-06-12T18:53:10.614275,30.900256,15.450128,271.484005,1.561369,1.568417
2026-06-12T18:53:10.627899,30.910430,15.455215,271.573391,1.459801,1.549854
2026-06-12T18:53:10.637209,30.921256,15.460628,271.668505,1.374033,1.520420
2026-06-12T18:53:10.645717,30.931694,15.465847,271.760209,1.518163,1.510562
2026-06-12T18:53:10.655778,30.941767,15.470883,271.848710,1.553631,1.505495
2026-06-12T18:53:10.669549,30.952213,15.476106,271.940486,1.568785,1.508858
2026-06-12T18:53:10.677877,30.962461,15.481230,272.030524,1.584262,1.517149
2026-06-12T18:53:10.687562,30.973076,15.486538,272.123784,1.587164,1.520834
2026-06-12T18:53:10.697215,30.983200,15.491600,272.212731,1.588776,1.539259
2026-06-12T18:53:10.707435,30.993459,15.496729,272.302867,1.589421,1.570029
2026-06-12T18:53:10.721332,31.003800,15.501900,272.393718,1.593290,1.580762
2026-06-12T18:53:10.728507,31.014128,15.507064,272.484461,1.487854,1.571365
2026-06-12T18:53:10.738580,31.024577,15.512289,272.576265,1.452708,1.554782
2026-06-12T18:53:10.748725,31.034705,15.517353,272.665250,1.546215,1.549347
2026-06-12T18:53:10.762313,31.045176,15.522588,272.757240,1.557822,1.545155
2026-06-12T18:53:10.769776,31.055241,15.527621,272.845678,1.435619,1.523276
2026-06-12T18:53:10.779458,31.065431,15.532715,272.935199,1.432717,1.500889
2026-06-12T18:53:10.789691,31.075669,15.537834,273.025146,1.524934,1.491124
2026-06-12T18:53:10.803815,31.086062,15.543031,273.116458,1.545570,1.499369
2026-06-12T18:53:10.813056,31.097031,15.548516,273.212836,1.571687,1.516366
2026-06-12T18:53:10.821600,31.107585,15.553792,273.305555,1.584585,1.521848
2026-06-12T18:53:10.831746,31.117732,15.558866,273.394711,1.579748,1.524980
2026-06-12T18:53:10.845775,31.127901,15.563951,273.484054,1.588454,1.546813
2026-06-12T18:53:10.854025,31.138200,15.569100,273.574539,1.592646,1.569660
2026-06-12T18:53:10.862810,31.148792,15.574396,273.667593,1.483339,1.563718
2026-06-12T18:53:10.873013,31.158998,15.579499,273.757262,1.430137,1.547228
2026-06-12T18:53:10.886215,31.169512,15.584756,273.849634,1.536864,1.542253
2026-06-12T18:53:10.895757,31.179660,15.589830,273.938798,1.564594,1.539397
2026-06-12T18:53:10.904485,31.189972,15.594986,274.029396,1.580715,1.539536
2026-06-12T18:53:10.914302,31.200287,15.600143,274.120017,1.589744,1.539720
2026-06-12T18:53:10.924479,31.210460,15.605230,274.209398,1.530093,1.530784
2026-06-12T18:53:10.936212,31.220578,15.610289,274.298293,1.437231,1.524197
2026-06-12T18:53:10.945392,31.231038,15.615519,274.390192,1.530738,1.538568
2026-06-12T18:53:10.955354,31.241336,15.620668,274.480668,1.573299,1.543773
2026-06-12T18:53:10.965627,31.251610,15.625805,274.570931,1.584262,1.546583
2026-06-12T18:53:10.978276,31.261708,15.630854,274.659658,1.589099,1.547781
2026-06-12T18:53:10.986474,31.271955,15.635978,274.749685,1.590711,1.547919
2026-06-12T18:53:10.996131,31.282105,15.641052,274.838858,1.585230,1.555796
2026-06-12T18:53:11.008485,31.292149,15.646074,274.927103,1.578781,1.576017
2026-06-12T18:53:11.019624,31.302759,15.651379,275.020318,1.587809,1.584170
2026-06-12T18:53:11.027918,31.312906,15.656453,275.109471,1.590066,1.586565
2026-06-12T18:53:11.039154,31.323470,15.661735,275.202281,1.590389,1.587441
2026-06-12T18:53:11.047669,31.333647,15.666824,275.291698,1.591356,1.587763
2026-06-12T18:53:11.061247,31.344017,15.672008,275.382805,1.563304,1.583848
2026-06-12T18:53:11.071733,31.354666,15.677333,275.476370,1.365972,1.552525
2026-06-12T18:53:11.078952,31.364939,15.682469,275.566619,1.445937,1.533547
2026-06-12T18:53:11.089144,31.375135,15.687568,275.656207,1.536542,1.526224
2026-06-12T18:53:11.099418,31.385482,15.692741,275.747108,1.513004,1.515215
2026-06-12T18:53:11.111327,31.395996,15.697998,275.839483,1.546860,1.508996
2026-06-12T18:53:11.120369,31.406352,15.703176,275.930470,1.575879,1.506785
2026-06-12T18:53:11.130574,31.416559,15.708280,276.020151,1.569430,1.507660
2026-06-12T18:53:11.140758,31.426734,15.713367,276.109544,1.575556,1.537601
2026-06-12T18:53:11.152942,31.437187,15.718593,276.201380,1.586519,1.557684
2026-06-12T18:53:11.162510,31.448118,15.724059,276.297416,1.567496,1.562106
2026-06-12T18:53:11.172657,31.458630,15.729315,276.389776,1.382417,1.543451
2026-06-12T18:53:11.186713,31.469075,15.734538,276.481547,1.398538,1.522262
2026-06-12T18:53:11.196109,31.479267,15.739634,276.571088,1.515906,1.513695
2026-06-12T18:53:11.203545,31.489544,15.744772,276.661376,1.548472,1.510700
2026-06-12T18:53:11.213792,31.499770,15.749885,276.751226,1.575556,1.510700
2026-06-12T18:53:11.224158,31.510150,15.755075,276.842419,1.583940,1.510332
2026-06-12T18:53:11.236825,31.520394,15.760197,276.932425,1.577491,1.511760
2026-06-12T18:53:11.244649,31.530656,15.765328,277.022580,1.559112,1.537002
2026-06-12T18:53:11.256397,31.540980,15.770490,277.113289,1.584262,1.563534
2026-06-12T18:53:11.265358,31.551336,15.775668,277.204275,1.584262,1.573299
2026-06-12T18:53:11.278420,31.561711,15.780855,277.295423,1.550084,1.573530
2026-06-12T18:53:11.286782,31.572244,15.786122,277.387970,1.570720,1.572839
2026-06-12T18:53:11.296612,31.582586,15.791293,277.478832,1.585552,1.573069
2026-06-12T18:53:11.306984,31.592960,15.796480,277.569970,1.516873,1.564409
2026-06-12T18:53:11.319908,31.603147,15.801573,277.659473,1.541378,1.561876
2026-06-12T18:53:11.327879,31.613483,15.806741,277.750283,1.569753,1.559803
2026-06-12T18:53:11.339467,31.623929,15.811965,277.842063,1.492045,1.546629
2026-06-12T18:53:11.348291,31.634274,15.817137,277.932955,1.491723,1.538292
2026-06-12T18:53:11.362012,31.644520,15.822260,278.022973,1.562014,1.537048
2026-06-12T18:53:11.370695,31.654837,15.827418,278.113613,1.582650,1.536634
2026-06-12T18:53:11.379020,31.665001,15.832501,278.202915,1.587487,1.546721
2026-06-12T18:53:11.391368,31.675185,15.837593,278.292389,1.590066,1.553677
2026-06-12T18:53:11.402891,31.685681,15.842840,278.384602,1.590711,1.556671
2026-06-12T18:53:11.412138,31.695945,15.847972,278.474778,1.514938,1.559941
2026-06-12T18:53:11.420908,31.706541,15.853270,278.567874,1.513004,1.562981
2026-06-12T18:53:11.430918,31.716901,15.858451,278.658901,1.566206,1.563580
2026-06-12T18:53:11.445082,31.727393,15.863697,278.751080,1.535574,1.556855
2026-06-12T18:53:11.454232,31.737526,15.868763,278.840107,1.416595,1.532442
2026-06-12T18:53:11.461986,31.747966,15.873983,278.931833,1.496237,1.519038
2026-06-12T18:53:11.472299,31.758286,15.879143,279.022501,1.547182,1.512819
2026-06-12T18:53:11.482362,31.768345,15.884172,279.110872,1.568140,1.520420
2026-06-12T18:53:11.494889,31.778803,15.889402,279.202758,1.575879,1.529402
2026-06-12T18:53:11.504248,31.789276,15.894638,279.294775,1.583940,1.531935
2026-06-12T18:53:11.513517,31.799504,15.899752,279.384635,1.565238,1.536173
2026-06-12T18:53:11.527913,31.809727,15.904864,279.474450,1.515583,1.550314
2026-06-12T18:53:11.536820,31.819768,15.909884,279.562664,1.537509,1.556210
2026-06-12T18:53:11.544541,31.829995,15.914997,279.652519,1.552019,1.556901
2026-06-12T18:53:11.554588,31.840047,15.920024,279.740838,1.577814,1.558283
2026-06-12T18:53:11.564580,31.850077,15.925038,279.828953,1.586197,1.559757
2026-06-12T18:53:11.574325,31.860304,15.930152,279.918810,1.496559,1.547274
2026-06-12T18:53:11.587051,31.871011,15.935505,280.012878,1.393057,1.522677
2026-06-12T18:53:11.595677,31.881651,15.940826,280.106363,1.522354,1.523644
2026-06-12T18:53:11.605711,31.891694,15.945847,280.194597,1.566851,1.527836
2026-06-12T18:53:11.615752,31.901745,15.950872,280.282901,1.573299,1.530876
2026-06-12T18:53:11.628481,31.911998,15.955999,280.372985,1.574589,1.530415
2026-06-12T18:53:11.639669,31.922899,15.961449,280.468755,1.557500,1.526316
2026-06-12T18:53:11.647318,31.933301,15.966651,280.560150,1.485274,1.524703
2026-06-12T18:53:11.657573,31.943560,15.971780,280.650278,1.551374,1.547320
2026-06-12T18:53:11.669534,31.953853,15.976926,280.740712,1.581360,1.555750
2026-06-12T18:53:11.678524,31.964498,15.982249,280.834236,1.570075,1.556210
2026-06-12T18:53:11.688651,31.974631,15.987316,280.923269,1.577491,1.556809
2026-06-12T18:53:11.699180,31.985167,15.992583,281.015830,1.586842,1.558559
2026-06-12T18:53:11.712228,31.995677,15.997839,281.108176,1.531060,1.554782
2026-06-12T18:53:11.720172,32.006148,16.003074,281.200165,1.372099,1.538614
2026-06-12T18:53:11.730314,32.016294,16.008147,281.289308,1.442390,1.523045
2026-06-12T18:53:11.740395,32.026366,16.013183,281.377801,1.546215,1.518024
2026-06-12T18:53:11.754588,32.036753,16.018377,281.469059,1.547182,1.514754
2026-06-12T18:53:11.761939,32.047255,16.023627,281.561326,1.573299,1.514155
2026-06-12T18:53:11.771590,32.057567,16.028784,281.651928,1.580715,1.513280
2026-06-12T18:53:11.781885,32.067867,16.033934,281.742423,1.521065,1.511852
2026-06-12T18:53:11.794584,32.078146,16.039073,281.832727,1.538476,1.535620
2026-06-12T18:53:11.804368,32.088910,16.044455,281.927302,1.577491,1.554920
2026-06-12T18:53:11.813352,32.099333,16.049666,282.018874,1.585874,1.560586
2026-06-12T18:53:11.823490,32.109491,16.054745,282.108118,1.577491,1.564916
2026-06-12T18:53:11.836232,32.119696,16.059848,282.197784,1.588131,1.567035
2026-06-12T18:53:11.844549,32.129892,16.064946,282.287360,1.583940,1.567496
2026-06-12T18:53:11.853953,32.139932,16.069966,282.375568,1.587809,1.577030
2026-06-12T18:53:11.864325,32.150311,16.075155,282.466755,1.593935,1.584953
2026-06-12T18:53:11.874736,32.160716,16.080358,282.558177,1.595225,1.587487
2026-06-12T18:53:11.887304,32.170969,16.085484,282.648255,1.541056,1.581084
2026-06-12T18:53:11.895211,32.181193,16.090596,282.738079,1.538799,1.575556
2026-06-12T18:53:11.905549,32.191531,16.095765,282.828905,1.577169,1.573990
2026-06-12T18:53:11.915813,32.201788,16.100894,282.919026,1.589744,1.574819
2026-06-12T18:53:11.928407,32.212185,16.106092,283.010371,1.555565,1.570213
2026-06-12T18:53:11.939966,32.222752,16.111376,283.103213,1.554598,1.564594
2026-06-12T18:53:11.947270,32.233256,16.116628,283.195499,1.562337,1.559895
2026-06-12T18:53:11.957473,32.243454,16.121727,283.285091,1.566528,1.563534
2026-06-12T18:53:11.969552,32.254097,16.127048,283.378602,1.584585,1.570075
2026-06-12T18:53:11.978425,32.264673,16.132336,283.471521,1.584907,1.571181
2026-06-12T18:53:11.989108,32.275107,16.137554,283.563196,1.583295,1.570259
2026-06-12T18:53:12.002906,32.285424,16.142712,283.653836,1.589099,1.575050
2026-06-12T18:53:12.012478,32.295956,16.147978,283.746371,1.593290,1.580577
2026-06-12T18:53:12.020535,32.306512,16.153256,283.839114,1.588776,1.584354
2026-06-12T18:53:12.030865,32.316844,16.158422,283.929886,1.591033,1.587855
2026-06-12T18:53:12.041361,32.327347,16.163674,284.022168,1.592968,1.589053
2026-06-12T18:53:12.055406,32.338246,16.169123,284.117921,1.482372,1.574405
2026-06-12T18:53:12.062666,32.348643,16.174322,284.209269,1.496559,1.562014
2026-06-12T18:53:12.075609,32.359089,16.179545,284.301044,1.566206,1.558744
2026-06-12T18:53:12.086214,32.369573,16.184787,284.393155,1.580715,1.556947
2026-06-12T18:53:12.095000,32.380273,16.190136,284.487160,1.574589,1.554920
2026-06-12T18:53:12.104593,32.390570,16.195285,284.577626,1.584262,1.553953
2026-06-12T18:53:12.115119,32.401097,16.200548,284.670116,1.588454,1.553308
2026-06-12T18:53:12.128569,32.411577,16.205788,284.762192,1.556855,1.563949
2026-06-12T18:53:12.136178,32.421708,16.210854,284.851203,1.565883,1.573852
2026-06-12T18:53:12.149140,32.432044,16.216022,284.942009,1.586842,1.576800
2026-06-12T18:53:12.156468,32.442450,16.221225,285.033437,1.589744,1.578090
2026-06-12T18:53:12.166513,32.452493,16.226246,285.121670,1.577814,1.578551
2026-06-12T18:53:12.177863,32.462773,16.231386,285.211990,1.589099,1.579241
2026-06-12T18:53:12.187318,32.473300,16.236650,285.304480,1.555888,1.574589
2026-06-12T18:53:12.197577,32.483558,16.241779,285.394607,1.562659,1.575418
2026-06-12T18:53:12.207801,32.493783,16.246892,285.484441,1.586842,1.578412
2026-06-12T18:53:12.221878,32.504585,16.252293,285.579347,1.584907,1.578136
2026-06-12T18:53:12.229266,32.515242,16.257621,285.672978,1.587487,1.577814
2026-06-12T18:53:12.239957,32.525503,16.262751,285.763126,1.591356,1.579748
2026-06-12T18:53:12.253660,32.535860,16.267930,285.854125,1.565883,1.576432
2026-06-12T18:53:12.262208,32.546039,16.273020,285.943554,1.464638,1.563396
2026-06-12T18:53:12.270313,32.556575,16.278288,286.036123,1.383706,1.537831
2026-06-12T18:53:12.280923,32.566904,16.283452,286.126864,1.507845,1.526546
2026-06-12T18:53:12.294553,32.577399,16.288700,286.219075,1.546537,1.521065
2026-06-12T18:53:12.304304,32.587607,16.293804,286.308764,1.576846,1.519544
2026-06-12T18:53:12.312581,32.597792,16.298896,286.398248,1.590066,1.519360
2026-06-12T18:53:12.321899,32.607880,16.303940,286.486873,1.517518,1.512451
2026-06-12T18:53:12.332084,32.618265,16.309132,286.578116,1.444969,1.509641
2026-06-12T18:53:12.344531,32.628409,16.314204,286.667236,1.543313,1.532442
2026-06-12T18:53:12.355779,32.639047,16.319524,286.760707,1.572977,1.541747
2026-06-12T18:53:12.364029,32.649361,16.324680,286.851318,1.577169,1.546123
2026-06-12T18:53:12.373485,32.659476,16.329738,286.940186,1.588454,1.547781
2026-06-12T18:53:12.386726,32.669882,16.334941,287.031614,1.582973,1.546767
2026-06-12T18:53:12.395163,32.680069,16.340034,287.121112,1.574912,1.554967
2026-06-12T18:53:12.404524,32.690118,16.345059,287.209402,1.583617,1.574773
2026-06-12T18:53:12.414250,32.700224,16.350112,287.298195,1.593290,1.581913
2026-06-12T18:53:12.427931,32.710717,16.355359,287.390385,1.581038,1.583065
2026-06-12T18:53:12.437316,32.721299,16.360649,287.483352,1.582005,1.583756
2026-06-12T18:53:12.445755,32.731738,16.365869,287.575066,1.590066,1.583986
2026-06-12T18:53:12.455928,32.742378,16.371189,287.668554,1.569430,1.582051
2026-06-12T18:53:12.469480,32.752556,16.376278,287.757969,1.543958,1.577629
2026-06-12T18:53:12.478234,32.762677,16.381338,287.846893,1.577491,1.576754
2026-06-12T18:53:12.487298,32.773272,16.386636,287.939980,1.587809,1.575971
2026-06-12T18:53:12.497590,32.783570,16.391785,288.030455,1.591033,1.577399
2026-06-12T18:53:12.507796,32.793780,16.396890,288.120164,1.591356,1.578735
2026-06-12T18:53:12.519564,32.804394,16.402197,288.213414,1.594903,1.579426
2026-06-12T18:53:12.528958,32.814936,16.407468,288.306035,1.581360,1.581130
2026-06-12T18:53:12.540024,32.824990,16.412495,288.394364,1.590389,1.587763
2026-06-12T18:53:12.552876,32.835488,16.417744,288.486594,1.595548,1.590342
2026-06-12T18:53:12.562226,32.845867,16.422934,288.577790,1.588131,1.590389
2026-06-12T18:53:12.569993,32.856239,16.428119,288.668910,1.585552,1.589605
2026-06-12T18:53:12.580654,32.866645,16.433322,288.760334,1.586842,1.588961
2026-06-12T18:53:12.591601,32.876903,16.438452,288.850464,1.588131,1.587993
2026-06-12T18:53:12.604146,32.887106,16.443553,288.940108,1.530093,1.580669
2026-06-12T18:53:12.611815,32.897234,16.448617,289.029085,1.542345,1.573806
2026-06-12T18:53:12.621746,32.907721,16.453861,289.121224,1.580071,1.571595
2026-06-12T18:53:12.632130,32.918110,16.459055,289.212499,1.581683,1.570674
2026-06-12T18:53:12.644562,32.928203,16.464102,289.301179,1.559435,1.566943
2026-06-12T18:53:12.654191,32.939478,16.469739,289.400232,1.561047,1.563258
2026-06-12T18:53:12.663751,32.949731,16.474865,289.490314,1.556533,1.558744
2026-06-12T18:53:12.674022,32.960007,16.480004,289.580599,1.564594,1.563672
2026-06-12T18:53:12.689319,32.970487,16.485244,289.672675,1.585874,1.569891
2026-06-12T18:53:12.695094,32.980667,16.490334,289.762115,1.592323,1.571641
2026-06-12T18:53:12.705089,32.991059,16.495530,289.853419,1.591033,1.572977
2026-06-12T18:53:12.715113,33.001096,16.500548,289.941599,1.592968,1.577767
2026-06-12T18:53:12.727834,33.011302,16.505651,290.031264,1.568785,1.578873
2026-06-12T18:53:12.737829,33.021920,16.510960,290.124553,1.354687,1.550038
2026-06-12T18:53:12.746038,33.032025,16.516012,290.213334,1.280204,1.509411
2026-06-12T18:53:12.756082,33.042059,16.521029,290.301490,1.483339,1.494763
2026-06-12T18:53:12.769537,33.052099,16.526049,290.389702,1.555243,1.489466
2026-06-12T18:53:12.778556,33.062721,16.531361,290.483030,1.580071,1.487900
2026-06-12T18:53:12.787251,33.073249,16.536625,290.575524,1.587164,1.487070
2026-06-12T18:53:12.797396,33.083381,16.541691,290.664543,1.575556,1.488038
2026-06-12T18:53:12.807769,33.093767,16.546883,290.755786,1.446582,1.501166
2026-06-12T18:53:12.820140,33.103904,16.551952,290.844851,1.504298,1.533179
2026-06-12T18:53:12.828295,33.114275,16.557137,290.935968,1.568140,1.545293
2026-06-12T18:53:12.840630,33.124616,16.562308,291.026822,1.574912,1.548103
2026-06-12T18:53:12.848881,33.134867,16.567433,291.116885,1.585874,1.548932
2026-06-12T18:53:12.861159,33.145104,16.572552,291.206828,1.592001,1.549623
2026-06-12T18:53:12.870634,33.155296,16.577648,291.296373,1.569753,1.548794
2026-06-12T18:53:12.879618,33.165623,16.582812,291.387104,1.583940,1.568417
2026-06-12T18:53:12.893130,33.175886,16.587943,291.477272,1.592323,1.580992
2026-06-12T18:53:12.900074,33.186126,16.593063,291.567239,1.508489,1.572470
2026-06-12T18:53:12.911188,33.196323,16.598162,291.656832,1.391122,1.546215
2026-06-12T18:53:12.920630,33.206602,16.603301,291.747138,1.510424,1.535436
2026-06-12T18:53:12.930949,33.216936,16.608468,291.837930,1.565238,1.531613
2026-06-12T18:53:12.941225,33.227202,16.613601,291.928127,1.583940,1.533640
2026-06-12T18:53:12.952884,33.237658,16.618829,292.019988,1.591356,1.534699
2026-06-12T18:53:12.962287,33.248261,16.624131,292.113150,1.561692,1.530323
2026-06-12T18:53:12.972605,33.258580,16.629290,292.203807,1.514293,1.531152
2026-06-12T18:53:12.982797,33.268778,16.634389,292.293400,1.521709,1.549808
2026-06-12T18:53:12.994601,33.278824,16.639412,292.381669,1.566851,1.557868
2026-06-12T18:53:13.002902,33.289101,16.644550,292.471955,1.582650,1.560356
2026-06-12T18:53:13.013200,33.299173,16.649587,292.560451,1.590389,1.561277
2026-06-12T18:53:13.023604,33.309578,16.654789,292.651865,1.592001,1.561369
2026-06-12T18:53:13.036256,33.319866,16.659933,292.742251,1.589744,1.565377
2026-06-12T18:53:13.044899,33.330375,16.665188,292.834587,1.539443,1.568970
2026-06-12T18:53:13.054854,33.340858,16.670429,292.926691,1.570397,1.575925
2026-06-12T18:53:13.065173,33.351148,16.675574,293.017090,1.583295,1.578274
2026-06-12T18:53:13.077946,33.361219,16.680610,293.105576,1.568463,1.576247
2026-06-12T18:53:13.086251,33.371640,16.685820,293.197130,1.580715,1.574866
2026-06-12T18:53:13.095708,33.381679,16.690839,293.285332,1.591033,1.574727
2026-06-12T18:53:13.106224,33.392211,16.696106,293.377867,1.547827,1.568739
2026-06-12T18:53:13.118702,33.402669,16.701335,293.469747,1.575879,1.573944
2026-06-12T18:53:13.128268,33.412892,16.706446,293.559562,1.588131,1.576478
2026-06-12T18:53:13.137423,33.423401,16.711700,293.651890,1.578458,1.575787
2026-06-12T18:53:13.147517,33.433487,16.716743,293.740505,1.540088,1.571733
2026-06-12T18:53:13.157662,33.443633,16.721817,293.829652,1.537509,1.565561
2026-06-12T18:53:13.169576,33.454159,16.727080,293.922128,1.557178,1.560724
2026-06-12T18:53:13.178758,33.464741,16.732371,294.015103,1.546537,1.560540
2026-06-12T18:53:13.189290,33.475272,16.737636,294.107623,1.574912,1.560402
2026-06-12T18:53:13.201856,33.485344,16.742672,294.196114,1.584585,1.559895
2026-06-12T18:53:13.211282,33.495435,16.747717,294.284768,1.573299,1.559158
2026-06-12T18:53:13.219570,33.505555,16.752777,294.373682,1.587809,1.565975
2026-06-12T18:53:13.229676,33.515651,16.757825,294.462385,1.594903,1.574175
2026-06-12T18:53:13.240607,33.526075,16.763037,294.553967,1.577491,1.577077
2026-06-12T18:53:13.250391,33.536375,16.768187,294.644461,1.572010,1.580715
2026-06-12T18:53:13.261645,33.546912,16.773456,294.737036,1.586519,1.582374
2026-06-12T18:53:13.271253,33.557224,16.778612,294.827642,1.589099,1.583019
2026-06-12T18:53:13.282401,33.567402,16.783701,294.917059,1.447871,1.565100
2026-06-12T18:53:13.295142,33.577603,16.788802,295.006687,1.436264,1.543451
2026-06-12T18:53:13.303363,33.588018,16.794009,295.098190,1.538154,1.535344
2026-06-12T18:53:13.312740,33.598722,16.799361,295.192230,1.576201,1.535160
2026-06-12T18:53:13.323230,33.609231,16.804616,295.284564,1.582650,1.536680
2026-06-12T18:53:13.336254,33.619768,16.809884,295.377140,1.591678,1.537417
2026-06-12T18:53:13.344898,33.630119,16.815059,295.468078,1.554920,1.532534
2026-06-12T18:53:13.354670,33.640666,16.820333,295.560748,1.530738,1.544372
2026-06-12T18:53:13.364933,33.650906,16.825453,295.650708,1.572655,1.563857
2026-06-12T18:53:13.377963,33.660946,16.830473,295.738925,1.574267,1.569016
2026-06-12T18:53:13.386778,33.671412,16.835706,295.830871,1.574267,1.568739
2026-06-12T18:53:13.395802,33.681783,16.840892,295.921992,1.588776,1.569614
2026-06-12T18:53:13.406084,33.692065,16.846032,296.012323,1.590711,1.569476
2026-06-12T18:53:13.419647,33.702569,16.851285,296.104613,1.582650,1.573438
2026-06-12T18:53:13.428404,33.713555,16.856778,296.201138,1.588454,1.581683
2026-06-12T18:53:13.440843,33.723690,16.861845,296.290175,1.593935,1.584723
2026-06-12T18:53:13.448117,33.734098,16.867049,296.381618,1.582973,1.585967
2026-06-12T18:53:13.461210,33.744279,16.872140,296.471071,1.589744,1.588178
2026-06-12T18:53:13.470062,33.755105,16.877552,296.566183,1.592646,1.588730
2026-06-12T18:53:13.479585,33.765564,16.882782,296.658078,1.587809,1.588316
2026-06-12T18:53:13.489833,33.775819,16.887910,296.748176,1.581038,1.588085
2026-06-12T18:53:13.503462,33.785965,16.892983,296.837317,1.589421,1.588224
2026-06-12T18:53:13.512220,33.796298,16.898149,296.928101,1.582328,1.586565
2026-06-12T18:53:13.520688,33.806662,16.903331,297.019159,1.545892,1.581268
2026-06-12T18:53:13.530982,33.816962,16.908481,297.109648,1.578136,1.579610
2026-06-12T18:53:13.545165,33.827402,16.913701,297.201373,1.586197,1.578689
2026-06-12T18:53:13.552824,33.837612,16.918806,297.291073,1.573622,1.576662
2026-06-12T18:53:13.561900,33.847877,16.923938,297.381262,1.586519,1.577445
2026-06-12T18:53:13.571953,33.857930,16.928965,297.469588,1.591356,1.577721
2026-06-12T18:53:13.582434,33.868414,16.934207,297.561699,1.583940,1.577952
2026-06-12T18:53:13.594547,33.878453,16.939226,297.649896,1.588776,1.584078
2026-06-12T18:53:13.604128,33.889415,16.944708,297.746210,1.582650,1.584723
2026-06-12T18:53:13.613945,33.899918,16.949959,297.838486,1.505588,1.573207
2026-06-12T18:53:13.628464,33.910458,16.955229,297.931086,1.541378,1.568601
2026-06-12T18:53:13.638782,33.921029,16.960515,298.023963,1.581360,1.567864
2026-06-12T18:53:13.645369,33.931361,16.965681,298.114739,1.578458,1.566022
2026-06-12T18:53:13.657897,33.941712,16.970856,298.205682,1.528481,1.558099
2026-06-12T18:53:13.666072,33.952045,16.976022,298.296460,1.506555,1.546353
2026-06-12T18:53:13.677886,33.962754,16.981377,298.390550,1.470119,1.530277
2026-06-12T18:53:13.687333,33.973316,16.986658,298.483350,1.485596,1.527421
2026-06-12T18:53:13.697509,33.983484,16.991742,298.572677,1.533962,1.526362
2026-06-12T18:53:13.707798,33.993783,16.996891,298.663162,1.573944,1.525302
2026-06-12T18:53:13.719577,34.004147,17.002073,298.754219,1.577491,1.525164
2026-06-12T18:53:13.728530,34.014508,17.007254,298.845248,1.587164,1.533547
2026-06-12T18:53:13.740621,34.024623,17.012311,298.934116,1.591033,1.545616
2026-06-12T18:53:13.753154,34.034700,17.017350,299.022654,1.581360,1.561507
2026-06-12T18:53:13.761170,34.045334,17.022667,299.116086,1.578458,1.574773
2026-06-12T18:53:13.769519,34.055528,17.027764,299.205645,1.590711,1.582880
2026-06-12T18:53:13.780017,34.066007,17.033003,299.297710,1.543958,1.578597
2026-06-12T18:53:13.790395,34.076376,17.038188,299.388810,1.472699,1.563626
2026-06-12T18:53:13.803577,34.086754,17.043377,299.479992,1.544602,1.557546
2026-06-12T18:53:13.812074,34.097098,17.048549,299.570874,1.578136,1.555704
2026-06-12T18:53:13.821556,34.107539,17.053769,299.662605,1.580715,1.555611
2026-06-12T18:53:13.831965,34.117948,17.058974,299.754053,1.593613,1.557776
2026-06-12T18:53:13.844504,34.128061,17.064031,299.842909,1.590066,1.557684
2026-06-12T18:53:13.854975,34.139100,17.069550,299.939898,1.519452,1.554183
2026-06-12T18:53:13.863848,34.149305,17.074652,300.029552,1.559435,1.566574
2026-06-12T18:53:13.875240,34.159662,17.079831,300.120546,1.585874,1.572470
2026-06-12T18:53:13.886576,34.170090,17.085045,300.212170,1.571042,1.571457
2026-06-12T18:53:13.894693,34.180249,17.090125,300.301423,1.536864,1.565192
2026-06-12T18:53:13.904498,34.190488,17.095244,300.391380,1.572010,1.562106
2026-06-12T18:53:13.914545,34.200519,17.100259,300.479509,1.587487,1.561738
2026-06-12T18:53:13.927855,34.210792,17.105396,300.569769,1.536219,1.564133
2026-06-12T18:53:13.936546,34.221116,17.110558,300.660476,1.510102,1.557085
2026-06-12T18:53:13.945671,34.231655,17.115828,300.753067,1.536219,1.549992
2026-06-12T18:53:13.956146,34.242128,17.121064,300.845078,1.556855,1.547965
2026-06-12T18:53:13.966390,34.252368,17.126184,300.935049,1.559435,1.551189
2026-06-12T18:53:13.977910,34.262586,17.131293,301.024818,1.585874,1.553170
2026-06-12T18:53:13.987302,34.273281,17.136640,301.118784,1.589099,1.553400
2026-06-12T18:53:13.997638,34.283620,17.141810,301.209622,1.586842,1.560632
2026-06-12T18:53:14.011254,34.293777,17.146888,301.298854,1.591356,1.572240
2026-06-12T18:53:14.019591,34.304358,17.152179,301.391822,1.584907,1.579195
2026-06-12T18:53:14.028946,34.314923,17.157462,301.484647,1.555888,1.579057
2026-06-12T18:53:14.040571,34.325047,17.162523,301.573590,1.580715,1.582097
2026-06-12T18:53:14.049207,34.335194,17.167597,301.662742,1.588454,1.582466
2026-06-12T18:53:14.061200,34.345643,17.172821,301.754541,1.585552,1.581959
2026-06-12T18:53:14.070174,34.356154,17.178077,301.846891,1.591033,1.582558
2026-06-12T18:53:14.080659,34.366645,17.183323,301.939067,1.588454,1.582143
2026-06-12T18:53:14.091189,34.377169,17.188584,302.031525,1.492368,1.568923
2026-06-12T18:53:14.102921,34.387401,17.193700,302.121418,1.546537,1.567588
2026-06-12T18:53:14.111823,34.397796,17.198898,302.212750,1.585874,1.568325
2026-06-12T18:53:14.121969,34.407965,17.203983,302.302095,1.589744,1.568509
2026-06-12T18:53:14.132114,34.418094,17.209047,302.391083,1.592001,1.569430
2026-06-12T18:53:14.144549,34.428231,17.214115,302.480144,1.588776,1.569108
2026-06-12T18:53:14.154364,34.439565,17.219783,302.579728,1.586197,1.568785
2026-06-12T18:53:14.164102,34.450082,17.225041,302.672123,1.496882,1.569430
2026-06-12T18:53:14.178027,34.460488,17.230244,302.763550,1.503008,1.563212
2026-06-12T18:53:14.186568,34.471058,17.235529,302.856422,1.568140,1.560678
2026-06-12T18:53:14.195599,34.481575,17.240787,302.948816,1.573944,1.558421
2026-06-12T18:53:14.205979,34.491976,17.245988,303.040198,1.580715,1.556809
2026-06-12T18:53:14.216046,34.502046,17.251023,303.128675,1.589744,1.556947
2026-06-12T18:53:14.228020,34.512506,17.256253,303.220567,1.537186,1.549946
2026-06-12T18:53:14.236606,34.522586,17.261293,303.309128,1.465283,1.545432
2026-06-12T18:53:14.247075,34.533048,17.266524,303.401047,1.551374,1.552341
2026-06-12T18:53:14.257326,34.543302,17.271651,303.491137,1.577169,1.553631
2026-06-12T18:53:14.269669,34.553338,17.276669,303.579317,1.582328,1.554828
2026-06-12T18:53:14.278450,34.563527,17.281763,303.668830,1.588776,1.555980
2026-06-12T18:53:14.287719,34.573703,17.286851,303.758237,1.566528,1.552663
2026-06-12T18:53:14.297920,34.583903,17.291952,303.847855,1.483984,1.545063
2026-06-12T18:53:14.311380,34.594237,17.297118,303.938641,1.550729,1.557270
2026-06-12T18:53:14.319714,34.604430,17.302215,304.028200,1.580715,1.561461
2026-06-12T18:53:14.329121,34.615100,17.307550,304.121940,1.583940,1.562429
2026-06-12T18:53:14.342129,34.625575,17.312787,304.213972,1.588454,1.563304
2026-06-12T18:53:14.352979,34.635933,17.317966,304.304977,1.592001,1.563764
2026-06-12T18:53:14.362864,34.646191,17.323096,304.395106,1.536219,1.559435
2026-06-12T18:53:14.370637,34.656627,17.328314,304.486794,1.516228,1.564041
2026-06-12T18:53:14.384193,34.666988,17.333494,304.577820,1.570720,1.566897
2026-06-12T18:53:14.391347,34.677332,17.338666,304.668699,1.582973,1.567219
2026-06-12T18:53:14.403491,34.687642,17.343821,304.759283,1.575234,1.565975
2026-06-12T18:53:14.412145,34.698131,17.349066,304.851442,1.586519,1.565699
2026-06-12T18:53:14.422483,34.708473,17.354237,304.942303,1.588131,1.565146
2026-06-12T18:53:14.436184,34.718866,17.359433,305.033609,1.532350,1.564594
2026-06-12T18:53:14.444671,34.729041,17.364521,305.123012,1.503330,1.562751
2026-06-12T18:53:14.454256,34.739509,17.369755,305.214981,1.565561,1.562014
2026-06-12T18:53:14.464391,34.749732,17.374866,305.304795,1.583295,1.562060
2026-06-12T18:53:14.477843,34.759963,17.379982,305.394684,1.588776,1.563995
2026-06-12T18:53:14.487434,34.770614,17.385307,305.488261,1.592001,1.564778
2026-06-12T18:53:14.495163,34.781147,17.390573,305.580801,1.536542,1.557408
2026-06-12T18:53:14.505540,34.791515,17.395758,305.671895,1.521387,1.555842
2026-06-12T18:53:14.515575,34.801561,17.400781,305.760159,1.572977,1.565791
2026-06-12T18:53:14.528465,34.811874,17.405937,305.850760,1.585874,1.568693
2026-06-12T18:53:14.537399,34.822449,17.411225,305.943675,1.588776,1.569476
2026-06-12T18:53:14.546527,34.832511,17.416255,306.032075,1.589421,1.569568
2026-06-12T18:53:14.556824,34.842795,17.421397,306.122430,1.568785,1.566252
2026-06-12T18:53:14.569525,34.853202,17.426601,306.213866,1.485274,1.558928
2026-06-12T18:53:14.579922,34.864009,17.432005,306.308816,1.547182,1.562613
2026-06-12T18:53:14.588521,34.874506,17.437253,306.401037,1.579748,1.563580
2026-06-12T18:53:14.598800,34.884784,17.442392,306.491336,1.587809,1.563857
2026-06-12T18:53:14.611164,34.895205,17.447602,306.582893,1.584585,1.563258
2026-06-12T18:53:14.619397,34.905419,17.452709,306.672632,1.584907,1.562613
2026-06-12T18:53:14.629972,34.915953,17.457976,306.765181,1.588454,1.565423
2026-06-12T18:53:14.641002,34.926464,17.463232,306.857534,1.587809,1.580071
2026-06-12T18:53:14.653568,34.936997,17.468499,306.950076,1.582005,1.585045
2026-06-12T18:53:14.662347,34.947357,17.473679,307.041095,1.585230,1.585828
2026-06-12T18:53:14.671543,34.957731,17.478865,307.132235,1.528481,1.577353
2026-06-12T18:53:14.681920,34.967899,17.483950,307.221573,1.533962,1.570121
2026-06-12T18:53:14.695122,34.977957,17.488978,307.309937,1.575879,1.568831
2026-06-12T18:53:14.704717,34.988174,17.494087,307.399700,1.573299,1.566666
2026-06-12T18:53:14.714387,34.998352,17.499176,307.489129,1.556533,1.562198
2026-06-12T18:53:14.724787,35.008770,17.504385,307.580657,1.580715,1.562014
2026-06-12T18:53:14.732970,35.018947,17.509473,307.670068,1.542990,1.555980
2026-06-12T18:53:14.744458,35.029085,17.514543,307.759140,1.524934,1.555473
2026-06-12T18:53:14.754155,35.039547,17.519773,307.851057,1.572010,1.560909
2026-06-12T18:53:14.763645,35.049625,17.524812,307.939599,1.584585,1.562152
2026-06-12T18:53:14.774023,35.060000,17.530000,308.030753,1.547504,1.558467
2026-06-12T18:53:14.787065,35.070180,17.535090,308.120195,1.572332,1.560724
2026-06-12T18:53:14.794521,35.080552,17.540276,308.211319,1.588776,1.561876
2026-06-12T18:53:14.804883,35.090862,17.545431,308.301901,1.576524,1.566666
2026-06-12T18:53:14.814918,35.100893,17.550446,308.390028,1.559435,1.571595
2026-06-12T18:53:14.827829,35.111174,17.555587,308.480363,1.581038,1.572885
2026-06-12T18:53:14.836851,35.121527,17.560764,308.571321,1.588776,1.573484
2026-06-12T18:53:14.845697,35.131687,17.565844,308.660583,1.582973,1.578551
2026-06-12T18:53:14.856117,35.142094,17.571047,308.752021,1.593290,1.581545
2026-06-12T18:53:14.866545,35.152532,17.576266,308.843723,1.592001,1.582005
2026-06-12T18:53:14.878081,35.162655,17.581328,308.932663,1.565561,1.580439
2026-06-12T18:53:14.887103,35.173082,17.586541,309.024276,1.494947,1.571227
2026-06-12T18:53:14.897344,35.183326,17.591663,309.114269,1.544280,1.565975
2026-06-12T18:53:14.907668,35.193653,17.596827,309.205009,1.572332,1.563626
2026-06-12T18:53:14.920041,35.204143,17.602071,309.297165,1.587809,1.564317
2026-06-12T18:53:14.928689,35.214668,17.607334,309.389635,1.593935,1.564409
2026-06-12T18:53:14.941286,35.224751,17.612375,309.478223,1.575234,1.562014
2026-06-12T18:53:14.949303,35.235289,17.617645,309.570811,1.528803,1.556763
2026-06-12T18:53:14.962253,35.245865,17.622932,309.663729,1.566206,1.566943
2026-06-12T18:53:14.970030,35.256031,17.628015,309.753045,1.554598,1.568417
2026-06-12T18:53:14.983615,35.266540,17.633270,309.845378,1.539121,1.563672
2026-06-12T18:53:14.990889,35.276868,17.638434,309.936115,1.581038,1.562705
2026-06-12T18:53:15.003717,35.287158,17.643579,310.026520,1.588776,1.561968
2026-06-12T18:53:15.011706,35.297737,17.648868,310.119465,1.590389,1.564133
2026-06-12T18:53:15.022277,35.308251,17.654125,310.211838,1.591033,1.573023
2026-06-12T18:53:15.032510,35.318491,17.659245,310.301805,1.591356,1.576616
2026-06-12T18:53:15.044918,35.328703,17.664351,310.391528,1.507845,1.569937
2026-06-12T18:53:15.053718,35.338901,17.669450,310.481125,1.531705,1.568877
2026-06-12T18:53:15.063219,35.349197,17.674598,310.571585,1.576846,1.568279
2026-06-12T18:53:15.074126,35.359539,17.679770,310.662452,1.573299,1.566068
2026-06-12T18:53:15.086160,35.370043,17.685022,310.754735,1.501718,1.553400
2026-06-12T18:53:15.095186,35.380520,17.690260,310.846787,1.542023,1.546399
2026-06-12T18:53:15.104730,35.390710,17.695355,310.936309,1.538476,1.538845
2026-06-12T18:53:15.114765,35.400752,17.700376,311.024540,1.524289,1.541194
2026-06-12T18:53:15.128605,35.410930,17.705465,311.113957,1.571365,1.546860
2026-06-12T18:53:15.137007,35.421116,17.710558,311.203452,1.589744,1.548702
2026-06-12T18:53:15.145637,35.431622,17.715811,311.295757,1.560079,1.546813
2026-06-12T18:53:15.155910,35.441890,17.720945,311.385972,1.579748,1.557961
2026-06-12T18:53:15.169799,35.451929,17.725965,311.474171,1.590066,1.564824
2026-06-12T18:53:15.181431,35.462387,17.731193,311.566050,1.513648,1.561277
2026-06-12T18:53:15.187562,35.473153,17.736577,311.660643,1.469797,1.553493
2026-06-12T18:53:15.197513,35.483488,17.741744,311.751446,1.556855,1.551420
2026-06-12T18:53:15.207814,35.493863,17.746932,311.842599,1.580393,1.550084
2026-06-12T18:53:15.219495,35.504443,17.752221,311.935549,1.588454,1.554137
2026-06-12T18:53:15.228979,35.514957,17.757479,312.027925,1.593290,1.556072
2026-06-12T18:53:15.241330,35.525301,17.762651,312.118807,1.594903,1.556763
2026-06-12T18:53:15.252848,35.535541,17.767770,312.208769,1.586519,1.567173
2026-06-12T18:53:15.261662,35.546063,17.773031,312.301211,1.588454,1.584124
2026-06-12T18:53:15.270358,35.556425,17.778213,312.392253,1.594258,1.589467
2026-06-12T18:53:15.280537,35.566521,17.783260,312.480954,1.531383,1.582466
2026-06-12T18:53:15.290811,35.576795,17.788398,312.571223,1.537509,1.575188
2026-06-12T18:53:15.303617,35.586998,17.793499,312.660863,1.576524,1.572793
2026-06-12T18:53:15.312857,35.597656,17.798828,312.754504,1.590711,1.572194
2026-06-12T18:53:15.321831,35.607810,17.803905,312.843711,1.589421,1.572608
2026-06-12T18:53:15.332180,35.618161,17.809081,312.934655,1.595225,1.573576
2026-06-12T18:53:15.344566,35.628283,17.814142,313.023586,1.594580,1.573622
2026-06-12T18:53:15.354179,35.639132,17.819566,313.118900,1.592323,1.582328
2026-06-12T18:53:15.363262,35.649244,17.824622,313.207741,1.591033,1.589974
2026-06-12T18:53:15.373624,35.659609,17.829805,313.298812,1.594258,1.592507
2026-06-12T18:53:15.386654,35.670057,17.835028,313.390599,1.593290,1.592876
2026-06-12T18:53:15.394524,35.680557,17.840279,313.482855,1.596192,1.593843
2026-06-12T18:53:15.408285,35.690848,17.845424,313.573268,1.594258,1.593705
2026-06-12T18:53:15.414903,35.700891,17.850446,313.661505,1.546537,1.586842
2026-06-12T18:53:15.428154,35.710937,17.855469,313.749770,1.494947,1.572931
2026-06-12T18:53:15.436605,35.721323,17.860662,313.841018,1.549761,1.567035
2026-06-12T18:53:15.445649,35.731642,17.865821,313.931681,1.513004,1.555427
2026-06-12T18:53:15.456037,35.742015,17.871007,314.022810,1.311803,1.515215
2026-06-12T18:53:15.466069,35.752062,17.876031,314.111083,1.197982,1.458327
2026-06-12T18:53:15.478221,35.762348,17.881174,314.201452,1.310513,1.417792
2026-06-12T18:53:15.486605,35.773261,17.886630,314.297330,1.468507,1.406645
2026-06-12T18:53:15.497612,35.783585,17.891792,314.388035,1.548149,1.414246
2026-06-12T18:53:15.507751,35.793808,17.896904,314.477861,1.575879,1.417977
2026-06-12T18:53:15.520021,35.804196,17.902098,314.569126,1.576524,1.427051
2026-06-12T18:53:15.530229,35.814278,17.907139,314.657701,1.583295,1.465836
2026-06-12T18:53:15.541463,35.824651,17.912325,314.748834,1.589421,1.521755
2026-06-12T18:53:15.548809,35.834791,17.917395,314.837924,1.589421,1.561600
2026-06-12T18:53:15.561812,35.845024,17.922512,314.927827,1.579426,1.577445
2026-06-12T18:53:15.569498,35.855537,17.927769,315.020200,1.588776,1.583249
2026-06-12T18:53:15.579754,35.865750,17.932875,315.109930,1.590066,1.585276
2026-06-12T18:53:15.589846,35.875819,17.937909,315.198390,1.563949,1.583479
2026-06-12T18:53:15.602838,35.886197,17.943099,315.289571,1.539121,1.577169
2026-06-12T18:53:15.611551,35.896825,17.948412,315.382942,1.568463,1.574175
2026-06-12T18:53:15.621348,35.907329,17.953664,315.475230,1.569108,1.571273
2026-06-12T18:53:15.631815,35.917799,17.958899,315.567218,1.582328,1.571687
2026-06-12T18:53:15.644941,35.927980,17.963990,315.656666,1.589099,1.571733
2026-06-12T18:53:15.653915,35.938342,17.969171,315.747710,1.524289,1.562337
2026-06-12T18:53:15.663268,35.948599,17.974299,315.837819,1.552019,1.560632
2026-06-12T18:53:15.673031,35.959012,17.979506,315.929311,1.583617,1.566989
2026-06-12T18:53:15.686741,35.969299,17.984649,316.019685,1.484952,1.555059
2026-06-12T18:53:15.694594,35.979991,17.989996,316.113628,1.444969,1.537325
2026-06-12T18:53:15.704451,35.990434,17.995217,316.205374,1.539443,1.531198
2026-06-12T18:53:15.714945,36.000926,18.000463,316.297559,1.575234,1.529218
2026-06-12T18:53:15.727868,36.011153,18.005577,316.387412,1.583295,1.537647
2026-06-12T18:53:15.736770,36.021349,18.010675,316.476992,1.591678,1.543313
2026-06-12T18:53:15.745645,36.031632,18.015816,316.567339,1.591356,1.544418
2026-06-12T18:53:15.756107,36.042080,18.021040,316.659126,1.540733,1.552387
2026-06-12T18:53:15.766277,36.052270,18.026135,316.748654,1.503008,1.560678
2026-06-12T18:53:15.777803,36.062984,18.031492,316.842786,1.567818,1.564732
2026-06-12T18:53:15.787087,36.073068,18.036534,316.931383,1.581360,1.565607
2026-06-12T18:53:15.797343,36.083329,18.041665,317.021538,1.589099,1.566436
2026-06-12T18:53:15.811749,36.093600,18.046800,317.111777,1.593613,1.566712
2026-06-12T18:53:15.820076,36.103753,18.051876,317.200974,1.565561,1.563027
2026-06-12T18:53:15.828175,36.113839,18.056919,317.289588,1.534284,1.562106
2026-06-12T18:53:15.838016,36.123994,18.061997,317.378808,1.569108,1.571549
2026-06-12T18:53:15.848511,36.134495,18.067248,317.471072,1.586197,1.574175
2026-06-12T18:53:15.861411,36.144983,18.072492,317.563220,1.584585,1.574635
2026-06-12T18:53:15.869704,36.155462,18.077731,317.655286,1.592968,1.575188
2026-06-12T18:53:15.879588,36.165573,18.082786,317.744112,1.592001,1.574958
2026-06-12T18:53:15.889810,36.175799,18.087899,317.833958,1.589421,1.578366
2026-06-12T18:53:15.899905,36.185887,18.092943,317.922589,1.588131,1.586059
2026-06-12T18:53:15.911338,36.196368,18.098184,318.014678,1.592323,1.589375
2026-06-12T18:53:15.920821,36.206808,18.103404,318.106403,1.581683,1.588730
2026-06-12T18:53:15.931122,36.217098,18.108549,318.196808,1.549117,1.583663
2026-06-12T18:53:15.942123,36.227586,18.113793,318.288950,1.571687,1.580623
2026-06-12T18:53:15.954268,36.238117,18.119058,318.381473,1.588776,1.580163
2026-06-12T18:53:15.962237,36.248211,18.124105,318.470159,1.584907,1.579518
2026-06-12T18:53:15.972622,36.258598,18.129299,318.561419,1.577814,1.578044
2026-06-12T18:53:15.982987,36.268960,18.134480,318.652457,1.588131,1.577445
2026-06-12T18:53:15.994558,36.279152,18.139576,318.741999,1.576201,1.576662
2026-06-12T18:53:16.005514,36.289303,18.144651,318.831185,1.556533,1.577721
2026-06-12T18:53:16.013436,36.299419,18.149710,318.920063,1.584907,1.579610
2026-06-12T18:53:16.023712,36.309690,18.154845,319.010301,1.590066,1.579794
2026-06-12T18:53:16.036831,36.320215,18.160107,319.102770,1.589421,1.580439
2026-06-12T18:53:16.044483,36.330688,18.165344,319.194787,1.590711,1.582282
2026-06-12T18:53:16.054960,36.340944,18.170472,319.284897,1.591356,1.582742
2026-06-12T18:53:16.067350,36.351345,18.175673,319.376276,1.569430,1.581775
2026-06-12T18:53:16.078320,36.361483,18.180742,319.465348,1.586197,1.586013
2026-06-12T18:53:16.087108,36.371552,18.185776,319.553812,1.591678,1.586980
2026-06-12T18:53:16.096018,36.382015,18.191007,319.645735,1.475923,1.570674
2026-06-12T18:53:16.106318,36.392303,18.196152,319.736126,1.316962,1.531751
2026-06-12T18:53:16.119720,36.402754,18.201377,319.827942,1.457222,1.512681
2026-06-12T18:53:16.127974,36.413064,18.206532,319.918526,1.548472,1.506555
2026-06-12T18:53:16.137836,36.423837,18.211918,320.013175,1.572332,1.506969
2026-06-12T18:53:16.148377,36.434360,18.217180,320.105629,1.586842,1.507062
2026-06-12T18:53:16.161353,36.444834,18.222417,320.197651,1.576201,1.504851
2026-06-12T18:53:16.170920,36.455408,18.227704,320.290553,1.490433,1.506923
2026-06-12T18:53:16.179594,36.465580,18.232790,320.379923,1.553631,1.540733
2026-06-12T18:53:16.189817,36.475801,18.237900,320.469721,1.581683,1.558513
2026-06-12T18:53:16.203048,36.485920,18.242960,320.558626,1.574589,1.562244
2026-06-12T18:53:16.211646,36.496231,18.248116,320.649221,1.585874,1.564179
2026-06-12T18:53:16.220778,36.506761,18.253381,320.741733,1.591356,1.564824
2026-06-12T18:53:16.231015,36.516991,18.258496,320.831612,1.589099,1.566666
2026-06-12T18:53:16.242633,36.527098,18.263549,320.920412,1.576201,1.578919
2026-06-12T18:53:16.254583,36.537883,18.268941,321.015162,1.586197,1.583571
2026-06-12T18:53:16.262765,36.548305,18.274152,321.106725,1.590066,1.584769
2026-06-12T18:53:16.272580,36.558569,18.279284,321.196907,1.566851,1.583663
2026-06-12T18:53:16.286302,36.569097,18.284548,321.289400,1.541701,1.577353
2026-06-12T18:53:16.296551,36.579188,18.289594,321.378059,1.576846,1.575280
2026-06-12T18:53:16.304365,36.589717,18.294859,321.470570,1.586519,1.574912
2026-06-12T18:53:16.314192,36.600175,18.300087,321.562446,1.591678,1.577123
2026-06-12T18:53:16.324285,36.610265,18.305133,321.651103,1.590389,1.577721
2026-06-12T18:53:16.336430,36.620516,18.310258,321.741163,1.552663,1.572378
2026-06-12T18:53:16.345140,36.631122,18.315561,321.834345,1.552019,1.570259
2026-06-12T18:53:16.355530,36.641628,18.320814,321.926646,1.582973,1.576155
2026-06-12T18:53:16.365873,36.651853,18.325927,322.016485,1.552663,1.572701
2026-06-12T18:53:16.378373,36.662154,18.331077,322.106990,1.573944,1.570904
2026-06-12T18:53:16.386539,36.672858,18.336429,322.201027,1.588454,1.570444
2026-06-12T18:53:16.397471,36.683458,18.341729,322.294162,1.581038,1.569108
2026-06-12T18:53:16.411162,36.693893,18.346947,322.385839,1.539443,1.567219
2026-06-12T18:53:16.420974,36.704119,18.352060,322.475683,1.561047,1.568509
2026-06-12T18:53:16.428361,36.714402,18.357201,322.566030,1.581683,1.568325
2026-06-12T18:53:16.438572,36.724664,18.362332,322.656191,1.582973,1.572655
2026-06-12T18:53:16.448994,36.734970,18.367485,322.746732,1.589421,1.574866
2026-06-12T18:53:16.463594,36.745136,18.372568,322.836047,1.592001,1.575372
2026-06-12T18:53:16.470288,36.755330,18.377665,322.925612,1.577169,1.574819
2026-06-12T18:53:16.479557,36.765527,18.382763,323.015200,1.584262,1.581222
2026-06-12T18:53:16.489761,36.775747,18.387874,323.104997,1.592646,1.585736
2026-06-12T18:53:16.502813,36.785919,18.392960,323.194366,1.592323,1.587256
2026-06-12T18:53:16.511990,36.796464,18.398232,323.287012,1.591033,1.588408
2026-06-12T18:53:16.520647,36.806625,18.403312,323.376281,1.592323,1.588822
2026-06-12T18:53:16.530808,36.816790,18.408395,323.465586,1.593613,1.589053
2026-06-12T18:53:16.542557,36.827021,18.413511,323.555479,1.581683,1.589698
2026-06-12T18:53:16.552886,36.837707,18.418853,323.649361,1.589421,1.590435
2026-06-12T18:53:16.562343,36.848316,18.424158,323.742572,1.591678,1.590296
2026-06-12T18:53:16.572490,36.858472,18.429236,323.831800,1.561369,1.585874
2026-06-12T18:53:16.586212,36.868703,18.434351,323.921684,1.567818,1.582558
2026-06-12T18:53:16.594956,36.879300,18.439650,324.014795,1.589099,1.582097
2026-06-12T18:53:16.604586,36.889975,18.444987,324.108577,1.553308,1.576340
2026-06-12T18:53:16.614320,36.900302,18.450151,324.199307,1.540411,1.570444
2026-06-12T18:53:16.627836,36.910578,18.455289,324.289597,1.572010,1.567956
2026-06-12T18:53:16.636170,36.920868,18.460434,324.380004,1.549117,1.561876
2026-06-12T18:53:16.645344,36.931319,18.465659,324.471818,1.504620,1.553769
2026-06-12T18:53:16.655487,36.941473,18.470736,324.561031,1.565561,1.553446
2026-06-12T18:53:16.665530,36.951517,18.475759,324.649281,1.584585,1.552802
2026-06-12T18:53:16.678273,36.961967,18.480983,324.741085,1.590389,1.558099
2026-06-12T18:53:16.687220,36.972303,18.486151,324.831895,1.593290,1.565653
2026-06-12T18:53:16.696716,36.982705,18.491353,324.923292,1.595225,1.568970
2026-06-12T18:53:16.707089,36.993081,18.496540,325.014449,1.544925,1.568371
2026-06-12T18:53:16.719496,37.003183,18.501591,325.103202,1.445937,1.559987
2026-06-12T18:53:16.727736,37.013906,18.506953,325.197413,1.532995,1.555335
2026-06-12T18:53:16.738030,37.024086,18.512043,325.286856,1.571687,1.553493
2026-06-12T18:53:16.748146,37.034119,18.517060,325.375006,1.580071,1.552019
2026-06-12T18:53:16.761602,37.044442,18.522221,325.465695,1.589099,1.551420
2026-06-12T18:53:16.769523,37.054754,18.527377,325.556300,1.575234,1.548564
2026-06-12T18:53:16.779097,37.065076,18.532538,325.646986,1.496559,1.541654
2026-06-12T18:53:16.789171,37.075150,18.537575,325.735492,1.528481,1.553446
2026-06-12T18:53:16.802804,37.085412,18.542706,325.825657,1.573944,1.559296
2026-06-12T18:53:16.811484,37.095660,18.547830,325.915694,1.567818,1.558744
2026-06-12T18:53:16.820918,37.105966,18.552983,326.006234,1.555888,1.555289
2026-06-12T18:53:16.830316,37.116321,18.558161,326.097215,1.577169,1.553585
2026-06-12T18:53:16.842692,37.126677,18.563339,326.188203,1.534284,1.547735
2026-06-12T18:53:16.852826,37.136808,18.568404,326.277209,1.510424,1.549715
2026-06-12T18:53:16.862186,37.147223,18.573612,326.368718,1.567818,1.555335
2026-06-12T18:53:16.871673,37.157664,18.578832,326.460444,1.582328,1.556533
2026-06-12T18:53:16.881985,37.167967,18.583984,326.550968,1.549117,1.553861
2026-06-12T18:53:16.894693,37.178153,18.589076,326.640456,1.565238,1.555197
2026-06-12T18:53:16.903276,37.188306,18.594153,326.729665,1.584907,1.556302
2026-06-12T18:53:16.912541,37.198530,18.599265,326.819485,1.587809,1.563949
2026-06-12T18:53:16.922840,37.208815,18.604408,326.909853,1.588776,1.575142
2026-06-12T18:53:16.936380,37.219295,18.609647,327.001924,1.592323,1.578643
2026-06-12T18:53:16.945063,37.229576,18.614788,327.092251,1.590066,1.579748
2026-06-12T18:53:16.954298,37.240271,18.620135,327.186215,1.592646,1.585967
2026-06-12T18:53:16.964652,37.250628,18.625314,327.277213,1.594258,1.590112
2026-06-12T18:53:16.978011,37.261039,18.630520,327.368681,1.540733,1.583802
2026-06-12T18:53:16.986763,37.271628,18.635814,327.461713,1.495914,1.570674
2026-06-12T18:53:16.995986,37.281969,18.640985,327.552571,1.554920,1.565837
2026-06-12T18:53:17.006516,37.292496,18.646248,327.645057,1.580715,1.564179
2026-06-12T18:53:17.019988,37.302638,18.651319,327.734166,1.566528,1.560816
2026-06-12T18:53:17.027969,37.312913,18.656456,327.824434,1.582650,1.559389
2026-06-12T18:53:17.037498,37.323583,18.661792,327.918181,1.584262,1.557961
2026-06-12T18:53:17.047787,37.333765,18.666882,328.007636,1.569108,1.562014
2026-06-12T18:53:17.058115,37.344098,18.672049,328.098418,1.583940,1.574589
2026-06-12T18:53:17.069980,37.354755,18.677377,328.192050,1.592001,1.579886
2026-06-12T18:53:17.078998,37.364983,18.682491,328.281910,1.578136,1.579518
2026-06-12T18:53:17.089355,37.375330,18.687665,328.372819,1.587809,1.582558
2026-06-12T18:53:17.102803,37.385765,18.692882,328.464500,1.594258,1.584216
2026-06-12T18:53:17.111705,37.396208,18.698104,328.556246,1.575234,1.582926
2026-06-12T18:53:17.120594,37.406568,18.703284,328.647273,1.510747,1.574589
2026-06-12T18:53:17.131034,37.417018,18.708509,328.739079,1.521709,1.565699
2026-06-12T18:53:17.142762,37.427224,18.713612,328.828753,1.556210,1.560586
2026-06-12T18:53:17.153594,37.437809,18.718904,328.921748,1.560402,1.558053
2026-06-12T18:53:17.162267,37.448250,18.724125,329.013482,1.582973,1.557362
2026-06-12T18:53:17.172524,37.458508,18.729254,329.103611,1.593290,1.557224
2026-06-12T18:53:17.182800,37.468784,18.734392,329.193890,1.538799,1.552019
2026-06-12T18:53:17.196633,37.479442,18.739721,329.287526,1.514293,1.552525
2026-06-12T18:53:17.204346,37.489824,18.744912,329.378743,1.569430,1.559342
2026-06-12T18:53:17.214349,37.500331,18.750166,329.471056,1.587164,1.563764
2026-06-12T18:53:17.228042,37.510586,18.755293,329.561158,1.591678,1.568233
2026-06-12T18:53:17.236724,37.520899,18.760450,329.651766,1.593935,1.569799
2026-06-12T18:53:17.245393,37.531370,18.765685,329.743761,1.585230,1.568647
2026-06-12T18:53:17.255886,37.541869,18.770934,329.835999,1.580393,1.574589
2026-06-12T18:53:17.266219,37.552201,18.776100,329.926777,1.589744,1.585368
2026-06-12T18:53:17.278321,37.562475,18.781237,330.017040,1.583940,1.587441
2026-06-12T18:53:17.287428,37.572981,18.786491,330.109346,1.533640,1.579794
2026-06-12T18:53:17.297346,37.583334,18.791667,330.200304,1.572655,1.577077
2026-06-12T18:53:17.312564,37.593686,18.796843,330.291255,1.589099,1.576386
2026-06-12T18:53:17.320059,37.603869,18.801935,330.380725,1.591033,1.577215
2026-06-12T18:53:17.327979,37.614159,18.807080,330.471128,1.592001,1.578873
2026-06-12T18:53:17.338550,37.624538,18.812269,330.562318,1.592001,1.579195
2026-06-12T18:53:17.353157,37.635104,18.817552,330.655144,1.593290,1.580531
2026-06-12T18:53:17.362251,37.645608,18.822804,330.747433,1.587809,1.588270
2026-06-12T18:53:17.370094,37.656072,18.828036,330.839370,1.592968,1.591172
2026-06-12T18:53:17.380163,37.666158,18.833079,330.927982,1.583940,1.590435
2026-06-12T18:53:17.390458,37.676441,18.838220,331.018323,1.446582,1.569799
2026-06-12T18:53:17.402815,37.686654,18.843327,331.108058,1.501396,1.556855
2026-06-12T18:53:17.411244,37.697115,18.848557,331.199961,1.568463,1.553493
2026-06-12T18:53:17.421649,37.707631,18.853815,331.292354,1.564594,1.549393
2026-06-12T18:53:17.431992,37.717978,18.858989,331.383263,1.581038,1.548426
2026-06-12T18:53:17.444452,37.728473,18.864236,331.475468,1.590066,1.548011
2026-06-12T18:53:17.453501,37.738823,18.869412,331.566403,1.557822,1.544280
2026-06-12T18:53:17.463380,37.749375,18.874688,331.659114,1.540733,1.557730
2026-06-12T18:53:17.474051,37.759426,18.879713,331.747413,1.575234,1.568279
2026-06-12T18:53:17.486196,37.769636,18.884818,331.837123,1.579426,1.569845
2026-06-12T18:53:17.494576,37.780222,18.890111,331.930124,1.575556,1.571411
2026-06-12T18:53:17.504504,37.790490,18.895245,332.020336,1.587164,1.572286
2026-06-12T18:53:17.514547,37.800533,18.900267,332.108577,1.593290,1.572747
2026-06-12T18:53:17.527827,37.810695,18.905347,332.197855,1.580071,1.575925
2026-06-12T18:53:17.538417,37.821860,18.910930,332.295947,1.573622,1.580623
2026-06-12T18:53:17.545939,37.831906,18.915953,332.384215,1.584907,1.582005
2026-06-12T18:53:17.556413,37.842384,18.921192,332.476275,1.589099,1.583387
2026-06-12T18:53:17.569838,37.852762,18.926381,332.567455,1.577491,1.583663
2026-06-12T18:53:17.577817,37.863002,18.931501,332.657413,1.584907,1.583341
2026-06-12T18:53:17.587421,37.873394,18.936697,332.748718,1.586197,1.582328
2026-06-12T18:53:17.597560,37.883531,18.941765,332.837780,1.577491,1.581959
2026-06-12T18:53:17.607867,37.893943,18.946972,332.929259,1.588454,1.584078
2026-06-12T18:53:17.619548,37.904298,18.952149,333.020236,1.591033,1.584953
2026-06-12T18:53:17.628499,37.914486,18.957243,333.109748,1.522677,1.575464
2026-06-12T18:53:17.638551,37.924551,18.962276,333.198177,1.529770,1.568647
2026-06-12T18:53:17.650429,37.934789,18.967395,333.288127,1.577169,1.567542
2026-06-12T18:53:17.661741,37.944982,18.972491,333.377677,1.582650,1.567035
2026-06-12T18:53:17.671510,37.955292,18.977646,333.468259,1.589744,1.568785
2026-06-12T18:53:17.679700,37.965683,18.982842,333.559557,1.591356,1.569200
2026-06-12T18:53:17.689920,37.975903,18.987952,333.649349,1.461414,1.550683
2026-06-12T18:53:17.702839,37.986112,18.993056,333.739040,1.414660,1.535252
2026-06-12T18:53:17.712006,37.996472,18.998236,333.830056,1.537186,1.536311
2026-06-12T18:53:17.721068,38.007052,19.003526,333.923011,1.444002,1.517287
2026-06-12T18:53:17.731399,38.017378,19.008689,334.013732,1.379192,1.488222
2026-06-12T18:53:17.744694,38.027679,19.013839,334.104236,1.513004,1.477259
2026-06-12T18:53:17.753584,38.038268,19.019134,334.197272,1.571042,1.474357
2026-06-12T18:53:17.763378,38.048627,19.024313,334.288283,1.571365,1.490065
2026-06-12T18:53:17.772789,38.058762,19.029381,334.377332,1.587164,1.514708
2026-06-12T18:53:17.786366,38.069055,19.034527,334.467759,1.589744,1.522216
2026-06-12T18:53:17.794749,38.079303,19.039651,334.557798,1.584262,1.542253
2026-06-12T18:53:17.803549,38.089525,19.044763,334.647607,1.585552,1.571733
2026-06-12T18:53:17.814143,38.099581,19.049791,334.735958,1.591678,1.582973
2026-06-12T18:53:17.823809,38.109793,19.054897,334.825682,1.584585,1.584907
2026-06-12T18:53:17.836194,38.120172,19.060086,334.916862,1.558790,1.583111
2026-06-12T18:53:17.844519,38.130551,19.065276,335.008054,1.575879,1.581499
2026-06-12T18:53:17.854977,38.140964,19.070482,335.099541,1.580715,1.580209
2026-06-12T18:53:17.865184,38.151157,19.075579,335.189097,1.494947,1.567449
2026-06-12T18:53:17.877824,38.161468,19.080734,335.279685,1.403053,1.541378
2026-06-12T18:53:17.888656,38.172360,19.086180,335.375381,1.532672,1.532949
2026-06-12T18:53:17.898781,38.182508,19.091254,335.464540,1.566206,1.530323
2026-06-12T18:53:17.906665,38.192649,19.096324,335.553633,1.579103,1.533225
2026-06-12T18:53:17.919563,38.202993,19.101497,335.644518,1.586842,1.534791
2026-06-12T18:53:17.927909,38.213355,19.106678,335.735558,1.417562,1.511484
2026-06-12T18:53:17.940028,38.223578,19.111789,335.825370,1.402408,1.498264
2026-06-12T18:53:17.948105,38.234085,19.117042,335.917681,1.532672,1.516781
2026-06-12T18:53:17.961401,38.244243,19.122121,336.006927,1.537831,1.517518
2026-06-12T18:53:17.969473,38.254562,19.127281,336.097594,1.374678,1.490157
2026-06-12T18:53:17.978902,38.264884,19.132442,336.188282,1.427880,1.468553
2026-06-12T18:53:17.989280,38.275269,19.137635,336.279520,1.543958,1.462427
2026-06-12T18:53:17.999523,38.285502,19.142751,336.369424,1.570720,1.484307
2026-06-12T18:53:18.012069,38.295761,19.147880,336.459558,1.572977,1.508674
2026-06-12T18:53:18.020164,38.306143,19.153071,336.550771,1.584585,1.516090
2026-06-12T18:53:18.030480,38.316466,19.158233,336.641467,1.547504,1.517472
2026-06-12T18:53:18.042764,38.326732,19.163366,336.731663,1.485919,1.533363
2026-06-12T18:53:18.054143,38.336787,19.168394,336.820009,1.542990,1.549808
2026-06-12T18:53:18.061135,38.347183,19.173591,336.911341,1.570720,1.553631
2026-06-12T18:53:18.071648,38.357631,19.178815,337.003135,1.583940,1.555519
2026-06-12T18:53:18.081732,38.367705,19.183852,337.091641,1.585874,1.557362
2026-06-12T18:53:18.094525,38.378059,19.189029,337.182611,1.592646,1.558513
2026-06-12T18:53:18.103675,38.388574,19.194287,337.274998,1.551051,1.559020
2026-06-12T18:53:18.113038,38.399008,19.199504,337.366672,1.570397,1.571088
2026-06-12T18:53:18.123332,38.409306,19.204653,337.457147,1.586842,1.577353
2026-06-12T18:53:18.136126,38.419502,19.209751,337.546721,1.588131,1.579840
2026-06-12T18:53:18.144510,38.429631,19.214815,337.635715,1.586197,1.580163
2026-06-12T18:53:18.154360,38.440338,19.220169,337.729789,1.591356,1.580946
2026-06-12T18:53:18.164397,38.450372,19.225186,337.817939,1.547182,1.574451
2026-06-12T18:53:18.177811,38.460590,19.230295,337.907714,1.458189,1.561185
2026-06-12T18:53:18.186157,38.471132,19.235566,338.000333,1.543958,1.557408
2026-06-12T18:53:18.195733,38.481718,19.240859,338.093344,1.577491,1.556072
2026-06-12T18:53:18.205896,38.491881,19.245940,338.182633,1.576524,1.554414
2026-06-12T18:53:18.216238,38.502212,19.251106,338.273401,1.562337,1.551005
2026-06-12T18:53:18.227812,38.512520,19.256260,338.363965,1.559757,1.546491
2026-06-12T18:53:18.237310,38.522937,19.261468,338.455484,1.569753,1.549715
2026-06-12T18:53:18.247188,38.533161,19.266581,338.545315,1.582650,1.567496
2026-06-12T18:53:18.257657,38.543642,19.271821,338.637400,1.591033,1.574221
2026-06-12T18:53:18.269423,38.554197,19.277099,338.730133,1.591356,1.576201
2026-06-12T18:53:18.278396,38.564365,19.282182,338.819461,1.580393,1.576754
2026-06-12T18:53:18.288716,38.574690,19.287345,338.910180,1.587487,1.580347
2026-06-12T18:53:18.298905,38.584971,19.292486,339.000508,1.587487,1.584308
2026-06-12T18:53:18.311151,38.595064,19.297532,339.089181,1.525901,1.578044
2026-06-12T18:53:18.320552,38.606284,19.303142,339.187756,1.548149,1.573115
2026-06-12T18:53:18.330391,38.616369,19.308185,339.276366,1.579748,1.571503
2026-06-12T18:53:18.342572,38.626534,19.313267,339.365672,1.564916,1.567726
2026-06-12T18:53:18.353319,38.636825,19.318413,339.456088,1.583940,1.568233
2026-06-12T18:53:18.361841,38.647181,19.323590,339.547069,1.584907,1.567864
2026-06-12T18:53:18.371725,38.657699,19.328849,339.639477,1.535252,1.560402
2026-06-12T18:53:18.382022,38.668001,19.334001,339.729993,1.565561,1.566068
2026-06-12T18:53:18.394496,38.678427,19.339213,339.821592,1.588131,1.571779
2026-06-12T18:53:18.403452,38.688553,19.344276,339.910553,1.588776,1.573069
2026-06-12T18:53:18.413091,38.699076,19.349538,340.003010,1.591356,1.576846
2026-06-12T18:53:18.425742,38.709129,19.354565,340.091338,1.591356,1.577906
2026-06-12T18:53:18.436478,38.719520,19.359760,340.182624,1.542023,1.571779
2026-06-12T18:53:18.445265,38.729804,19.364902,340.272978,1.326957,1.542023
2026-06-12T18:53:18.454592,38.740069,19.370035,340.363168,1.337920,1.509503
2026-06-12T18:53:18.464473,38.750456,19.375228,340.454426,1.511714,1.498586
2026-06-12T18:53:18.477779,38.760521,19.380260,340.542853,1.559757,1.494440
2026-06-12T18:53:18.488523,38.771337,19.385668,340.637878,1.576201,1.492276
2026-06-12T18:53:18.495625,38.781632,19.390816,340.728329,1.583295,1.491124
2026-06-12T18:53:18.506080,38.792065,19.396033,340.819995,1.590389,1.498033
2026-06-12T18:53:18.519933,38.802511,19.401255,340.911771,1.592323,1.535943
2026-06-12T18:53:18.527964,38.812884,19.406442,341.002906,1.594258,1.572562
2026-06-12T18:53:18.537073,38.823047,19.411523,341.092195,1.587164,1.583341
2026-06-12T18:53:18.547518,38.833498,19.416749,341.184016,1.576524,1.585736
2026-06-12T18:53:18.557761,38.843734,19.421867,341.273950,1.585874,1.587118
2026-06-12T18:53:18.570005,38.853853,19.426927,341.362858,1.590066,1.588085
2026-06-12T18:53:18.578136,38.864121,19.432060,341.453064,1.589421,1.587947
2026-06-12T18:53:18.588475,38.874454,19.437227,341.543846,1.594580,1.588270
2026-06-12T18:53:18.598759,38.884740,19.442370,341.634224,1.592646,1.588039
2026-06-12T18:53:18.612206,38.894786,19.447393,341.722486,1.571365,1.585782
2026-06-12T18:53:18.619833,38.905227,19.452614,341.814219,1.580715,1.586381
2026-06-12T18:53:18.629785,38.915765,19.457882,341.906800,1.589744,1.586934
2026-06-12T18:53:18.643172,38.926156,19.463078,341.998091,1.585552,1.586289
2026-06-12T18:53:18.654277,38.936424,19.468212,342.088310,1.586197,1.585828
2026-06-12T18:53:18.662087,38.946952,19.473476,342.180801,1.592646,1.585552
2026-06-12T18:53:18.671040,38.957027,19.478514,342.269323,1.594580,1.585828
2026-06-12T18:53:18.681308,38.967287,19.483644,342.359464,1.580393,1.587118
2026-06-12T18:53:18.694515,38.977730,19.488865,342.451212,1.584585,1.587671
2026-06-12T18:53:18.703491,38.988477,19.494239,342.545638,1.588454,1.587487
2026-06-12T18:53:18.712770,38.998743,19.499372,342.635833,1.565238,1.584585
2026-06-12T18:53:18.728119,39.009044,19.504522,342.726336,1.563949,1.581406
2026-06-12T18:53:18.736091,39.019179,19.509589,342.815373,1.586519,1.580531
2026-06-12T18:53:18.744447,39.029597,19.514798,342.906907,1.591356,1.580071
2026-06-12T18:53:18.754081,39.040059,19.520030,342.998826,1.579748,1.579978
2026-06-12T18:53:18.764495,39.050467,19.525234,343.090269,1.575234,1.578643
2026-06-12T18:53:18.777782,39.060750,19.530375,343.180611,1.584262,1.578044
2026-06-12T18:53:18.786137,39.071148,19.535574,343.271968,1.571365,1.578919
2026-06-12T18:53:18.795547,39.081535,19.540767,343.363222,1.584262,1.581821
2026-06-12T18:53:18.805898,39.091886,19.545943,343.454169,1.592646,1.582696
2026-06-12T18:53:18.816038,39.102023,19.551011,343.543229,1.582650,1.581452
2026-06-12T18:53:18.827823,39.112396,19.556198,343.634360,1.590389,1.582973
2026-06-12T18:53:18.836878,39.122868,19.561434,343.726366,1.592323,1.585414
2026-06-12T18:53:18.847300,39.133282,19.566641,343.817861,1.582328,1.585137
2026-06-12T18:53:18.861148,39.143776,19.571888,343.910062,1.582650,1.586750
2026-06-12T18:53:18.869541,39.154455,19.577228,344.003888,1.592646,1.587947
2026-06-12T18:53:18.878889,39.164872,19.582436,344.095414,1.592968,1.587993
2026-06-12T18:53:18.891218,39.175519,19.587759,344.188949,1.582005,1.587901
2026-06-12T18:53:18.902776,39.185627,19.592813,344.277755,1.582650,1.586796
2026-06-12T18:53:18.911972,39.195935,19.597968,344.368327,1.579426,1.584953
2026-06-12T18:53:18.920630,39.206617,19.603308,344.462172,1.513326,1.575096
2026-06-12T18:53:18.930928,39.216914,19.608457,344.552640,1.562014,1.572148
2026-06-12T18:53:18.944852,39.226993,19.613496,344.641192,1.585552,1.571134
2026-06-12T18:53:18.954205,39.237669,19.618834,344.734986,1.534607,1.562797
2026-06-12T18:53:18.961991,39.247968,19.623984,344.825480,1.495592,1.550452
2026-06-12T18:53:18.972361,39.258351,19.629176,344.916701,1.558467,1.546998
2026-06-12T18:53:18.982453,39.268431,19.634215,345.005259,1.568785,1.545478
2026-06-12T18:53:18.994694,39.278851,19.639426,345.096808,1.556210,1.551604
2026-06-12T18:53:19.003289,39.289230,19.644615,345.187994,1.583940,1.554736
2026-06-12T18:53:19.016644,39.299575,19.649788,345.278889,1.590066,1.555381
2026-06-12T18:53:19.024124,39.309618,19.654809,345.367120,1.588131,1.563027
2026-06-12T18:53:19.036651,39.320148,19.660074,345.459635,1.592001,1.576800
2026-06-12T18:53:19.044905,39.330504,19.665252,345.550625,1.593935,1.581867
2026-06-12T18:53:19.054948,39.340939,19.670470,345.642305,1.592001,1.585183
2026-06-12T18:53:19.065263,39.351242,19.675621,345.732821,1.594580,1.590665
2026-06-12T18:53:19.077790,39.361326,19.680663,345.821418,1.594258,1.592139
2026-06-12T18:53:19.086235,39.372465,19.686233,345.919285,1.583617,1.591218
2026-06-12T18:53:19.097046,39.383030,19.691515,346.012103,1.587487,1.591126
2026-06-12T18:53:19.107443,39.393527,19.696764,346.104335,1.592323,1.591172
2026-06-12T18:53:19.120333,39.403693,19.701846,346.193643,1.542668,1.583848
2026-06-12T18:53:19.127775,39.413768,19.706884,346.282160,1.545247,1.577169
2026-06-12T18:53:19.138066,39.424137,19.712069,346.373266,1.580715,1.575188
2026-06-12T18:53:19.148439,39.434420,19.717210,346.463611,1.586519,1.574082
2026-06-12T18:53:19.161601,39.444767,19.722383,346.554513,1.586842,1.574543
2026-06-12T18:53:19.171082,39.455337,19.727668,346.647380,1.591356,1.575096
2026-06-12T18:53:19.179471,39.465454,19.732727,346.736266,1.572655,1.572286
2026-06-12T18:53:19.189910,39.475890,19.737945,346.827953,1.486886,1.564317
2026-06-12T18:53:19.203247,39.486223,19.743112,346.918741,1.550729,1.565100
2026-06-12T18:53:19.211899,39.496287,19.748144,347.007163,1.583940,1.565561
2026-06-12T18:53:19.220539,39.506773,19.753386,347.099287,1.587487,1.565699
2026-06-12T18:53:19.230996,39.516987,19.758493,347.189024,1.591678,1.566390
2026-06-12T18:53:19.243264,39.527234,19.763617,347.279051,1.592323,1.566528
2026-06-12T18:53:19.253860,39.537655,19.768827,347.370611,1.571042,1.566298
2026-06-12T18:53:19.262844,39.548332,19.774166,347.464420,1.572332,1.578504
2026-06-12T18:53:19.272838,39.558820,19.779410,347.556568,1.589744,1.584078
2026-06-12T18:53:19.286195,39.568915,19.784458,347.645259,1.581038,1.583663
2026-06-12T18:53:19.294506,39.579392,19.789696,347.737308,1.580715,1.582696
2026-06-12T18:53:19.304455,39.589889,19.794944,347.829527,1.588776,1.582282
2026-06-12T18:53:19.314183,39.600155,19.800078,347.919731,1.593290,1.582420
2026-06-12T18:53:19.324233,39.610208,19.805104,348.008046,1.587164,1.584723
2026-06-12T18:53:19.337084,39.620618,19.810309,348.099510,1.593290,1.587717
2026-06-12T18:53:19.344766,39.630792,19.815396,348.188901,1.595225,1.588500
2026-06-12T18:53:19.355156,39.641141,19.820570,348.279818,1.562337,1.585828
2026-06-12T18:53:19.365200,39.651188,19.825594,348.368095,1.526224,1.578044
2026-06-12T18:53:19.378335,39.661480,19.830740,348.458517,1.566528,1.574866
2026-06-12T18:53:19.386647,39.671794,19.835897,348.549133,1.586519,1.573898
2026-06-12T18:53:19.396307,39.682302,19.841151,348.641455,1.589099,1.574175
2026-06-12T18:53:19.406461,39.692440,19.846220,348.730526,1.589421,1.573622
2026-06-12T18:53:19.420594,39.702969,19.851484,348.823030,1.593935,1.573438
2026-06-12T18:53:19.427828,39.713346,19.856673,348.914197,1.532672,1.569200
2026-06-12T18:53:19.437744,39.723723,19.861861,349.005370,1.532672,1.570121
2026-06-12T18:53:19.448135,39.734121,19.867061,349.096728,1.576846,1.571595
2026-06-12T18:53:19.461271,39.744510,19.872255,349.188004,1.585552,1.571457
2026-06-12T18:53:19.470045,39.754809,19.877405,349.278491,1.583295,1.570628
2026-06-12T18:53:19.479191,39.765166,19.882583,349.369485,1.575879,1.568693
2026-06-12T18:53:19.492011,39.775485,19.887743,349.460144,1.505588,1.556072
2026-06-12T18:53:19.503210,39.786007,19.893004,349.552588,1.466895,1.546675
2026-06-12T18:53:19.511999,39.796533,19.898266,349.645067,1.548794,1.548978
2026-06-12T18:53:19.520853,39.806837,19.903418,349.735594,1.572010,1.548287
2026-06-12T18:53:19.531296,39.817282,19.908641,349.827364,1.529448,1.540273
2026-06-12T18:53:19.544659,39.827576,19.913788,349.917802,1.572332,1.538706
2026-06-12T18:53:19.552992,39.838092,19.919046,350.010195,1.589744,1.540687
2026-06-12T18:53:19.562186,39.848169,19.924084,350.098728,1.585552,1.552111
2026-06-12T18:53:19.572657,39.858645,19.929323,350.190774,1.589744,1.569660
2026-06-12T18:53:19.582712,39.868691,19.934346,350.279039,1.590066,1.575556
2026-06-12T18:53:19.594598,39.878871,19.939435,350.368472,1.581038,1.576846
2026-06-12T18:53:19.603527,39.889506,19.944753,350.461908,1.489143,1.571088
2026-06-12T18:53:19.613820,39.899809,19.949905,350.552434,1.437553,1.551834
2026-06-12T18:53:19.624360,39.910336,19.955168,350.644917,1.493013,1.538016
2026-06-12T18:53:19.636228,39.920842,19.960421,350.737220,1.503008,1.526224
2026-06-12T18:53:19.645252,39.931233,19.965617,350.828521,1.536542,1.518623
2026-06-12T18:53:19.655629,39.941614,19.970807,350.919723,1.575234,1.516504
2026-06-12T18:53:19.666030,39.952018,19.976009,351.011126,1.560402,1.513556
2026-06-12T18:53:19.677893,39.962259,19.981129,351.101103,1.581683,1.526776
2026-06-12T18:53:19.686782,39.972760,19.986380,351.193367,1.590711,1.548656
2026-06-12T18:53:19.696899,39.982882,19.991441,351.282297,1.586519,1.562014
2026-06-12T18:53:19.707061,39.993047,19.996524,351.371604,1.590066,1.574451
2026-06-12T18:53:19.720245,40.003329,20.001664,351.461936,1.589099,1.581959
2026-06-12T18:53:19.728098,40.013761,20.006880,351.553591,1.587809,1.583756
2026-06-12T18:53:19.737986,40.024069,20.012034,351.644153,1.585552,1.587348
2026-06-12T18:53:19.748299,40.034277,20.017138,351.733840,1.592646,1.588915
2026-06-12T18:53:19.761904,40.044642,20.022321,351.824903,1.577814,1.587072
2026-06-12T18:53:19.770462,40.054905,20.027453,351.915078,1.533962,1.579564
2026-06-12T18:53:19.779291,40.065273,20.032636,352.006165,1.542023,1.572701
2026-06-12T18:53:19.789730,40.075712,20.037856,352.097880,1.569430,1.569891
2026-06-12T18:53:19.803060,40.086256,20.043128,352.190518,1.533962,1.562198
2026-06-12T18:53:19.811192,40.096471,20.048236,352.280269,1.568140,1.559711
2026-06-12T18:53:19.820812,40.106789,20.053394,352.370920,1.584585,1.558559
2026-06-12T18:53:19.831068,40.117049,20.058524,352.461062,1.577169,1.558467
2026-06-12T18:53:19.844778,40.127117,20.063559,352.549522,1.582650,1.565423
2026-06-12T18:53:19.852846,40.137270,20.068635,352.638721,1.590389,1.572332
2026-06-12T18:53:19.861796,40.147778,20.073889,352.731041,1.571687,1.572655
2026-06-12T18:53:19.872184,40.158170,20.079085,352.822345,1.547827,1.574635
2026-06-12T18:53:19.882702,40.168683,20.084341,352.914707,1.572010,1.575188
2026-06-12T18:53:19.894436,40.178914,20.089457,353.004597,1.585552,1.575326
2026-06-12T18:53:19.904064,40.189393,20.094697,353.096665,1.569753,1.574267
2026-06-12T18:53:19.913909,40.200164,20.100082,353.191300,1.585874,1.574727
2026-06-12T18:53:19.924289,40.210276,20.105138,353.280135,1.591033,1.574819
2026-06-12T18:53:19.936164,40.220662,20.110331,353.371383,1.528481,1.568647
2026-06-12T18:53:19.945126,40.231107,20.115553,353.463151,1.546215,1.568417
2026-06-12T18:53:19.959155,40.241428,20.120714,353.553836,1.580393,1.569614
2026-06-12T18:53:19.965491,40.251480,20.125740,353.642149,1.580715,1.568923
2026-06-12T18:53:19.977806,40.261763,20.130882,353.732496,1.579426,1.570305
2026-06-12T18:53:19.986421,40.272693,20.136347,353.828523,1.589421,1.570812
2026-06-12T18:53:19.997028,40.283011,20.141505,353.919173,1.592001,1.570950
2026-06-12T18:53:20.011149,40.293284,20.146642,354.009428,1.590389,1.579794
2026-06-12T18:53:20.021000,40.303772,20.151886,354.101576,1.593290,1.586519
2026-06-12T18:53:20.028451,40.314434,20.157217,354.195253,1.594580,1.588546
2026-06-12T18:53:20.038691,40.324675,20.162338,354.285227,1.562337,1.585920
2026-06-12T18:53:20.048950,40.334931,20.167466,354.375337,1.571042,1.584723
2026-06-12T18:53:20.062727,40.345587,20.172794,354.468957,1.587809,1.584493
2026-06-12T18:53:20.070095,40.356090,20.178045,354.561230,1.564594,1.580577
2026-06-12T18:53:20.080266,40.366258,20.183129,354.650569,1.562981,1.576662
2026-06-12T18:53:20.090795,40.376775,20.188388,354.742969,1.586842,1.575741
2026-06-12T18:53:20.103110,40.387373,20.193687,354.836081,1.559435,1.570720
2026-06-12T18:53:20.111738,40.397718,20.198859,354.926966,1.416917,1.549946
2026-06-12T18:53:20.122191,40.408175,20.204087,355.018838,1.428525,1.529586
2026-06-12T18:53:20.132261,40.418245,20.209123,355.107316,1.500106,1.517057
2026-06-12T18:53:20.144472,40.428390,20.214195,355.196445,1.532027,1.512405
2026-06-12T18:53:20.153012,40.438796,20.219398,355.287875,1.571365,1.513602
2026-06-12T18:53:20.163956,40.449183,20.224591,355.379128,1.587809,1.513741
2026-06-12T18:53:20.173407,40.459396,20.229698,355.468862,1.588454,1.517886
2026-06-12T18:53:20.187065,40.469538,20.234769,355.557967,1.590711,1.542714
2026-06-12T18:53:20.194507,40.479956,20.239978,355.649497,1.590389,1.565837
2026-06-12T18:53:20.204208,40.490183,20.245092,355.739350,1.568140,1.575556
2026-06-12T18:53:20.214257,40.500223,20.250112,355.827564,1.505265,1.571733
2026-06-12T18:53:20.227835,40.510751,20.255376,355.920061,1.499461,1.561461
2026-06-12T18:53:20.239023,40.520936,20.260468,356.009540,1.565561,1.558283
2026-06-12T18:53:20.247718,40.531136,20.265568,356.099154,1.580393,1.557131
2026-06-12T18:53:20.255372,40.541352,20.270676,356.188915,1.587809,1.556717
2026-06-12T18:53:20.265714,40.551694,20.275847,356.279771,1.592323,1.556993
2026-06-12T18:53:20.277816,40.562166,20.281083,356.371781,1.573622,1.557776
2026-06-12T18:53:20.286769,40.572747,20.286374,356.464745,1.572332,1.567357
2026-06-12T18:53:20.297104,40.583083,20.291541,356.555549,1.588454,1.580071
2026-06-12T18:53:20.307294,40.593274,20.296637,356.645087,1.562014,1.579564
2026-06-12T18:53:20.319447,40.603486,20.301743,356.734807,1.479470,1.565146
2026-06-12T18:53:20.327892,40.613861,20.306930,356.825960,1.531705,1.557131
2026-06-12T18:53:20.338184,40.624167,20.312083,356.916507,1.573299,1.554414
2026-06-12T18:53:20.348400,40.634379,20.317190,357.006234,1.585874,1.556164
2026-06-12T18:53:20.361534,40.644881,20.322440,357.098494,1.591033,1.558836
2026-06-12T18:53:20.369735,40.655420,20.327710,357.191093,1.582650,1.558007
2026-06-12T18:53:20.379935,40.665920,20.332960,357.283345,1.440133,1.540595
2026-06-12T18:53:20.390298,40.676271,20.338135,357.374284,1.468185,1.538983
2026-06-12T18:53:20.402805,40.686547,20.343273,357.464565,1.549761,1.541562
2026-06-12T18:53:20.411483,40.696730,20.348365,357.554037,1.561692,1.539904
2026-06-12T18:53:20.421065,40.707050,20.353525,357.644703,1.574912,1.538338
2026-06-12T18:53:20.431185,40.717174,20.358587,357.733652,1.588776,1.538016
2026-06-12T18:53:20.445093,40.727720,20.363860,357.826306,1.579748,1.537601
2026-06-12T18:53:20.452597,40.737977,20.368988,357.916422,1.582650,1.557961
2026-06-12T18:53:20.462231,40.748202,20.374101,358.006260,1.587809,1.575050
2026-06-12T18:53:20.472545,40.758720,20.379360,358.098667,1.565238,1.577261
2026-06-12T18:53:20.486397,40.768792,20.384396,358.187157,1.524934,1.572010
2026-06-12T18:53:20.495161,40.778956,20.389478,358.276453,1.559757,1.569845
2026-06-12T18:53:20.504072,40.789367,20.394683,358.367923,1.583940,1.569154
2026-06-12T18:53:20.513844,40.799829,20.399915,358.459847,1.585552,1.569983
2026-06-12T18:53:20.529832,40.812096,20.406048,358.567621,1.581360,1.569799
2026-06-12T18:53:20.537283,40.822650,20.411325,358.660344,1.590066,1.570121
2026-06-12T18:53:20.546854,40.832839,20.416420,358.749864,1.584585,1.572885
2026-06-12T18:53:20.557103,40.843086,20.421543,358.839887,1.584262,1.581360
2026-06-12T18:53:20.569461,40.853348,20.426674,358.930047,1.592646,1.586059
2026-06-12T18:53:20.577788,40.863815,20.431907,359.022010,1.561692,1.582880
2026-06-12T18:53:20.588040,40.874036,20.437018,359.111815,1.526546,1.574451
2026-06-12T18:53:20.598479,40.884460,20.442230,359.203399,1.557822,1.571088
2026-06-12T18:53:20.612115,40.894774,20.447387,359.294015,1.550729,1.565469
2026-06-12T18:53:20.619421,40.905701,20.452851,359.390018,1.503008,1.553815
2026-06-12T18:53:20.630210,40.916192,20.458096,359.482188,1.538154,1.547228
2026-06-12T18:53:20.640464,40.926444,20.463222,359.572262,1.556855,1.542115
2026-06-12T18:53:20.654183,40.936926,20.468463,359.664348,1.568785,1.543128
2026-06-12T18:53:20.661432,40.947421,20.473710,359.756557,1.582328,1.551097
2026-06-12T18:53:20.674089,40.957532,20.478766,359.845392,1.588776,1.555519
2026-06-12T18:53:20.681992,40.967976,20.483988,359.937152,1.581038,1.559849
2026-06-12T18:53:20.694620,40.978397,20.489198,360.028708,1.586842,1.571825
2026-06-12T18:53:20.703971,40.988599,20.494300,360.118344,1.591678,1.579472
2026-06-12T18:53:20.713119,40.999103,20.499551,360.210625,1.586197,1.583663
2026-06-12T18:53:20.724442,41.009245,20.504623,360.299738,1.577491,1.584907
2026-06-12T18:53:20.736662,41.019507,20.509754,360.389894,1.584262,1.585183
2026-06-12T18:53:20.745421,41.029796,20.514898,360.480294,1.584907,1.584631
2026-06-12T18:53:20.754318,41.039833,20.519916,360.568471,1.497204,1.572655
2026-06-12T18:53:20.764185,41.050167,20.525084,360.659268,1.535897,1.565377
2026-06-12T18:53:20.774545,41.060523,20.530262,360.750254,1.576846,1.563258
2026-06-12T18:53:20.786514,41.070935,20.535468,360.841732,1.586842,1.563350
2026-06-12T18:53:20.795551,41.081523,20.540762,360.934756,1.589099,1.565008
2026-06-12T18:53:20.806060,41.092047,20.546023,361.027217,1.592646,1.566206
2026-06-12T18:53:20.819468,41.102367,20.551183,361.117884,1.481727,1.551466
2026-06-12T18:53:20.827799,41.112623,20.556311,361.207992,1.317607,1.525809
2026-06-12T18:53:20.837015,41.122993,20.561497,361.299104,1.454320,1.514155
2026-06-12T18:53:20.847541,41.133521,20.566761,361.391603,1.545892,1.509733
2026-06-12T18:53:20.861423,41.143993,20.571996,361.483604,1.564594,1.506555
2026-06-12T18:53:20.869544,41.154434,20.577217,361.575336,1.582328,1.505588
2026-06-12T18:53:20.878877,41.164867,20.582434,361.667003,1.588454,1.504989
2026-06-12T18:53:20.889271,41.175259,20.587629,361.758300,1.572010,1.517886
2026-06-12T18:53:20.899568,41.185539,20.592769,361.848620,1.567173,1.553539
2026-06-12T18:53:20.912142,41.195675,20.597838,361.937673,1.586519,1.572424
2026-06-12T18:53:20.920273,41.206030,20.603015,362.028652,1.588454,1.578504
2026-06-12T18:53:20.930275,41.216255,20.608128,362.118489,1.586842,1.581683
2026-06-12T18:53:20.940346,41.226418,20.613209,362.207778,1.588776,1.582604
2026-06-12T18:53:20.953296,41.236927,20.618464,362.300106,1.592323,1.583157
2026-06-12T18:53:20.962096,41.247192,20.623596,362.390289,1.572010,1.583157
2026-06-12T18:53:20.971731,41.257718,20.628859,362.482776,1.578136,1.584723
2026-06-12T18:53:20.982234,41.268219,20.634109,362.575027,1.588776,1.585045
2026-06-12T18:53:20.994470,41.278980,20.639490,362.669578,1.560079,1.580992
2026-06-12T18:53:21.003275,41.289300,20.644650,362.760246,1.571687,1.578827
2026-06-12T18:53:21.014124,41.299420,20.649710,362.849155,1.586842,1.578551
2026-06-12T18:53:21.023638,41.309622,20.654811,362.938788,1.534929,1.570351
2026-06-12T18:53:21.036117,41.320119,20.660060,363.031018,1.465605,1.555151
2026-06-12T18:53:21.044436,41.330471,20.665236,363.121967,1.554276,1.551742
2026-06-12T18:53:21.054900,41.340895,20.670447,363.213548,1.580393,1.550545
2026-06-12T18:53:21.068967,41.350940,20.675470,363.301804,1.586197,1.554276
2026-06-12T18:53:21.077777,41.360999,20.680500,363.390181,1.589099,1.556763
2026-06-12T18:53:21.086143,41.371574,20.685787,363.483089,1.464638,1.539305
2026-06-12T18:53:21.096087,41.382070,20.691035,363.575308,1.354687,1.513556
2026-06-12T18:53:21.106244,41.392230,20.696115,363.664567,1.501396,1.518669
2026-06-12T18:53:21.116401,41.402377,20.701188,363.753719,1.544280,1.517241
2026-06-12T18:53:21.127785,41.412663,20.706332,363.844095,1.532672,1.510424
2026-06-12T18:53:21.137082,41.423068,20.711534,363.935507,1.572010,1.508397
2026-06-12T18:53:21.147149,41.433135,20.716568,364.023957,1.585230,1.507845
2026-06-12T18:53:21.157642,41.443624,20.721812,364.116110,1.578458,1.524105
2026-06-12T18:53:21.171047,41.453832,20.726916,364.205794,1.585552,1.557085
2026-06-12T18:53:21.178502,41.464486,20.732243,364.299400,1.590711,1.569845
2026-06-12T18:53:21.189037,41.475017,20.737509,364.391922,1.558467,1.571871
2026-06-12T18:53:21.199262,41.485328,20.742664,364.482514,1.479793,1.564317
2026-06-12T18:53:21.212269,41.495737,20.747868,364.573962,1.536542,1.559250
2026-06-12T18:53:21.220146,41.506124,20.753062,364.665223,1.572977,1.557500
2026-06-12T18:53:21.230449,41.516428,20.758214,364.755749,1.584262,1.558329
2026-06-12T18:53:21.240744,41.526730,20.763365,364.846260,1.590711,1.559066
2026-06-12T18:53:21.253939,41.536940,20.768470,364.935966,1.591678,1.559204
2026-06-12T18:53:21.261109,41.547305,20.773653,365.027034,1.539766,1.556533
2026-06-12T18:53:21.271570,41.557550,20.778775,365.117041,1.574589,1.570075
2026-06-12T18:53:21.281890,41.567872,20.783936,365.207731,1.586519,1.577215
2026-06-12T18:53:21.295305,41.578032,20.789016,365.296995,1.580071,1.578228
2026-06-12T18:53:21.304137,41.588402,20.794201,365.388100,1.575879,1.577030
2026-06-12T18:53:21.312767,41.598747,20.799374,365.478994,1.587809,1.576616
2026-06-12T18:53:21.323417,41.608853,20.804426,365.567779,1.548472,1.570444
2026-06-12T18:53:21.336129,41.619388,20.809694,365.660342,1.525579,1.568417
2026-06-12T18:53:21.345565,41.629955,20.814977,365.753176,1.573299,1.568233
2026-06-12T18:53:21.354245,41.640217,20.820108,365.843335,1.586197,1.568186
2026-06-12T18:53:21.364513,41.650497,20.825249,365.933660,1.556533,1.564824
2026-06-12T18:53:21.374671,41.660646,20.830323,366.022827,1.577169,1.565008
2026-06-12T18:53:21.386164,41.670802,20.835401,366.112051,1.590389,1.565377
2026-06-12T18:53:21.395140,41.681123,20.840561,366.202727,1.567818,1.568140
2026-06-12T18:53:21.405331,41.691320,20.845660,366.292320,1.545892,1.571042
2026-06-12T18:53:21.415381,41.701361,20.850680,366.380535,1.572010,1.570858
2026-06-12T18:53:21.428213,41.711398,20.855699,366.468722,1.587487,1.571042
2026-06-12T18:53:21.437229,41.722248,20.861124,366.564049,1.571365,1.573161
2026-06-12T18:53:21.446343,41.732315,20.866158,366.652494,1.565883,1.571549
2026-06-12T18:53:21.456548,41.742531,20.871266,366.742254,1.582650,1.570444
2026-06-12T18:53:21.469580,41.752837,20.876419,366.832797,1.574912,1.571457
2026-06-12T18:53:21.478218,41.763058,20.881529,366.922598,1.583940,1.576892
2026-06-12T18:53:21.487443,41.773425,20.886712,367.013676,1.591033,1.579610
2026-06-12T18:53:21.497866,41.783839,20.891919,367.105173,1.476568,1.563764
2026-06-12T18:53:21.511174,41.793968,20.896984,367.194164,1.355654,1.532949
2026-06-12T18:53:21.519460,41.804220,20.902110,367.284240,1.442067,1.515261
2026-06-12T18:53:21.528992,41.814973,20.907486,367.378710,1.482050,1.500889
2026-06-12T18:53:21.539433,41.825449,20.912724,367.470751,1.517518,1.492690
2026-06-12T18:53:21.552983,41.835970,20.917985,367.563187,1.569108,1.490571
2026-06-12T18:53:21.562118,41.846404,20.923202,367.654861,1.580715,1.489097
2026-06-12T18:53:21.571049,41.857172,20.928586,367.749469,1.587164,1.504897
2026-06-12T18:53:21.581672,41.867656,20.933828,367.841572,1.590711,1.538476
2026-06-12T18:53:21.595398,41.877742,20.938871,367.930190,1.592323,1.559941
2026-06-12T18:53:21.604369,41.887852,20.943926,368.019014,1.588454,1.575142
2026-06-12T18:53:21.612376,41.898358,20.949179,368.111318,1.589099,1.585368
2026-06-12T18:53:21.622587,41.908588,20.954294,368.201198,1.590389,1.588408
2026-06-12T18:53:21.636459,41.918968,20.959484,368.292396,1.529770,1.581130
2026-06-12T18:53:21.646135,41.929330,20.964665,368.383434,1.498172,1.568417
2026-06-12T18:53:21.653410,41.939408,20.969704,368.471979,1.566206,1.564916
2026-06-12T18:53:21.663827,41.949816,20.974908,368.563423,1.584585,1.563811
2026-06-12T18:53:21.674289,41.960266,20.980133,368.655230,1.583617,1.563120
2026-06-12T18:53:21.686275,41.970580,20.985290,368.745846,1.587809,1.562935
2026-06-12T18:53:21.695148,41.980794,20.990397,368.835588,1.587164,1.562475
2026-06-12T18:53:21.704859,41.990842,20.995421,368.923866,1.587487,1.570720
2026-06-12T18:53:21.715291,42.001268,21.000634,369.015462,1.589421,1.583756
2026-06-12T18:53:21.728033,42.011759,21.005880,369.107639,1.592001,1.587441
2026-06-12T18:53:21.736379,42.022066,21.011033,369.198189,1.386608,1.559158
2026-06-12T18:53:21.746441,42.032425,21.016212,369.289203,1.315994,1.520926
2026-06-12T18:53:21.756742,42.042715,21.021357,369.379611,1.475278,1.504851
2026-06-12T18:53:21.769958,42.052972,21.026486,369.469731,1.449483,1.485182
2026-06-12T18:53:21.777822,42.063474,21.031737,369.562000,1.535252,1.477720
2026-06-12T18:53:21.790518,42.073979,21.036990,369.654292,1.574589,1.475601
2026-06-12T18:53:21.798387,42.084366,21.042183,369.745552,1.580071,1.473897
2026-06-12T18:53:21.811992,42.094652,21.047326,369.835919,1.584585,1.502179
2026-06-12T18:53:21.819654,42.105139,21.052570,369.928058,1.584585,1.540549
2026-06-12T18:53:21.829256,42.115243,21.057621,370.016826,1.580393,1.555565
2026-06-12T18:53:21.839565,42.125551,21.062775,370.107392,1.496237,1.562244
2026-06-12T18:53:21.853245,42.135942,21.067971,370.198688,1.547182,1.563949
2026-06-12T18:53:21.861921,42.146168,21.073084,370.288532,1.577814,1.564409
2026-06-12T18:53:21.870974,42.156465,21.078232,370.378998,1.566528,1.562475
2026-06-12T18:53:21.881019,42.167005,21.083502,370.471597,1.563626,1.559481
2026-06-12T18:53:21.891170,42.177157,21.088578,370.560794,1.581360,1.559020
2026-06-12T18:53:21.902911,42.187636,21.093818,370.652859,1.559435,1.556026
2026-06-12T18:53:21.912233,42.198220,21.099110,370.745854,1.506555,1.557500
2026-06-12T18:53:21.922478,42.208462,21.104231,370.835833,1.493980,1.549900
2026-06-12T18:53:21.932902,42.218890,21.109445,370.927456,1.525901,1.542484
2026-06-12T18:53:21.946442,42.229365,21.114683,371.019488,1.532027,1.537555
2026-06-12T18:53:21.954247,42.239668,21.119834,371.110010,1.562014,1.537325
2026-06-12T18:53:21.964542,42.249975,21.124988,371.200563,1.578136,1.536864
2026-06-12T18:53:21.974468,42.260455,21.130228,371.292639,1.555565,1.536311
2026-06-12T18:53:21.986129,42.271060,21.135530,371.385806,1.574267,1.545984
2026-06-12T18:53:21.995610,42.281605,21.140802,371.478452,1.586519,1.559204
2026-06-12T18:53:22.005668,42.291661,21.145831,371.566810,1.527836,1.559481
2026-06-12T18:53:22.015722,42.301710,21.150855,371.655093,1.512681,1.556717
2026-06-12T18:53:22.028513,42.312002,21.156001,371.745522,1.572010,1.558145
2026-06-12T18:53:22.039908,42.322750,21.161375,371.839944,1.582973,1.558836
2026-06-12T18:53:22.047186,42.333164,21.166582,371.931448,1.570397,1.560955
2026-06-12T18:53:22.057394,42.343377,21.171688,372.021172,1.574912,1.561047
2026-06-12T18:53:22.071284,42.353515,21.176758,372.110245,1.586519,1.561047
2026-06-12T18:53:22.077797,42.363923,21.181962,372.201689,1.464638,1.552019
2026-06-12T18:53:22.088444,42.374424,21.187212,372.293950,1.391445,1.534699
2026-06-12T18:53:22.098807,42.384797,21.192399,372.385084,1.474956,1.520834
2026-06-12T18:53:22.111940,42.395046,21.197523,372.475131,1.546215,1.515583
2026-06-12T18:53:22.119313,42.405344,21.202672,372.565603,1.558467,1.513879
2026-06-12T18:53:22.130591,42.415444,21.207722,372.654338,1.583617,1.515122
2026-06-12T18:53:22.142075,42.425668,21.212834,372.744170,1.564916,1.512036
2026-06-12T18:53:22.153058,42.435979,21.217989,372.834757,1.554598,1.524888
2026-06-12T18:53:22.161215,42.446257,21.223129,372.925062,1.578458,1.551604
2026-06-12T18:53:22.170566,42.456556,21.228278,373.015542,1.567496,1.564824
2026-06-12T18:53:22.184236,42.467087,21.233544,373.108069,1.430137,1.548241
2026-06-12T18:53:22.191318,42.477301,21.238650,373.197804,1.515261,1.542069
2026-06-12T18:53:22.203744,42.487495,21.243748,373.287369,1.565238,1.539443
2026-06-12T18:53:22.211662,42.498032,21.249016,373.379941,1.503975,1.530738
2026-06-12T18:53:22.222706,42.508063,21.254031,373.468072,1.545892,1.529494
2026-06-12T18:53:22.232414,42.518402,21.259201,373.558911,1.576201,1.529172
2026-06-12T18:53:22.246819,42.528826,21.264413,373.650494,1.582328,1.531290
2026-06-12T18:53:22.256427,42.539429,21.269715,373.743654,1.583940,1.553262
2026-06-12T18:53:22.263976,42.549974,21.274987,373.836301,1.590389,1.563995
2026-06-12T18:53:22.278165,42.560499,21.280249,373.928765,1.580715,1.566206
2026-06-12T18:53:22.286071,42.571036,21.285518,374.021345,1.497204,1.565238
2026-06-12T18:53:22.295435,42.581415,21.290707,374.112528,1.551051,1.565975
2026-06-12T18:53:22.305782,42.591766,21.295883,374.203476,1.581038,1.566666
2026-06-12T18:53:22.315823,42.601806,21.300903,374.291680,1.508812,1.556164
2026-06-12T18:53:22.327813,42.612123,21.306061,374.382326,1.468830,1.539720
2026-06-12T18:53:22.337348,42.622581,21.311291,374.474209,1.547827,1.533640
2026-06-12T18:53:22.347046,42.633032,21.316516,374.566025,1.556210,1.530139
2026-06-12T18:53:22.357197,42.643182,21.321591,374.655203,1.557500,1.538753
2026-06-12T18:53:22.369462,42.653557,21.326779,374.746359,1.580393,1.542944
2026-06-12T18:53:22.377761,42.663898,21.331949,374.837214,1.553631,1.539029
2026-06-12T18:53:22.390565,42.674102,21.337051,374.926862,1.515906,1.540042
2026-06-12T18:53:22.398656,42.684645,21.342322,375.019488,1.567173,1.554091
2026-06-12T18:53:22.411097,42.694688,21.347344,375.107730,1.560402,1.555888
2026-06-12T18:53:22.419572,42.705584,21.352792,375.203462,1.542345,1.553907
2026-06-12T18:53:22.429845,42.715827,21.357914,375.293454,1.576846,1.556671
2026-06-12T18:53:22.440370,42.726464,21.363232,375.386907,1.587164,1.557638
2026-06-12T18:53:22.454078,42.736555,21.368277,375.475562,1.577491,1.561047
2026-06-12T18:53:22.461348,42.746904,21.373452,375.566485,1.549439,1.565837
2026-06-12T18:53:22.471738,42.757100,21.378550,375.656066,1.580071,1.567680
2026-06-12T18:53:22.481551,42.767535,21.383767,375.747745,1.573622,1.569568
2026-06-12T18:53:22.494707,42.777647,21.388824,375.836590,1.585552,1.575741
2026-06-12T18:53:22.502863,42.787896,21.393948,375.926632,1.589421,1.577537
2026-06-12T18:53:22.512599,42.798576,21.399288,376.020465,1.568463,1.574866
2026-06-12T18:53:22.523030,42.809015,21.404508,376.112187,1.551051,1.571088
2026-06-12T18:53:22.536586,42.819168,21.409584,376.201387,1.576846,1.575004
2026-06-12T18:53:22.544939,42.829648,21.414824,376.293459,1.586197,1.575879
2026-06-12T18:53:22.556206,42.840188,21.420094,376.386068,1.580071,1.576800
2026-06-12T18:53:22.564570,42.850554,21.425277,376.477140,1.588131,1.577169
2026-06-12T18:53:22.574809,42.860791,21.430395,376.567074,1.591033,1.577399
2026-06-12T18:53:22.587045,42.871345,21.435673,376.659805,1.591033,1.580623
2026-06-12T18:53:22.595619,42.881606,21.440803,376.749959,1.592646,1.586565
2026-06-12T18:53:22.605848,42.891835,21.445918,376.839827,1.596515,1.589375
2026-06-12T18:53:22.620071,42.902159,21.451080,376.930534,1.572010,1.587348
2026-06-12T18:53:22.627792,42.912473,21.456237,377.021147,1.535897,1.581038
2026-06-12T18:53:22.636603,42.922616,21.461308,377.110259,1.573944,1.579011
2026-06-12T18:53:22.646938,42.932925,21.466462,377.200834,1.585230,1.578182
2026-06-12T18:53:22.657204,42.943186,21.471593,377.290988,1.585874,1.577445
2026-06-12T18:53:22.669614,42.953543,21.476771,377.381977,1.595225,1.577814
2026-06-12T18:53:22.677762,42.963821,21.481911,377.472284,1.592646,1.577261
2026-06-12T18:53:22.688130,42.974119,21.487060,377.562761,1.512681,1.568785
2026-06-12T18:53:22.698513,42.984497,21.492248,377.653933,1.541378,1.569568
2026-06-12T18:53:22.711980,42.994712,21.497356,377.743686,1.580715,1.570536
2026-06-12T18:53:22.719415,43.004926,21.502463,377.833420,1.588454,1.570996
2026-06-12T18:53:22.729477,43.015930,21.507965,377.930103,1.593935,1.572148
2026-06-12T18:53:22.740191,43.026169,21.513085,378.020059,1.592001,1.571687
2026-06-12T18:53:22.753698,43.036549,21.518275,378.111257,1.580071,1.569891
2026-06-12T18:53:22.761078,43.047260,21.523630,378.205360,1.515583,1.570305
2026-06-12T18:53:22.771420,43.057399,21.528699,378.294437,1.563626,1.573484
2026-06-12T18:53:22.781727,43.067705,21.533853,378.384991,1.584262,1.573990
2026-06-12T18:53:22.794705,43.077807,21.538903,378.473737,1.584585,1.573438
2026-06-12T18:53:22.803943,43.088308,21.544154,378.565997,1.589744,1.572839
2026-06-12T18:53:22.812855,43.098839,21.549420,378.658526,1.592968,1.572977
2026-06-12T18:53:22.823240,43.109223,21.554611,378.749755,1.514616,1.563626
2026-06-12T18:53:22.836912,43.120023,21.560012,378.844648,1.546537,1.568048
2026-06-12T18:53:22.847221,43.130113,21.565056,378.933291,1.572332,1.569292
2026-06-12T18:53:22.854602,43.140590,21.570295,379.025337,1.413371,1.544879
2026-06-12T18:53:22.864647,43.150635,21.575317,379.113591,1.404020,1.519084
2026-06-12T18:53:22.874861,43.160853,21.580426,379.203364,1.527513,1.510194
2026-06-12T18:53:22.887407,43.171181,21.585591,379.294110,1.568140,1.506647
2026-06-12T18:53:22.895472,43.181448,21.590724,379.384314,1.519130,1.507292
2026-06-12T18:53:22.905822,43.191802,21.595901,379.475281,1.528803,1.504758
2026-06-12T18:53:22.919404,43.202040,21.601020,379.565227,1.565238,1.503745
2026-06-12T18:53:22.927814,43.212146,21.606073,379.654022,1.573299,1.526592
2026-06-12T18:53:22.936762,43.222748,21.611374,379.747170,1.583940,1.552295
2026-06-12T18:53:22.947069,43.233047,21.616524,379.837653,1.590066,1.561231
2026-06-12T18:53:22.957294,43.243273,21.621636,379.927491,1.586842,1.563903
2026-06-12T18:53:22.971515,43.253599,21.626800,380.018218,1.585874,1.573438
2026-06-12T18:53:22.977781,43.263927,21.631963,380.108954,1.588131,1.581913
2026-06-12T18:53:22.988457,43.274442,21.637221,380.201345,1.589744,1.585414
2026-06-12T18:53:22.998761,43.284742,21.642371,380.291832,1.581038,1.586519
2026-06-12T18:53:23.011147,43.294780,21.647390,380.380024,1.589099,1.587256
2026-06-12T18:53:23.019424,43.305042,21.652521,380.470190,1.590389,1.587302
2026-06-12T18:53:23.029404,43.315374,21.657687,380.560962,1.554276,1.582650
2026-06-12T18:53:23.039551,43.325620,21.662810,380.650978,1.569753,1.580347
2026-06-12T18:53:23.053148,43.336057,21.668029,380.742679,1.586197,1.580071
2026-06-12T18:53:23.061976,43.346268,21.673134,380.832395,1.584262,1.579288
2026-06-12T18:53:23.070738,43.356730,21.678365,380.924304,1.568463,1.577491
2026-06-12T18:53:23.080873,43.366860,21.683430,381.013309,1.579426,1.576109
2026-06-12T18:53:23.094475,43.376944,21.688472,381.101901,1.586842,1.575603
2026-06-12T18:53:23.103851,43.387311,21.693656,381.192989,1.570720,1.577952
2026-06-12T18:53:23.111753,43.397739,21.698869,381.284604,1.587164,1.580439
2026-06-12T18:53:23.121905,43.407896,21.703948,381.373840,1.542023,1.574129
2026-06-12T18:53:23.132074,43.418056,21.709028,381.463107,1.350173,1.540687
2026-06-12T18:53:23.144426,43.428569,21.714284,381.555469,1.390800,1.515307
2026-06-12T18:53:23.152751,43.439560,21.719780,381.652036,1.518163,1.506555
2026-06-12T18:53:23.164589,43.450073,21.725037,381.744405,1.567818,1.503837
2026-06-12T18:53:23.174494,43.460483,21.730242,381.835864,1.582650,1.505541
2026-06-12T18:53:23.187399,43.470695,21.735348,381.925587,1.591356,1.506140
2026-06-12T18:53:23.197989,43.480967,21.740484,382.015832,1.585552,1.512359
2026-06-12T18:53:23.207161,43.491460,21.745730,382.108018,1.591033,1.546767
2026-06-12T18:53:23.215516,43.501492,21.750746,382.196158,1.593290,1.575695
2026-06-12T18:53:23.227787,43.511586,21.755793,382.284841,1.591678,1.586197
2026-06-12T18:53:23.236481,43.522233,21.761117,382.378390,1.537509,1.581867
2026-06-12T18:53:23.246834,43.532305,21.766153,382.466880,1.567818,1.579748
2026-06-12T18:53:23.256798,43.542769,21.771384,382.558809,1.586197,1.579011
2026-06-12T18:53:23.269433,43.552922,21.776461,382.648011,1.572977,1.577215
2026-06-12T18:53:23.277833,43.563453,21.781726,382.740537,1.570720,1.574313
2026-06-12T18:53:23.287728,43.573698,21.786849,382.830553,1.582973,1.572839
2026-06-12T18:53:23.298095,43.584069,21.792035,382.921669,1.555243,1.567634
2026-06-12T18:53:23.311893,43.594279,21.797140,383.011372,1.543635,1.568509
2026-06-12T18:53:23.321516,43.604589,21.802294,383.101949,1.576524,1.569753
2026-06-12T18:53:23.328875,43.615047,21.807524,383.193836,1.583617,1.569384
2026-06-12T18:53:23.339428,43.625407,21.812704,383.284858,1.587809,1.571503
2026-06-12T18:53:23.353259,43.635677,21.817838,383.375084,1.593290,1.574727
2026-06-12T18:53:23.361111,43.645979,21.822989,383.465592,1.576846,1.573852
2026-06-12T18:53:23.370500,43.656481,21.828241,383.557868,1.486564,1.564041
2026-06-12T18:53:23.380751,43.666737,21.833369,383.647973,1.534929,1.562797
2026-06-12T18:53:23.394471,43.677028,21.838514,383.738385,1.575879,1.562705
2026-06-12T18:53:23.402828,43.687608,21.843804,383.831343,1.565883,1.560172
2026-06-12T18:53:23.412199,43.698183,21.849092,383.924254,1.574589,1.558283
2026-06-12T18:53:23.422717,43.708692,21.854346,384.016585,1.587164,1.557408
2026-06-12T18:53:23.436474,43.718915,21.859457,384.106396,1.589099,1.559158
2026-06-12T18:53:23.444465,43.729250,21.864625,384.197199,1.588454,1.573714
2026-06-12T18:53:23.454064,43.740039,21.870019,384.291986,1.590711,1.581683
2026-06-12T18:53:23.464326,43.750303,21.875151,384.382165,1.591033,1.583848
2026-06-12T18:53:23.478137,43.760644,21.880322,384.473027,1.591678,1.587533
2026-06-12T18:53:23.488299,43.771271,21.885635,384.566385,1.593613,1.590250
2026-06-12T18:53:23.495521,43.781527,21.890764,384.656499,1.592001,1.590941
2026-06-12T18:53:23.505646,43.791636,21.895818,384.745309,1.575556,1.589007
2026-06-12T18:53:23.515911,43.801896,21.900948,384.835455,1.577491,1.587441
2026-06-12T18:53:23.528344,43.812190,21.906095,384.925893,1.588131,1.587072
2026-06-12T18:53:23.536694,43.822697,21.911348,385.018207,1.589099,1.586796
2026-06-12T18:53:23.547506,43.832967,21.916484,385.108442,1.590711,1.586657
2026-06-12T18:53:23.557298,43.843281,21.921640,385.199052,1.591033,1.586289
2026-06-12T18:53:23.569411,43.853732,21.926866,385.290880,1.561369,1.581913
2026-06-12T18:53:23.578439,43.864103,21.932052,385.381998,1.512681,1.572931
2026-06-12T18:53:23.588542,43.874537,21.937269,385.473667,1.561369,1.570628
2026-06-12T18:53:23.599061,43.885046,21.942523,385.565996,1.563949,1.567173
2026-06-12T18:53:23.612083,43.895501,21.947750,385.657848,1.497204,1.554045
2026-06-12T18:53:23.620026,43.906006,21.953003,385.750150,1.541701,1.547044
2026-06-12T18:53:23.630381,43.916364,21.958182,385.841149,1.578136,1.545201
2026-06-12T18:53:23.640717,43.926697,21.963349,385.931936,1.569430,1.546353
2026-06-12T18:53:23.653701,43.936920,21.968460,386.021755,1.560724,1.553216
2026-06-12T18:53:23.661096,43.947676,21.973838,386.116249,1.582973,1.556302
2026-06-12T18:53:23.673619,43.958171,21.979086,386.208459,1.577491,1.558237
2026-06-12T18:53:23.682438,43.968442,21.984221,386.298700,1.465605,1.553723
2026-06-12T18:53:23.695517,43.978658,21.989329,386.388449,1.532995,1.552479
2026-06-12T18:53:23.703983,43.989252,21.994626,386.481532,1.572332,1.551650
2026-06-12T18:53:23.715817,43.999302,21.999651,386.569832,1.576201,1.552617
2026-06-12T18:53:23.723637,44.009626,22.004813,386.660528,1.585552,1.556164
2026-06-12T18:53:23.736139,44.019865,22.009933,386.750494,1.589421,1.557085
2026-06-12T18:53:23.747667,44.030262,22.015131,386.841838,1.583617,1.557961
2026-06-12T18:53:23.754429,44.040408,22.020204,386.930975,1.588454,1.575510
2026-06-12T18:53:23.764605,44.050576,22.025288,387.020313,1.591356,1.583848
2026-06-12T18:53:23.777734,44.060952,22.030476,387.111470,1.546537,1.580163
2026-06-12T18:53:23.787435,44.071681,22.035841,387.205738,1.515906,1.571549
2026-06-12T18:53:23.795890,44.081870,22.040935,387.295255,1.532995,1.564041
2026-06-12T18:53:23.806318,44.092294,22.046147,387.386835,1.562981,1.560264
2026-06-12T18:53:23.819808,44.102767,22.051384,387.478854,1.578136,1.559481
2026-06-12T18:53:23.827742,44.113113,22.056556,387.569748,1.589421,1.559619
2026-06-12T18:53:23.837589,44.123569,22.061785,387.661618,1.588131,1.559158
2026-06-12T18:53:23.848121,44.134105,22.067053,387.754186,1.588454,1.565146
2026-06-12T18:53:23.861612,44.144277,22.072138,387.843552,1.588131,1.575464
2026-06-12T18:53:23.869756,44.154634,22.077317,387.934542,1.591033,1.583756
2026-06-12T18:53:23.878918,44.164902,22.082451,388.024762,1.577491,1.585828
2026-06-12T18:53:23.891116,44.175251,22.087626,388.115687,1.587164,1.587118
2026-06-12T18:53:23.899666,44.185651,22.092825,388.207055,1.591033,1.587348
2026-06-12T18:53:23.911070,44.196128,22.098064,388.299102,1.568463,1.584539
2026-06-12T18:53:23.920584,44.206571,22.103286,388.390857,1.569753,1.581867
2026-06-12T18:53:23.930705,44.216702,22.108351,388.479866,1.585552,1.581499
2026-06-12T18:53:23.944413,44.227095,22.113548,388.571177,1.582328,1.580255
2026-06-12T18:53:23.953420,44.237297,22.118648,388.660805,1.556533,1.577261
2026-06-12T18:53:23.961577,44.247597,22.123799,388.751305,1.582650,1.576616
2026-06-12T18:53:23.972001,44.257986,22.128993,388.842577,1.585552,1.575833
2026-06-12T18:53:23.982143,44.268129,22.134064,388.931691,1.585230,1.578228
2026-06-12T18:53:23.994419,44.278556,22.139278,389.023305,1.587164,1.580715
2026-06-12T18:53:24.003592,44.288815,22.144408,389.113436,1.582650,1.580301
2026-06-12T18:53:24.013136,44.299116,22.149558,389.203942,1.576846,1.579518
2026-06-12T18:53:24.023489,44.309474,22.154737,389.294939,1.583940,1.583433
2026-06-12T18:53:24.037995,44.320017,22.160008,389.387567,1.590066,1.584493
2026-06-12T18:53:24.045587,44.330101,22.165051,389.476171,1.587487,1.584769
2026-06-12T18:53:24.054589,44.340164,22.170082,389.564576,1.588776,1.585276
2026-06-12T18:53:24.064445,44.350423,22.175212,389.654714,1.597482,1.586750
2026-06-12T18:53:24.074858,44.360833,22.180416,389.746169,1.592646,1.588178
2026-06-12T18:53:24.086091,44.371260,22.185630,389.837780,1.549117,1.584216
2026-06-12T18:53:24.095513,44.381488,22.190744,389.927643,1.581038,1.583802
2026-06-12T18:53:24.105716,44.391708,22.195854,390.017433,1.596837,1.584769
2026-06-12T18:53:24.115765,44.401755,22.200877,390.105705,1.595870,1.585967
2026-06-12T18:53:24.128667,44.411898,22.205949,390.194822,1.595548,1.586934
2026-06-12T18:53:24.136187,44.422399,22.211199,390.287080,1.597160,1.586888
2026-06-12T18:53:24.148018,44.432485,22.216243,390.375696,1.570397,1.583710
2026-06-12T18:53:24.156936,44.442908,22.221454,390.467268,1.398538,1.562198
2026-06-12T18:53:24.169499,44.453292,22.226646,390.558499,1.367262,1.531659
2026-06-12T18:53:24.177828,44.463379,22.231690,390.647127,1.511391,1.519452
2026-06-12T18:53:24.187583,44.473552,22.236776,390.736505,1.564916,1.515030
2026-06-12T18:53:24.197715,44.483693,22.241846,390.825597,1.580393,1.512865
2026-06-12T18:53:24.211228,44.493944,22.246972,390.915660,1.591356,1.512036
2026-06-12T18:53:24.219558,44.504475,22.252238,391.008190,1.545247,1.508443
2026-06-12T18:53:24.228983,44.514955,22.257478,391.100262,1.573622,1.533455
2026-06-12T18:53:24.239525,44.525516,22.262758,391.193044,1.589099,1.565146
2026-06-12T18:53:24.252747,44.535967,22.267984,391.284870,1.487854,1.561784
2026-06-12T18:53:24.261936,44.546260,22.273130,391.375304,1.319219,1.526684
2026-06-12T18:53:24.270534,44.556515,22.278257,391.465397,1.438843,1.506463
2026-06-12T18:53:24.280707,44.566685,22.283342,391.554748,1.539443,1.499047
2026-06-12T18:53:24.291087,44.577063,22.288531,391.645926,1.572655,1.502962
2026-06-12T18:53:24.304199,44.587321,22.293660,391.736051,1.582328,1.504206
2026-06-12T18:53:24.311964,44.597947,22.298973,391.829410,1.583295,1.503377
2026-06-12T18:53:24.322321,44.608295,22.304148,391.920331,1.459801,1.499369
2026-06-12T18:53:24.332365,44.618348,22.309174,392.008654,1.389833,1.509457
2026-06-12T18:53:24.344641,44.628910,22.314455,392.101445,1.520742,1.521157
2026-06-12T18:53:24.352971,44.638961,22.319481,392.189756,1.559757,1.524059
2026-06-12T18:53:24.363172,44.649160,22.324580,392.279363,1.577169,1.524703
2026-06-12T18:53:24.373711,44.659694,22.329847,392.371914,1.582005,1.524657
2026-06-12T18:53:24.386168,44.670109,22.335054,392.463413,1.568140,1.522492
2026-06-12T18:53:24.394506,44.680501,22.340250,392.554715,1.494947,1.527513
2026-06-12T18:53:24.404771,44.690767,22.345384,392.644917,1.547504,1.550038
2026-06-12T18:53:24.415085,44.701062,22.350531,392.735362,1.572655,1.557454
2026-06-12T18:53:24.427837,44.711403,22.355702,392.826222,1.583617,1.560863
2026-06-12T18:53:24.436183,44.721846,22.360923,392.917968,1.585552,1.562060
2026-06-12T18:53:24.448126,44.732089,22.366044,393.007958,1.584262,1.562383
2026-06-12T18:53:24.456531,44.742513,22.371256,393.099542,1.527836,1.556625
2026-06-12T18:53:24.469561,44.752864,22.376432,393.190485,1.562014,1.566206
2026-06-12T18:53:24.477859,44.763380,22.381690,393.282881,1.579748,1.570812
2026-06-12T18:53:24.487614,44.773596,22.386798,393.372637,1.429170,1.550314
2026-06-12T18:53:24.500433,44.783842,22.391921,393.462650,1.403053,1.524519
2026-06-12T18:53:24.511285,44.794231,22.397115,393.553925,1.482372,1.509779
2026-06-12T18:53:24.519727,44.804388,22.402194,393.643169,1.380159,1.480622
2026-06-12T18:53:24.528641,44.814624,22.407312,393.733097,1.443035,1.468507
2026-06-12T18:53:24.538883,44.824864,22.412432,393.823063,1.547182,1.466388
2026-06-12T18:53:24.549417,44.835393,22.417697,393.915571,1.570075,1.465007
2026-06-12T18:53:24.561181,44.845898,22.422949,394.007862,1.402408,1.461183
2026-06-12T18:53:24.572355,44.856330,22.428165,394.099516,1.364360,1.455656
2026-06-12T18:53:24.583721,44.866694,22.433347,394.190578,1.519130,1.460907
2026-06-12T18:53:24.593038,44.877012,22.438506,394.281226,1.571687,1.488268
2026-06-12T18:53:24.603944,44.887475,22.443738,394.373154,1.589421,1.509180
2026-06-12T18:53:24.611711,44.897697,22.448848,394.462959,1.594258,1.515906
2026-06-12T18:53:24.621908,44.907898,22.453949,394.552582,1.568785,1.515721
2026-06-12T18:53:24.636041,44.918309,22.459154,394.644052,1.569108,1.539536
2026-06-12T18:53:24.644417,44.928653,22.464327,394.734938,1.588776,1.571595
2026-06-12T18:53:24.653972,44.939150,22.469575,394.827163,1.590389,1.581775
2026-06-12T18:53:24.663521,44.949500,22.474750,394.918098,1.590389,1.584447
2026-06-12T18:53:24.673627,44.959614,22.479807,395.006951,1.591356,1.584723
2026-06-12T18:53:24.686381,44.969779,22.484890,395.096262,1.589421,1.584032
2026-06-12T18:53:24.694423,44.979991,22.489996,395.185985,1.536219,1.579380
2026-06-12T18:53:24.704305,44.990277,22.495138,395.276349,1.560079,1.578090
2026-06-12T18:53:24.714333,45.000308,22.500154,395.364485,1.581038,1.576984
2026-06-12T18:53:24.727719,45.010679,22.505340,395.455604,1.572655,1.574451
2026-06-12T18:53:24.737909,45.021198,22.510599,395.548019,1.578781,1.572793
2026-06-12T18:53:24.745326,45.031309,22.515655,395.636855,1.586519,1.572102
2026-06-12T18:53:24.758135,45.042580,22.521290,395.735880,1.585552,1.571549
2026-06-12T18:53:24.770532,45.052763,22.526381,395.825340,1.586197,1.578689
2026-06-12T18:53:24.779757,45.062917,22.531459,395.914556,1.585230,1.582282
2026-06-12T18:53:24.787500,45.073478,22.536739,396.007343,1.571042,1.580854
2026-06-12T18:53:24.797544,45.083516,22.541758,396.095535,1.550406,1.577675
2026-06-12T18:53:24.811085,45.094306,22.547153,396.190331,1.554598,1.574221
2026-06-12T18:53:24.819421,45.104352,22.552176,396.278595,1.573622,1.572378
2026-06-12T18:53:24.828753,45.114731,22.557366,396.369784,1.567818,1.569845
2026-06-12T18:53:24.839018,45.125001,22.562500,396.460010,1.538154,1.562981
2026-06-12T18:53:24.849087,45.135066,22.567533,396.548446,1.551374,1.558145
2026-06-12T18:53:24.861144,45.145297,22.572648,396.638327,1.571365,1.558191
2026-06-12T18:53:24.869442,45.155462,22.577731,396.727640,1.574589,1.561646
2026-06-12T18:53:24.882579,45.167103,22.583551,396.829912,1.582973,1.565699
2026-06-12T18:53:24.891223,45.177202,22.588601,396.918642,1.585874,1.567449
2026-06-12T18:53:24.902770,45.187636,22.593818,397.010317,1.586519,1.570121
2026-06-12T18:53:24.912163,45.198142,22.599071,397.102614,1.587809,1.577215
2026-06-12T18:53:24.922645,45.208624,22.604312,397.194708,1.589421,1.582650
2026-06-12T18:53:24.936411,45.218923,22.609462,397.285199,1.585230,1.584631
2026-06-12T18:53:24.944517,45.229187,22.614593,397.375370,1.586197,1.586289
2026-06-12T18:53:24.954201,45.239662,22.619831,397.467408,1.585230,1.586611
2026-06-12T18:53:24.964186,45.250171,22.625086,397.559738,1.533962,1.579195
2026-06-12T18:53:24.977774,45.260415,22.630208,397.649739,1.523644,1.570213
2026-06-12T18:53:24.986073,45.270905,22.635453,397.741903,1.572010,1.567956
2026-06-12T18:53:24.995535,45.281536,22.640768,397.835306,1.580715,1.566712
2026-06-12T18:53:25.006433,45.292226,22.646113,397.929221,1.585874,1.566805
2026-06-12T18:53:25.019383,45.302273,22.651137,398.017496,1.586519,1.566851
2026-06-12T18:53:25.027752,45.312361,22.656181,398.106126,1.590066,1.567542
2026-06-12T18:53:25.036921,45.322897,22.661449,398.198693,1.584907,1.574819
2026-06-12T18:53:25.048862,45.333324,22.666662,398.290297,1.589744,1.584262
2026-06-12T18:53:25.057805,45.343780,22.671890,398.382162,1.591033,1.586980
2026-06-12T18:53:25.069943,45.354262,22.677131,398.474261,1.482050,1.572885
2026-06-12T18:53:25.078835,45.364818,22.682409,398.567000,1.419497,1.549117
2026-06-12T18:53:25.089140,45.375265,22.687632,398.658786,1.540733,1.542576
2026-06-12T18:53:25.102739,45.385676,22.692838,398.750252,1.573944,1.540273
2026-06-12T18:53:25.111981,45.396194,22.698097,398.842667,1.588131,1.540733
2026-06-12T18:53:25.120516,45.406501,22.703250,398.933218,1.594903,1.541470
2026-06-12T18:53:25.130761,45.416733,22.708366,399.023114,1.561369,1.537232
2026-06-12T18:53:25.140952,45.426945,22.713472,399.112834,1.552986,1.547366
2026-06-12T18:53:25.152761,45.437420,22.718710,399.204874,1.585874,1.571134
2026-06-12T18:53:25.161705,45.447683,22.723842,399.295041,1.594903,1.578873
2026-06-12T18:53:25.171781,45.457760,22.728880,399.383569,1.595548,1.581959
2026-06-12T18:53:25.181881,45.467860,22.733930,399.472309,1.601674,1.583894
2026-06-12T18:53:25.194425,45.478041,22.739021,399.561760,1.600707,1.584723
2026-06-12T18:53:25.203422,45.488641,22.744321,399.654891,1.596837,1.589790
2026-06-12T18:53:25.214776,45.498698,22.749349,399.743244,1.598772,1.596331
2026-06-12T18:53:25.222781,45.508771,22.754385,399.831746,1.600384,1.598403
2026-06-12T18:53:25.236057,45.519041,22.759521,399.921981,1.597805,1.598818
2026-06-12T18:53:25.244360,45.529568,22.764784,400.014463,1.599094,1.599325
2026-06-12T18:53:25.256759,45.540192,22.770096,400.107806,1.598449,1.598864
2026-06-12T18:53:25.264541,45.550505,22.775253,400.198416,1.584585,1.596561
2026-06-12T18:53:25.274582,45.560553,22.780276,400.286691,1.576846,1.593705
2026-06-12T18:53:25.287027,45.570594,22.785297,400.374912,1.586197,1.591909
2026-06-12T18:53:25.295109,45.581096,22.790548,400.467179,1.586519,1.589928
2026-06-12T18:53:25.305373,45.591362,22.795681,400.557375,1.578136,1.587118
2026-06-12T18:53:25.318732,45.601705,22.800852,400.648244,1.577491,1.584032
2026-06-12T18:53:25.328196,45.612424,22.806212,400.742420,1.578458,1.581176
2026-06-12T18:53:25.336781,45.622763,22.811382,400.833263,1.567818,1.578781
2026-06-12T18:53:25.346905,45.632897,22.816449,400.922299,1.573944,1.578366
2026-06-12T18:53:25.357155,45.643353,22.821677,401.014161,1.575879,1.576892
2026-06-12T18:53:25.369744,45.653737,22.826868,401.105388,1.569753,1.574497
2026-06-12T18:53:25.378030,45.664012,22.832006,401.195662,1.560079,1.571918
2026-06-12T18:53:25.388510,45.674491,22.837246,401.287733,1.577169,1.571871
2026-06-12T18:53:25.398812,45.684783,22.842391,401.378152,1.553308,1.568279
2026-06-12T18:53:25.411555,45.694971,22.847486,401.467669,1.452385,1.551788
2026-06-12T18:53:25.419686,45.705496,22.852748,401.560135,1.506232,1.542115
2026-06-12T18:53:25.429883,45.715880,22.857940,401.651372,1.559757,1.539812
2026-06-12T18:53:25.440199,45.726183,22.863092,401.741891,1.566851,1.539397
2026-06-12T18:53:25.453574,45.736374,22.868187,401.831429,1.581360,1.542438
2026-06-12T18:53:25.461395,45.748030,22.874015,401.933834,1.586197,1.543727
2026-06-12T18:53:25.472966,45.758462,22.879231,402.025486,1.504943,1.536818
2026-06-12T18:53:25.482641,45.768611,22.884306,402.114657,1.439488,1.534975
2026-06-12T18:53:25.494817,45.778832,22.889416,402.204450,1.538476,1.539582
2026-06-12T18:53:25.503026,45.789009,22.894504,402.293865,1.571687,1.541286
2026-06-12T18:53:25.513690,45.799204,22.899602,402.383441,1.569753,1.541701
2026-06-12T18:53:25.523707,45.809691,22.904846,402.475575,1.528158,1.534100
2026-06-12T18:53:25.535894,45.819941,22.909970,402.565627,1.545247,1.528250
2026-06-12T18:53:25.544546,45.830088,22.915044,402.654777,1.530415,1.531889
2026-06-12T18:53:25.554590,45.840577,22.920289,402.746938,1.528803,1.544649
2026-06-12T18:53:25.564753,45.850754,22.925377,402.836345,1.571687,1.549393
2026-06-12T18:53:25.577782,45.860886,22.930443,402.925367,1.578458,1.550360
2026-06-12T18:53:25.586757,45.871229,22.935614,403.016235,1.587487,1.552894
2026-06-12T18:53:25.595500,45.881472,22.940736,403.106234,1.588131,1.561461
2026-06-12T18:53:25.605936,45.891917,22.945959,403.197998,1.579426,1.566344
2026-06-12T18:53:25.616149,45.902121,22.951060,403.287645,1.531060,1.566436
2026-06-12T18:53:25.627863,45.912425,22.956213,403.378181,1.570075,1.572332
2026-06-12T18:53:25.636856,45.922833,22.961417,403.469620,1.578458,1.573299
2026-06-12T18:53:25.649762,45.933374,22.966687,403.562230,1.486564,1.560172
2026-06-12T18:53:25.657793,45.943767,22.971883,403.653539,1.495592,1.547044
2026-06-12T18:53:25.669551,45.953961,22.976980,403.743101,1.555565,1.542391
2026-06-12T18:53:25.678547,45.964216,22.982108,403.833204,1.507522,1.532120
2026-06-12T18:53:25.690628,45.974627,22.987313,403.924671,1.525901,1.531383
2026-06-12T18:53:25.698843,45.984828,22.992414,404.014293,1.567496,1.531014
2026-06-12T18:53:25.712117,45.995233,22.997617,404.105717,1.571365,1.530001
2026-06-12T18:53:25.719418,46.005959,23.002980,404.199952,1.432717,1.522308
2026-06-12T18:53:25.730348,46.016354,23.008177,404.291282,1.345659,1.500889
2026-06-12T18:53:25.740911,46.027012,23.013506,404.384915,1.475278,1.489420
2026-06-12T18:53:25.753953,46.037154,23.018577,404.474019,1.539121,1.493934
2026-06-12T18:53:25.761497,46.047550,23.023775,404.565359,1.556855,1.498356
2026-06-12T18:53:25.771612,46.057585,23.028793,404.653526,1.570720,1.498816
2026-06-12T18:53:25.781936,46.067915,23.033957,404.744280,1.525579,1.492276
2026-06-12T18:53:25.794418,46.078192,23.039096,404.834577,1.546537,1.508536
2026-06-12T18:53:25.804277,46.089438,23.044719,404.933380,1.578781,1.541839
2026-06-12T18:53:25.813748,46.099957,23.049979,405.025803,1.581683,1.557039
2026-06-12T18:53:25.824486,46.110461,23.055231,405.118087,1.581683,1.563120
2026-06-12T18:53:25.838391,46.121606,23.060803,405.216006,1.584907,1.567127
2026-06-12T18:53:25.845900,46.131881,23.065941,405.306278,1.584585,1.569108
2026-06-12T18:53:25.858412,46.141919,23.070959,405.394469,1.584585,1.577537
2026-06-12T18:53:25.866207,46.152182,23.076091,405.484636,1.590711,1.583848
2026-06-12T18:53:25.878244,46.162443,23.081222,405.574793,1.556533,1.580669
2026-06-12T18:53:25.886937,46.172903,23.086451,405.666685,1.532995,1.573714
2026-06-12T18:53:25.897306,46.183282,23.091641,405.757879,1.569108,1.571918
2026-06-12T18:53:25.907793,46.193767,23.096884,405.849997,1.585230,1.571964
2026-06-12T18:53:25.919418,46.204143,23.102072,405.941162,1.581683,1.571549
2026-06-12T18:53:25.928779,46.215030,23.107515,406.036808,1.589099,1.572194
2026-06-12T18:53:25.939275,46.225257,23.112628,406.126660,1.588454,1.571871
2026-06-12T18:53:25.953421,46.235735,23.117867,406.218716,1.474956,1.560218
2026-06-12T18:53:25.961127,46.246476,23.123238,406.313091,1.331149,1.531383
2026-06-12T18:53:25.970640,46.256645,23.128323,406.402434,1.464316,1.516412
2026-06-12T18:53:25.980995,46.266978,23.133489,406.493212,1.498494,1.504021
2026-06-12T18:53:25.991092,46.277077,23.138538,406.581939,1.551374,1.499692
2026-06-12T18:53:26.002791,46.287218,23.143609,406.671043,1.580071,1.498402
2026-06-12T18:53:26.011497,46.297829,23.148915,406.764269,1.569108,1.495638
2026-06-12T18:53:26.022605,46.308049,23.154024,406.854055,1.550084,1.506371
2026-06-12T18:53:26.032249,46.318233,23.159116,406.943529,1.574267,1.541102
2026-06-12T18:53:26.044751,46.328687,23.164344,407.035382,1.587164,1.558652
2026-06-12T18:53:26.054570,46.338924,23.169462,407.125319,1.560724,1.567542
2026-06-12T18:53:26.063189,46.349181,23.174591,407.215438,1.575556,1.570996
2026-06-12T18:53:26.073622,46.359599,23.179799,407.306963,1.585230,1.571733
2026-06-12T18:53:26.086949,46.370043,23.185021,407.398724,1.584585,1.573944
2026-06-12T18:53:26.095352,46.380654,23.190327,407.491956,1.584907,1.578919
2026-06-12T18:53:26.104966,46.390941,23.195471,407.582331,1.590066,1.581176
2026-06-12T18:53:26.118076,46.401005,23.200503,407.670755,1.586519,1.581084
2026-06-12T18:53:26.128111,46.411090,23.205545,407.759360,1.587809,1.584953
2026-06-12T18:53:26.136062,46.421294,23.210647,407.849005,1.590066,1.587026
2026-06-12T18:53:26.145494,46.431474,23.215737,407.938446,1.591678,1.587947
2026-06-12T18:53:26.155921,46.441893,23.220947,408.029987,1.577491,1.586934
2026-06-12T18:53:26.169402,46.452186,23.226093,408.120417,1.575879,1.585644
2026-06-12T18:53:26.179406,46.462607,23.231304,408.211977,1.585230,1.584953
2026-06-12T18:53:26.187190,46.473185,23.236593,408.304914,1.577491,1.583663
2026-06-12T18:53:26.197648,46.483629,23.241815,408.396671,1.572655,1.581499
2026-06-12T18:53:26.207793,46.493779,23.246889,408.485845,1.583617,1.580577
2026-06-12T18:53:26.219446,46.504275,23.252137,408.578062,1.461736,1.562014
2026-06-12T18:53:26.228802,46.514833,23.257417,408.670827,1.218941,1.510793
2026-06-12T18:53:26.239361,46.525348,23.262674,408.763203,1.190566,1.455748
2026-06-12T18:53:26.250423,46.535388,23.267694,408.851418,1.219263,1.403467
2026-06-12T18:53:26.261076,46.545928,23.272964,408.944021,1.363070,1.372836
2026-06-12T18:53:26.273280,46.556532,23.278266,409.037181,1.487531,1.360675
2026-06-12T18:53:26.280653,46.566631,23.283315,409.125908,1.556855,1.356852
2026-06-12T18:53:26.291065,46.577051,23.288526,409.217462,1.571365,1.372513
2026-06-12T18:53:26.303169,46.587145,23.293573,409.306146,1.581038,1.424241
2026-06-12T18:53:26.312372,46.597728,23.298864,409.399125,1.585552,1.480668
2026-06-12T18:53:26.321845,46.607817,23.303908,409.487760,1.585230,1.532949
2026-06-12T18:53:26.332105,46.618079,23.309039,409.577922,1.572655,1.562889
2026-06-12T18:53:26.344847,46.628191,23.314095,409.666766,1.586197,1.576984
2026-06-12T18:53:26.353157,46.638447,23.319223,409.756873,1.587809,1.581406
2026-06-12T18:53:26.363587,46.649001,23.324500,409.849598,1.557500,1.579426
2026-06-12T18:53:26.376206,46.659178,23.329589,409.939012,1.574912,1.578551
2026-06-12T18:53:26.386132,46.669825,23.334913,410.032555,1.584585,1.578412
2026-06-12T18:53:26.394388,46.680041,23.340021,410.122315,1.499461,1.566160
2026-06-12T18:53:26.404295,46.690282,23.345141,410.212285,1.422399,1.544695
2026-06-12T18:53:26.415433,46.700331,23.350166,410.300579,1.526224,1.536127
2026-06-12T18:53:26.427735,46.710637,23.355318,410.391118,1.562659,1.532534
2026-06-12T18:53:26.436055,46.720909,23.360454,410.481368,1.559435,1.532810
2026-06-12T18:53:26.445541,46.731528,23.365764,410.574664,1.531705,1.526638
2026-06-12T18:53:26.455733,46.741723,23.370861,410.664237,1.554598,1.522354
2026-06-12T18:53:26.470578,46.752584,23.376292,410.759658,1.569753,1.532396
2026-06-12T18:53:26.478239,46.762688,23.381344,410.848432,1.581360,1.555105
2026-06-12T18:53:26.487934,46.773242,23.386621,410.941162,1.571687,1.561600
2026-06-12T18:53:26.497462,46.783445,23.391723,411.030801,1.554598,1.560448
2026-06-12T18:53:26.511740,46.793782,23.396891,411.121615,1.579103,1.563258
2026-06-12T18:53:26.520107,46.804435,23.402218,411.215215,1.581038,1.570305
2026-06-12T18:53:26.528656,46.814632,23.407316,411.304802,1.503975,1.563074
2026-06-12T18:53:26.538780,46.824760,23.412380,411.393784,1.497204,1.552709
2026-06-12T18:53:26.550861,46.834825,23.417412,411.482211,1.561369,1.549854
2026-06-12T18:53:26.561086,46.845163,23.422581,411.573039,1.566206,1.549071
2026-06-12T18:53:26.569627,46.856007,23.428004,411.668319,1.581038,1.552848
2026-06-12T18:53:26.580414,46.866398,23.433199,411.759611,1.585874,1.553815
2026-06-12T18:53:26.590680,46.876665,23.438332,411.849813,1.492690,1.541194
2026-06-12T18:53:26.604370,46.887104,23.443552,411.941527,1.250862,1.505035
2026-06-12T18:53:26.611617,46.897302,23.448651,412.031123,1.308578,1.478088
2026-06-12T18:53:26.621434,46.907423,23.453712,412.120049,1.375645,1.451556
2026-06-12T18:53:26.631595,46.917854,23.458927,412.211689,1.492368,1.441008
2026-06-12T18:53:26.645532,46.928353,23.464177,412.303939,1.558467,1.437784
2026-06-12T18:53:26.653171,46.938490,23.469245,412.393000,1.574912,1.436217
2026-06-12T18:53:26.664483,46.948995,23.474498,412.485294,1.556855,1.445384
2026-06-12T18:53:26.673317,46.959299,23.479650,412.575825,1.565883,1.490387
2026-06-12T18:53:26.686941,46.970074,23.485037,412.670491,1.583940,1.529724
2026-06-12T18:53:26.694516,46.980120,23.490060,412.758750,1.558467,1.555842
2026-06-12T18:53:26.704313,46.990295,23.495148,412.848146,1.555565,1.564870
2026-06-12T18:53:26.714354,47.000340,23.500170,412.936397,1.575556,1.567311
2026-06-12T18:53:26.727995,47.010749,23.505375,413.027852,1.563949,1.565745
2026-06-12T18:53:26.736424,47.021338,23.510669,413.120881,1.550406,1.564824
2026-06-12T18:53:26.745436,47.031556,23.515778,413.210658,1.578781,1.566666
2026-06-12T18:53:26.755615,47.041589,23.520795,413.298808,1.585230,1.566851
2026-06-12T18:53:26.766156,47.052133,23.526067,413.391445,1.582328,1.570259
2026-06-12T18:53:26.777785,47.062338,23.531169,413.481103,1.548472,1.569246
2026-06-12T18:53:26.786784,47.072757,23.536378,413.572641,1.507200,1.559481
2026-06-12T18:53:26.797024,47.083005,23.541503,413.662682,1.562337,1.559250
2026-06-12T18:53:26.807298,47.093279,23.546640,413.752947,1.583617,1.563995
2026-06-12T18:53:26.821716,47.103736,23.551868,413.844816,1.587809,1.565285
2026-06-12T18:53:26.828237,47.114251,23.557125,413.937198,1.567496,1.562751
2026-06-12T18:53:26.838774,47.124764,23.562382,414.029570,1.430460,1.541056
2026-06-12T18:53:26.852742,47.135305,23.567652,414.122174,1.513004,1.535989
2026-06-12T18:53:26.861525,47.145797,23.572898,414.214356,1.568140,1.544695
2026-06-12T18:53:26.870261,47.156343,23.578172,414.307014,1.532672,1.540457
2026-06-12T18:53:26.880562,47.166543,23.583271,414.396628,1.555565,1.536449
2026-06-12T18:53:26.890845,47.176844,23.588422,414.487133,1.582328,1.535666
2026-06-12T18:53:26.902753,47.187417,23.593709,414.580024,1.527513,1.529955
2026-06-12T18:53:26.911657,47.197634,23.598817,414.669788,1.519452,1.542668
2026-06-12T18:53:26.921999,47.207980,23.603990,414.760688,1.572977,1.551235
2026-06-12T18:53:26.932173,47.218155,23.609078,414.850085,1.584262,1.553539
2026-06-12T18:53:26.944619,47.228264,23.614132,414.938900,1.591356,1.561922
2026-06-12T18:53:26.953743,47.238762,23.619381,415.031135,1.591678,1.567081
2026-06-12T18:53:26.963395,47.249372,23.624686,415.124352,1.577814,1.566436
2026-06-12T18:53:26.973692,47.259677,23.629839,415.214891,1.477858,1.559342
2026-06-12T18:53:26.986299,47.270179,23.635089,415.307152,1.416917,1.544695
2026-06-12T18:53:26.994761,47.280294,23.640147,415.396024,1.531383,1.538753
2026-06-12T18:53:27.006825,47.290465,23.645233,415.485386,1.563626,1.535805
2026-06-12T18:53:27.015688,47.300649,23.650325,415.574861,1.578136,1.533916
2026-06-12T18:53:27.028092,47.310881,23.655440,415.664753,1.588131,1.533409
2026-06-12T18:53:27.036041,47.321241,23.660620,415.755774,1.577491,1.533363
2026-06-12T18:53:27.045607,47.331593,23.665797,415.846731,1.552019,1.543958
2026-06-12T18:53:27.055880,47.341852,23.670926,415.936863,1.574267,1.566436
2026-06-12T18:53:27.069420,47.352165,23.676082,416.027465,1.586197,1.574267
2026-06-12T18:53:27.078153,47.362640,23.681320,416.119505,1.557822,1.573438
2026-06-12T18:53:27.087115,47.373088,23.686544,416.211294,1.576201,1.573161
2026-06-12T18:53:27.097442,47.383415,23.691707,416.302025,1.584585,1.572655
2026-06-12T18:53:27.107667,47.393655,23.696827,416.391992,1.570075,1.571595
2026-06-12T18:53:27.119386,47.404040,23.702020,416.483232,1.571042,1.574313
2026-06-12T18:53:27.128391,47.414378,23.707189,416.574065,1.584907,1.575833
2026-06-12T18:53:27.138793,47.424785,23.712393,416.665500,1.569108,1.573392
2026-06-12T18:53:27.152842,47.434948,23.717474,416.754782,1.543313,1.571319
2026-06-12T18:53:27.161096,47.445431,23.722715,416.846885,1.557822,1.568693
2026-06-12T18:53:27.170097,47.456081,23.728041,416.940458,1.522999,1.559895
2026-06-12T18:53:27.180457,47.466450,23.733225,417.031560,1.516550,1.552249
2026-06-12T18:53:27.190875,47.476860,23.738430,417.123022,1.561369,1.550867
2026-06-12T18:53:27.203061,47.487290,23.743645,417.214651,1.563304,1.547781
2026-06-12T18:53:27.211424,47.497404,23.748702,417.303516,1.565883,1.547320
2026-06-12T18:53:27.221869,47.507846,23.753923,417.395251,1.583940,1.553124
2026-06-12T18:53:27.232049,47.518227,23.759113,417.486457,1.582328,1.556625
2026-06-12T18:53:27.244891,47.528393,23.764197,417.575777,1.577491,1.564409
2026-06-12T18:53:27.255421,47.538884,23.769442,417.667946,1.582328,1.573806
2026-06-12T18:53:27.263836,47.549309,23.774655,417.759545,1.586519,1.577399
2026-06-12T18:53:27.273736,47.559710,23.779855,417.850920,1.541056,1.574221
2026-06-12T18:53:27.286465,47.569855,23.784927,417.940052,1.549439,1.571871
2026-06-12T18:53:27.295185,47.580728,23.790364,418.035585,1.577491,1.570950
2026-06-12T18:53:27.304904,47.590883,23.795442,418.124806,1.580393,1.570674
2026-06-12T18:53:27.314945,47.600926,23.800463,418.213042,1.573944,1.570167
2026-06-12T18:53:27.327735,47.611005,23.805502,418.301588,1.580715,1.569937
2026-06-12T18:53:27.336087,47.621604,23.810802,418.394714,1.555888,1.565561
2026-06-12T18:53:27.346144,47.632127,23.816064,418.487166,1.359523,1.539628
2026-06-12T18:53:27.356185,47.642173,23.821086,418.575424,1.287298,1.502179
2026-06-12T18:53:27.369382,47.652208,23.826104,418.663588,1.460769,1.485504
2026-06-12T18:53:27.377766,47.662312,23.831156,418.752365,1.540733,1.479839
2026-06-12T18:53:27.386386,47.672760,23.836380,418.844155,1.563949,1.478411
2026-06-12T18:53:27.397158,47.683133,23.841567,418.935298,1.575879,1.477720
2026-06-12T18:53:27.407482,47.693466,23.846733,419.026076,1.548794,1.476706
2026-06-12T18:53:27.421749,47.703893,23.851946,419.117687,1.552019,1.504206
2026-06-12T18:53:27.429267,47.714237,23.857119,419.208570,1.573622,1.545109
2026-06-12T18:53:27.440842,47.724299,23.862150,419.296971,1.579426,1.562060
2026-06-12T18:53:27.448462,47.734535,23.867267,419.386899,1.580715,1.567772
2026-06-12T18:53:27.462269,47.744850,23.872425,419.477528,1.582005,1.570351
2026-06-12T18:53:27.469517,47.755126,23.877563,419.567812,1.581683,1.571181
2026-06-12T18:53:27.480430,47.765398,23.882699,419.658058,1.521709,1.567311
2026-06-12T18:53:27.489685,47.775658,23.887829,419.748201,1.550729,1.567127
2026-06-12T18:53:27.503292,47.785900,23.892950,419.838189,1.576201,1.567496
2026-06-12T18:53:27.511098,47.796267,23.898133,419.929265,1.578136,1.567311
2026-06-12T18:53:27.520536,47.806524,23.903262,420.019388,1.579426,1.567127
2026-06-12T18:53:27.530866,47.816841,23.908421,420.110029,1.582005,1.567127
2026-06-12T18:53:27.541218,47.827202,23.913601,420.201059,1.584907,1.567588
2026-06-12T18:53:27.553305,47.837837,23.918919,420.294496,1.580071,1.575925
2026-06-12T18:53:27.562681,47.848228,23.924114,420.385791,1.584585,1.580762
2026-06-12T18:53:27.572345,47.858312,23.929156,420.474384,1.586842,1.582282
2026-06-12T18:53:27.586018,47.868665,23.934333,420.565348,1.482695,1.568647
2026-06-12T18:53:27.594908,47.879120,23.939560,420.657200,1.485274,1.555197
2026-06-12T18:53:27.604439,47.889734,23.944867,420.750456,1.560724,1.552157
2026-06-12T18:53:27.613878,47.899859,23.949929,420.839405,1.547504,1.546813
2026-06-12T18:53:27.624381,47.910354,23.955177,420.931615,1.553631,1.543036
2026-06-12T18:53:27.636044,47.920629,23.960314,421.021887,1.562014,1.539812
2026-06-12T18:53:27.644866,47.930868,23.965434,421.111849,1.561369,1.536173
2026-06-12T18:53:27.655245,47.941219,23.970609,421.202787,1.558790,1.547044
2026-06-12T18:53:27.665277,47.951265,23.975633,421.291056,1.576201,1.560033
2026-06-12T18:53:27.678242,47.961345,23.980672,421.379612,1.583617,1.563304
2026-06-12T18:53:27.686578,47.971640,23.985820,421.470067,1.576201,1.567403
2026-06-12T18:53:27.696048,47.982039,23.991020,421.561428,1.566206,1.569200
2026-06-12T18:53:27.707731,47.992600,23.996300,421.654216,1.583940,1.572332
2026-06-12T18:53:27.719408,48.002776,24.001388,421.743623,1.557822,1.571825
2026-06-12T18:53:27.727702,48.012828,24.006414,421.831933,1.564594,1.572655
2026-06-12T18:53:27.737197,48.024028,24.012014,421.930334,1.579748,1.573161
2026-06-12T18:53:27.748435,48.034513,24.017256,422.022450,1.585874,1.573484
2026-06-12T18:53:27.761794,48.044949,24.022475,422.114144,1.551696,1.569983
2026-06-12T18:53:27.770544,48.055468,24.027734,422.206565,1.517195,1.562981
2026-06-12T18:53:27.779863,48.065835,24.032918,422.297647,1.528481,1.555059
2026-06-12T18:53:27.790202,48.076182,24.038091,422.388552,1.494625,1.546030
2026-06-12T18:53:27.803791,48.086256,24.043128,422.477060,1.522999,1.540088
2026-06-12T18:53:27.811596,48.096430,24.048215,422.566446,1.555565,1.536634
2026-06-12T18:53:27.821577,48.106974,24.053487,422.659087,1.536542,1.529586
2026-06-12T18:53:27.831297,48.117279,24.058640,422.749623,1.573299,1.532672
2026-06-12T18:53:27.844783,48.127868,24.063934,422.842659,1.586197,1.542530
2026-06-12T18:53:27.853588,48.138916,24.069458,422.939716,1.568785,1.548287
2026-06-12T18:53:27.863255,48.149256,24.074628,423.030569,1.577169,1.560079
2026-06-12T18:53:27.873692,48.159670,24.079835,423.122059,1.584585,1.568877
2026-06-12T18:53:27.886534,48.170029,24.085015,423.213077,1.554276,1.568693
2026-06-12T18:53:27.894400,48.180380,24.090190,423.304013,1.512359,1.565238
2026-06-12T18:53:27.904645,48.190633,24.095316,423.394094,1.563626,1.563857
2026-06-12T18:53:27.914686,48.200672,24.100336,423.482293,1.565561,1.560909
2026-06-12T18:53:27.928353,48.211099,24.105550,423.573907,1.561047,1.559803
2026-06-12T18:53:27.936795,48.221300,24.110650,423.663532,1.575879,1.559619
2026-06-12T18:53:27.945836,48.231820,24.115910,423.755957,1.585230,1.559711
2026-06-12T18:53:27.956151,48.242129,24.121065,423.846534,1.578136,1.563120
2026-06-12T18:53:27.969197,48.252176,24.126088,423.934800,1.584907,1.573484
2026-06-12T18:53:27.978299,48.262354,24.131177,424.024226,1.587809,1.576938
2026-06-12T18:53:27.986612,48.273045,24.136523,424.118158,1.556855,1.575695
2026-06-12T18:53:27.997238,48.283211,24.141606,424.207471,1.512681,1.568785
2026-06-12T18:53:28.007297,48.293282,24.146641,424.295955,1.564916,1.567219
2026-06-12T18:53:28.019866,48.303811,24.151906,424.388460,1.569430,1.564962
2026-06-12T18:53:28.028382,48.314366,24.157183,424.481189,1.571042,1.563949
2026-06-12T18:53:28.038609,48.324594,24.162297,424.571052,1.544280,1.558145
2026-06-12T18:53:28.049075,48.335073,24.167536,424.663115,1.553308,1.553216
2026-06-12T18:53:28.062056,48.345332,24.172666,424.753256,1.561692,1.553907
2026-06-12T18:53:28.069975,48.355559,24.177780,424.843108,1.578781,1.563350
2026-06-12T18:53:28.079742,48.365733,24.182866,424.932493,1.586519,1.566436
2026-06-12T18:53:28.090191,48.376174,24.188087,425.024223,1.586197,1.568831
2026-06-12T18:53:28.103186,48.386712,24.193356,425.116807,1.582650,1.570490
2026-06-12T18:53:28.113962,48.397544,24.198772,425.211975,1.583617,1.576109
2026-06-12T18:53:28.121694,48.407673,24.203836,425.300969,1.541701,1.574451
2026-06-12T18:53:28.131987,48.417976,24.208988,425.391494,1.404342,1.551972
2026-06-12T18:53:28.144700,48.428576,24.214288,425.484619,1.462703,1.535390
2026-06-12T18:53:28.153801,48.438884,24.219442,425.575186,1.551696,1.530415
2026-06-12T18:53:28.163296,48.449278,24.224639,425.666501,1.571687,1.528342
2026-06-12T18:53:28.173363,48.459342,24.229671,425.754928,1.582973,1.528388
2026-06-12T18:53:28.186793,48.469443,24.234722,425.843674,1.587809,1.528987
2026-06-12T18:53:28.194317,48.479544,24.239772,425.932414,1.544280,1.529356
2026-06-12T18:53:28.204430,48.489902,24.244951,426.023423,1.526546,1.546813
2026-06-12T18:53:28.214193,48.500177,24.250088,426.113693,1.569108,1.562014
2026-06-12T18:53:28.224497,48.510481,24.255240,426.204222,1.583617,1.566574
2026-06-12T18:53:28.236019,48.521088,24.260544,426.297418,1.556533,1.564409
2026-06-12T18:53:28.245504,48.531482,24.265741,426.388731,1.545247,1.559020
2026-06-12T18:53:28.255678,48.541673,24.270836,426.478266,1.572655,1.556855
2026-06-12T18:53:28.265848,48.551827,24.275914,426.567484,1.583617,1.562475
2026-06-12T18:53:28.277717,48.561913,24.280956,426.656095,1.583617,1.570628
2026-06-12T18:53:28.289846,48.572688,24.286344,426.750764,1.589421,1.573530
2026-06-12T18:53:28.297126,48.583109,24.291555,426.842322,1.572655,1.571964
2026-06-12T18:53:28.311357,48.593247,24.296623,426.931388,1.583940,1.575879
2026-06-12T18:53:28.320151,48.603773,24.301887,427.023870,1.588454,1.582051
2026-06-12T18:53:28.328314,48.614305,24.307153,427.116403,1.555888,1.579656
2026-06-12T18:53:28.338824,48.624818,24.312409,427.208765,1.569753,1.577675
2026-06-12T18:53:28.349020,48.635005,24.317503,427.298271,1.582005,1.577445
2026-06-12T18:53:28.361529,48.645298,24.322649,427.388704,1.580393,1.576155
2026-06-12T18:53:28.371402,48.655939,24.327969,427.482187,1.554920,1.573622
2026-06-12T18:53:28.380464,48.666437,24.333219,427.574426,1.575879,1.572470
2026-06-12T18:53:28.390634,48.676607,24.338303,427.663772,1.583940,1.571825
2026-06-12T18:53:28.404273,48.686993,24.343497,427.755027,1.506555,1.564778
2026-06-12T18:53:28.412587,48.697430,24.348715,427.846718,1.531060,1.559250
2026-06-12T18:53:28.421549,48.707536,24.353768,427.935513,1.572655,1.557915
2026-06-12T18:53:28.431829,48.717811,24.358906,428.025789,1.572655,1.556809
2026-06-12T18:53:28.444874,48.728522,24.364261,428.119886,1.580393,1.560448
2026-06-12T18:53:28.452668,48.738790,24.369395,428.210103,1.585874,1.561876
2026-06-12T18:53:28.463562,48.749069,24.374535,428.300416,1.576201,1.560770
2026-06-12T18:53:28.473311,48.759286,24.379643,428.390180,1.558790,1.568233
2026-06-12T18:53:28.487060,48.769730,24.384865,428.481934,1.580715,1.575326
2026-06-12T18:53:28.497323,48.780299,24.390150,428.574795,1.579103,1.576247
2026-06-12T18:53:28.504445,48.790415,24.395208,428.663671,1.579426,1.577215
2026-06-12T18:53:28.514697,48.800680,24.400340,428.753854,1.587164,1.578182
2026-06-12T18:53:28.528349,48.811158,24.405579,428.845918,1.585552,1.578136
2026-06-12T18:53:28.536197,48.821552,24.410776,428.937239,1.573299,1.577721
2026-06-12T18:53:28.545755,48.831739,24.415870,429.026737,1.582650,1.581130
2026-06-12T18:53:28.555798,48.841788,24.420894,429.115023,1.581360,1.581222
2026-06-12T18:53:28.565845,48.851838,24.425919,429.203326,1.496237,1.569384
2026-06-12T18:53:28.578233,48.862628,24.431314,429.298122,1.500106,1.558053
2026-06-12T18:53:28.587134,48.873277,24.436639,429.391684,1.564594,1.554828
2026-06-12T18:53:28.597371,48.883344,24.441672,429.480129,1.575879,1.553446
2026-06-12T18:53:28.611139,48.893770,24.446885,429.571732,1.582973,1.554828
2026-06-12T18:53:28.620316,48.904506,24.452253,429.666058,1.586519,1.555381
2026-06-12T18:53:28.629123,48.915091,24.457546,429.759053,1.541701,1.549715
2026-06-12T18:53:28.639323,48.925313,24.462656,429.848856,1.418529,1.538614
2026-06-12T18:53:28.649462,48.935521,24.467761,429.938550,1.485596,1.536542
2026-06-12T18:53:28.662898,48.945819,24.472910,430.029026,1.557822,1.535574
2026-06-12T18:53:28.669892,48.955894,24.477947,430.117537,1.569430,1.534653
2026-06-12T18:53:28.680568,48.966815,24.483408,430.213491,1.576201,1.533686
2026-06-12T18:53:28.694620,48.977335,24.488668,430.305919,1.581360,1.532949
2026-06-12T18:53:28.703373,48.987851,24.493926,430.398311,1.427880,1.516689
2026-06-12T18:53:28.712405,48.998388,24.499194,430.490886,1.456255,1.522078
2026-06-12T18:53:28.722761,49.008742,24.504371,430.581853,1.550729,1.531383
2026-06-12T18:53:28.732839,49.018818,24.509409,430.670379,1.486241,1.521157
2026-06-12T18:53:28.744744,49.028968,24.514484,430.759557,1.537186,1.516550
2026-06-12T18:53:28.754572,49.039365,24.519682,430.850899,1.569108,1.515537
2026-06-12T18:53:28.764266,49.049721,24.524861,430.941887,1.546215,1.510516
2026-06-12T18:53:28.773961,49.059938,24.529969,431.031652,1.562337,1.529724
2026-06-12T18:53:28.786463,49.069989,24.534994,431.119953,1.581360,1.547597
2026-06-12T18:53:28.794859,49.080925,24.540462,431.216036,1.584262,1.552387
2026-06-12T18:53:28.805283,49.091267,24.545633,431.306901,1.572655,1.564732
2026-06-12T18:53:28.815326,49.101315,24.550657,431.395178,1.581038,1.570996
2026-06-12T18:53:28.827703,49.111478,24.555739,431.484470,1.587164,1.573576
2026-06-12T18:53:28.836230,49.121882,24.560941,431.575878,1.584262,1.579011
2026-06-12T18:53:28.848706,49.132118,24.566059,431.665812,1.584585,1.582189
2026-06-12T18:53:28.856387,49.142365,24.571182,431.755839,1.585874,1.582834
2026-06-12T18:53:28.869398,49.152535,24.576268,431.845192,1.584585,1.582880
2026-06-12T18:53:28.878682,49.163060,24.581530,431.937665,1.551051,1.579794
2026-06-12T18:53:28.887654,49.173718,24.586859,432.031305,1.575234,1.578965
2026-06-12T18:53:28.897964,49.183945,24.591973,432.121158,1.584262,1.578551
2026-06-12T18:53:28.911516,49.194348,24.597174,432.212553,1.551051,1.573806
2026-06-12T18:53:28.919410,49.204779,24.602389,432.304197,1.571042,1.571871
2026-06-12T18:53:28.929262,49.215239,24.607620,432.396098,1.584585,1.571687
2026-06-12T18:53:28.939690,49.225673,24.612837,432.487770,1.585874,1.571871
2026-06-12T18:53:28.953470,49.235864,24.617932,432.577308,1.574912,1.575280
2026-06-12T18:53:28.961930,49.246195,24.623098,432.668074,1.575234,1.575280
2026-06-12T18:53:28.970397,49.256375,24.628187,432.757511,1.581683,1.574912
2026-06-12T18:53:28.980719,49.266696,24.633348,432.848185,1.587487,1.580117
2026-06-12T18:53:28.994918,49.276802,24.638401,432.936975,1.587487,1.582466
2026-06-12T18:53:29.004248,49.286923,24.643461,433.025896,1.582328,1.582143
2026-06-12T18:53:29.014699,49.297474,24.648737,433.118597,1.515261,1.572056
2026-06-12T18:53:29.021770,49.307736,24.653868,433.208756,1.554276,1.569108
2026-06-12T18:53:29.032244,49.318218,24.659109,433.300850,1.576201,1.569246
2026-06-12T18:53:29.044325,49.328562,24.664281,433.391728,1.558467,1.565929
2026-06-12T18:53:29.053892,49.339324,24.669662,433.486287,1.546860,1.560126
2026-06-12T18:53:29.063506,49.349495,24.674748,433.575646,1.572010,1.557915
2026-06-12T18:53:29.074563,49.359893,24.679946,433.666998,1.579748,1.557546
2026-06-12T18:53:29.086015,49.370559,24.685280,433.760712,1.578781,1.566620
2026-06-12T18:53:29.095013,49.380993,24.690497,433.852384,1.582650,1.570674
2026-06-12T18:53:29.105397,49.391385,24.695693,433.943684,1.572655,1.570167
2026-06-12T18:53:29.115443,49.401437,24.700719,434.032000,1.399828,1.547504
2026-06-12T18:53:29.128012,49.411630,24.705815,434.121551,1.424011,1.529955
2026-06-12T18:53:29.137250,49.422380,24.711190,434.215997,1.442390,1.511437
2026-06-12T18:53:29.147083,49.433064,24.716532,434.309868,1.507522,1.501119
2026-06-12T18:53:29.157610,49.443632,24.721816,434.402714,1.516228,1.492183
2026-06-12T18:53:29.169522,49.453881,24.726941,434.492765,1.566851,1.489926
2026-06-12T18:53:29.178275,49.464249,24.732125,434.583855,1.543635,1.485781
2026-06-12T18:53:29.188761,49.474771,24.737385,434.676294,1.553953,1.507799
2026-06-12T18:53:29.198983,49.484957,24.742478,434.765790,1.579748,1.530047
2026-06-12T18:53:29.211377,49.495200,24.747600,434.855787,1.580071,1.549715
2026-06-12T18:53:29.220691,49.505364,24.752682,434.945078,1.586197,1.560955
2026-06-12T18:53:29.229562,49.515558,24.757779,435.034644,1.587487,1.571134
2026-06-12T18:53:29.239861,49.525843,24.762922,435.125007,1.585552,1.573806
2026-06-12T18:53:29.253165,49.536188,24.768094,435.215892,1.574912,1.578274
2026-06-12T18:53:29.261115,49.546516,24.773258,435.306636,1.588454,1.583203
2026-06-12T18:53:29.271461,49.556933,24.778467,435.398160,1.586519,1.584170
2026-06-12T18:53:29.281127,49.567110,24.783555,435.487573,1.574267,1.583341
2026-06-12T18:53:29.294794,49.577326,24.788663,435.577331,1.582328,1.582788
2026-06-12T18:53:29.303577,49.587687,24.793844,435.668359,1.587809,1.582834
2026-06-12T18:53:29.313073,49.598252,24.799126,435.761180,1.543313,1.576800
2026-06-12T18:53:29.322562,49.608538,24.804269,435.851549,1.539121,1.571687
2026-06-12T18:53:29.332648,49.618625,24.809312,435.940171,1.573622,1.569568
2026-06-12T18:53:29.344387,49.629427,24.814714,436.035080,1.571687,1.567449
2026-06-12T18:53:29.356272,49.639843,24.819921,436.126586,1.575234,1.567588
2026-06-12T18:53:29.364120,49.650100,24.825050,436.216708,1.583617,1.567772
2026-06-12T18:53:29.374416,49.660391,24.830196,436.307125,1.584585,1.567311
2026-06-12T18:53:29.385999,49.670983,24.835492,436.400181,1.562337,1.570029
2026-06-12T18:53:29.395570,49.681542,24.840771,436.492952,1.578458,1.575649
2026-06-12T18:53:29.405732,49.691745,24.845872,436.582591,1.585230,1.577307
2026-06-12T18:53:29.415802,49.701779,24.850889,436.670746,1.580393,1.578551
2026-06-12T18:53:29.427693,49.711963,24.855981,436.760222,1.582650,1.579610
2026-06-12T18:53:29.436032,49.722622,24.861311,436.853871,1.583295,1.579564
2026-06-12T18:53:29.447102,49.733082,24.866541,436.945767,1.544925,1.573898
2026-06-12T18:53:29.457302,49.743372,24.871686,437.036177,1.555565,1.572931
2026-06-12T18:53:29.469401,49.754005,24.877002,437.129595,1.577169,1.572747
2026-06-12T18:53:29.478088,49.764080,24.882040,437.218112,1.571687,1.570812
2026-06-12T18:53:29.488480,49.774576,24.887288,437.310330,1.560724,1.568002
2026-06-12T18:53:29.498870,49.784852,24.892426,437.400613,1.576201,1.567081
2026-06-12T18:53:29.511033,49.795094,24.897547,437.490599,1.570720,1.565285
2026-06-12T18:53:29.519353,49.805856,24.902928,437.585147,1.467540,1.554230
2026-06-12T18:53:29.530343,49.816317,24.908158,437.677055,1.526868,1.550130
2026-06-12T18:53:29.540496,49.826479,24.913240,437.766340,1.568463,1.548886
2026-06-12T18:53:29.552945,49.836612,24.918306,437.855363,1.559435,1.547136
2026-06-12T18:53:29.561184,49.846926,24.923463,437.945982,1.573299,1.548932
2026-06-12T18:53:29.571350,49.857322,24.928661,438.037325,1.580071,1.549485
2026-06-12T18:53:29.581860,49.867842,24.933921,438.129745,1.584262,1.551420
2026-06-12T18:53:29.595116,49.878426,24.939213,438.222740,1.582005,1.567772
2026-06-12T18:53:29.602681,49.888718,24.944359,438.313158,1.584262,1.575971
2026-06-12T18:53:29.614398,49.898920,24.949460,438.402797,1.585230,1.578366
2026-06-12T18:53:29.623419,49.909391,24.954695,438.494787,1.581038,1.581452
2026-06-12T18:53:29.636015,49.919515,24.959757,438.583735,1.582005,1.582696
2026-06-12T18:53:29.644360,49.930030,24.965015,438.676118,1.587164,1.583710
2026-06-12T18:53:29.654503,49.940496,24.970248,438.768070,1.537186,1.576984
2026-06-12T18:53:29.664552,49.950536,24.975268,438.856278,1.515906,1.567542
2026-06-12T18:53:29.677727,49.960579,24.980289,438.944517,1.557822,1.563764
2026-06-12T18:53:29.686530,49.971264,24.985632,439.038392,1.496882,1.551143
2026-06-12T18:53:29.695445,49.981425,24.990713,439.127668,1.507845,1.540687
2026-06-12T18:53:29.706106,49.991747,24.995873,439.218351,1.561047,1.537693
2026-06-12T18:53:29.716311,50.002283,25.001142,439.310926,1.575556,1.536035
2026-06-12T18:53:29.728117,50.012887,25.006443,439.404086,1.580393,1.542207
2026-06-12T18:53:29.737278,50.023256,25.011628,439.495185,1.578458,1.551143
2026-06-12T18:53:29.747512,50.033490,25.016745,439.585103,1.578136,1.554045
2026-06-12T18:53:29.757674,50.043704,25.021852,439.674844,1.455287,1.548103
2026-06-12T18:53:29.769951,50.054211,25.027106,439.767154,1.509134,1.548287
2026-06-12T18:53:29.778266,50.064254,25.032127,439.855388,1.561369,1.548334
2026-06-12T18:53:29.788693,50.074682,25.037341,439.947002,1.577491,1.548610
2026-06-12T18:53:29.799000,50.084972,25.042486,440.037412,1.574267,1.547735
2026-06-12T18:53:29.811959,50.095010,25.047505,440.125604,1.582328,1.548287
2026-06-12T18:53:29.819480,50.105841,25.052920,440.220760,1.582973,1.548978
2026-06-12T18:53:29.830208,50.116189,25.058095,440.311684,1.562337,1.564271
2026-06-12T18:53:29.840515,50.126498,25.063249,440.402254,1.577491,1.574036
2026-06-12T18:53:29.854282,50.136939,25.068470,440.493989,1.572655,1.575649
2026-06-12T18:53:29.861033,50.147066,25.073533,440.582960,1.518163,1.567173
2026-06-12T18:53:29.871400,50.157385,25.078693,440.673624,1.493980,1.555704
2026-06-12T18:53:29.881681,50.167651,25.083826,440.763815,1.536219,1.549117
2026-06-12T18:53:29.894764,50.177984,25.088992,440.854602,1.556855,1.545386
2026-06-12T18:53:29.904222,50.188396,25.094198,440.946081,1.575234,1.547228
2026-06-12T18:53:29.912679,50.198661,25.099331,441.036266,1.580715,1.547689
2026-06-12T18:53:29.922837,50.208825,25.104412,441.125561,1.542668,1.543405
2026-06-12T18:53:29.932914,50.218889,25.109444,441.213980,1.541378,1.546721
2026-06-12T18:53:29.946549,50.229416,25.114708,441.306468,1.575234,1.558329
2026-06-12T18:53:29.955382,50.239829,25.119915,441.397962,1.536542,1.558375
2026-06-12T18:53:29.964077,50.250058,25.125029,441.487826,1.342112,1.527698
2026-06-12T18:53:29.974336,50.260316,25.130158,441.577956,1.349528,1.495454
2026-06-12T18:53:29.986030,50.270670,25.135335,441.668920,1.449483,1.476706
2026-06-12T18:53:29.995180,50.281127,25.140564,441.760796,1.525256,1.474219
2026-06-12T18:53:30.005376,50.291351,25.145675,441.850617,1.562337,1.477213
2026-06-12T18:53:30.015430,50.301411,25.150706,441.939007,1.577491,1.477536
2026-06-12T18:53:30.028136,50.311779,25.155890,442.030098,1.570720,1.482418
2026-06-12T18:53:30.037444,50.322762,25.161381,442.126593,1.566206,1.514432
2026-06-12T18:53:30.047302,50.333277,25.166638,442.218972,1.578781,1.547182
2026-06-12T18:53:30.061030,50.343797,25.171898,442.311397,1.535574,1.559481
2026-06-12T18:53:30.069820,50.354220,25.177110,442.402981,1.501718,1.556118
2026-06-12T18:53:30.078727,50.364595,25.182297,442.494125,1.523966,1.550637
2026-06-12T18:53:30.091007,50.374646,25.187323,442.582437,1.558145,1.547873
2026-06-12T18:53:30.098995,50.384990,25.192495,442.673316,1.572332,1.548103
2026-06-12T18:53:30.112341,50.395387,25.197693,442.764660,1.579748,1.550038
2026-06-12T18:53:30.120028,50.405680,25.202840,442.855095,1.582328,1.550545
2026-06-12T18:53:30.130194,50.416169,25.208084,442.947246,1.582650,1.557270
2026-06-12T18:53:30.140712,50.426692,25.213346,443.039698,1.588131,1.569614
2026-06-12T18:53:30.152747,50.436973,25.218487,443.130030,1.587487,1.578689
2026-06-12T18:53:30.161630,50.447609,25.223805,443.223478,1.573299,1.580854
2026-06-12T18:53:30.171759,50.457745,25.228873,443.312529,1.567173,1.580117
2026-06-12T18:53:30.182108,50.468095,25.234048,443.403461,1.581683,1.580393
2026-06-12T18:53:30.194510,50.478297,25.239149,443.493098,1.542668,1.574727
2026-06-12T18:53:30.204457,50.488617,25.244309,443.583768,1.489788,1.561461
2026-06-12T18:53:30.213255,50.498683,25.249341,443.672198,1.547182,1.555611
2026-06-12T18:53:30.223243,50.509222,25.254611,443.764800,1.576846,1.554091
2026-06-12T18:53:30.236000,50.519414,25.259707,443.854341,1.568785,1.553446
2026-06-12T18:53:30.244524,50.530014,25.265007,443.947471,1.580071,1.555289
2026-06-12T18:53:30.254143,50.540128,25.270064,444.036328,1.583940,1.555611
2026-06-12T18:53:30.264205,50.550173,25.275087,444.124588,1.585230,1.561692
2026-06-12T18:53:30.274492,50.560474,25.280237,444.215085,1.581360,1.574773
2026-06-12T18:53:30.286854,50.571001,25.285501,444.307578,1.587809,1.580577
2026-06-12T18:53:30.295584,50.581562,25.290781,444.400357,1.575879,1.580439
2026-06-12T18:53:30.306112,50.592096,25.296048,444.492912,1.515261,1.572793
2026-06-12T18:53:30.319333,50.602278,25.301139,444.582364,1.556210,1.569384
2026-06-12T18:53:30.327714,50.612353,25.306177,444.670889,1.580071,1.568831
2026-06-12T18:53:30.339837,50.622845,25.311423,444.763067,1.582005,1.568371
2026-06-12T18:53:30.347369,50.633344,25.316672,444.855308,1.587487,1.569246
2026-06-12T18:53:30.357860,50.643839,25.321919,444.947514,1.582328,1.568463
2026-06-12T18:53:30.369372,50.654485,25.327243,445.041051,1.485274,1.555519
2026-06-12T18:53:30.378776,50.664747,25.332374,445.131212,1.538476,1.558836
2026-06-12T18:53:30.389257,50.675313,25.337657,445.224044,1.573622,1.561323
2026-06-12T18:53:30.402652,50.685852,25.342926,445.316636,1.585552,1.562106
2026-06-12T18:53:30.413840,50.696049,25.348024,445.406221,1.582328,1.562152
2026-06-12T18:53:30.420482,50.706461,25.353231,445.497706,1.588776,1.562337
2026-06-12T18:53:30.430837,50.716829,25.358415,445.588796,1.580071,1.562014
2026-06-12T18:53:30.441031,50.727015,25.363507,445.678283,1.531383,1.568601
2026-06-12T18:53:30.453344,50.737738,25.368869,445.772496,1.567496,1.572747
2026-06-12T18:53:30.462161,50.748133,25.374066,445.863822,1.582650,1.574036
2026-06-12T18:53:30.472485,50.758461,25.379231,445.954566,1.582973,1.573668
2026-06-12T18:53:30.487149,50.768692,25.384346,446.044454,1.587487,1.574405
2026-06-12T18:53:30.496716,50.779127,25.389563,446.136130,1.589099,1.574451
2026-06-12T18:53:30.504190,50.789647,25.394823,446.228558,1.569430,1.572931
2026-06-12T18:53:30.514794,50.799760,25.399880,446.317410,1.426913,1.558007
2026-06-12T18:53:30.527733,50.810552,25.405276,446.412223,1.483339,1.545984
2026-06-12T18:53:30.538150,50.821033,25.410516,446.504306,1.550084,1.541332
2026-06-12T18:53:30.545951,50.831416,25.415708,446.595532,1.576524,1.540411
2026-06-12T18:53:30.558589,50.841828,25.420914,446.687008,1.582973,1.539766
2026-06-12T18:53:30.569322,50.852713,25.426356,446.782641,1.526546,1.530830
2026-06-12T18:53:30.578866,50.862997,25.431499,446.872999,1.336630,1.497573
2026-06-12T18:53:30.591324,50.873270,25.436635,446.963256,1.446582,1.500382
2026-06-12T18:53:30.598028,50.883693,25.441846,447.054825,1.532995,1.507476
2026-06-12T18:53:30.610567,50.894030,25.447015,447.145648,1.569430,1.510240
2026-06-12T18:53:30.620038,50.904087,25.452043,447.234004,1.582650,1.511115
2026-06-12T18:53:30.628492,50.914461,25.457231,447.325152,1.584585,1.511345
2026-06-12T18:53:30.638801,50.924780,25.462390,447.415809,1.581360,1.519176
2026-06-12T18:53:30.649323,50.935304,25.467652,447.508274,1.571042,1.552663
2026-06-12T18:53:30.662119,50.945705,25.472852,447.599652,1.581360,1.571918
2026-06-12T18:53:30.670212,50.956189,25.478094,447.691762,1.545892,1.573760
2026-06-12T18:53:30.680280,50.966259,25.483130,447.780242,1.487854,1.562106
2026-06-12T18:53:30.690693,50.976702,25.488351,447.871986,1.546215,1.556901
2026-06-12T18:53:30.702747,50.986967,25.493484,447.962176,1.562981,1.553815
2026-06-12T18:53:30.711663,50.997633,25.498816,448.055883,1.518485,1.544833
2026-06-12T18:53:30.722700,51.008165,25.504083,448.148419,1.554598,1.542484
2026-06-12T18:53:30.732275,51.018255,25.509127,448.237063,1.562659,1.539812
2026-06-12T18:53:30.744375,51.029056,25.514528,448.331961,1.434974,1.523966
2026-06-12T18:53:30.754876,51.039338,25.519669,448.422298,1.516228,1.528020
2026-06-12T18:53:30.765739,51.049702,25.524851,448.513351,1.567496,1.531060
2026-06-12T18:53:30.773996,51.060235,25.530118,448.605898,1.537831,1.527467
2026-06-12T18:53:30.786010,51.070632,25.535316,448.697244,1.542023,1.530830
2026-06-12T18:53:30.797803,51.080953,25.540477,448.787921,1.561047,1.531751
2026-06-12T18:53:30.805739,51.091330,25.545665,448.879091,1.578458,1.534008
2026-06-12T18:53:30.815629,51.101832,25.550916,448.971360,1.583617,1.555243
2026-06-12T18:53:30.828310,51.112111,25.556055,449.061667,1.586842,1.565331
2026-06-12T18:53:30.836589,51.122995,25.561498,449.157294,1.546537,1.562337
2026-06-12T18:53:30.847393,51.133373,25.566686,449.248470,1.545892,1.563488
2026-06-12T18:53:30.861753,51.143789,25.571895,449.339986,1.574589,1.568140
2026-06-12T18:53:30.869361,51.154356,25.577178,449.432826,1.552663,1.566943
2026-06-12T18:53:30.878874,51.164841,25.582421,449.524945,1.423366,1.544787
2026-06-12T18:53:30.888963,51.174933,25.587466,449.613610,1.495592,1.532212
2026-06-12T18:53:30.899164,51.185217,25.592608,449.703960,1.556210,1.527836
2026-06-12T18:53:30.911411,51.195580,25.597790,449.795013,1.431749,1.511437
2026-06-12T18:53:30.919756,51.205748,25.602874,449.884343,1.489788,1.503423
2026-06-12T18:53:30.929991,51.215978,25.607989,449.974229,1.557500,1.500981
2026-06-12T18:53:30.940256,51.226238,25.613119,450.064367,1.573299,1.503929
2026-06-12T18:53:30.953828,51.236605,25.618303,450.155452,1.525579,1.518531
2026-06-12T18:53:30.961673,51.246660,25.623330,450.243795,1.554276,1.526914
2026-06-12T18:53:30.970871,51.256845,25.628422,450.333271,1.572977,1.529310
2026-06-12T18:53:30.981241,51.267222,25.633611,450.424444,1.512681,1.540871
2026-06-12T18:53:30.994380,51.277830,25.638915,450.517643,1.522032,1.545478
2026-06-12T18:53:31.003298,51.288396,25.644198,450.610477,1.561369,1.546030
2026-06-12T18:53:31.013323,51.298735,25.649367,450.701310,1.562981,1.544556
2026-06-12T18:53:31.023229,51.309213,25.654607,450.793372,1.577814,1.552019
2026-06-12T18:53:31.036438,51.319393,25.659696,450.882809,1.583617,1.556210
2026-06-12T18:53:31.044472,51.329698,25.664849,450.973348,1.574267,1.556394
2026-06-12T18:53:31.056606,51.340076,25.670038,451.064529,1.568463,1.564363
2026-06-12T18:53:31.064135,51.350124,25.675062,451.152811,1.580393,1.572701
2026-06-12T18:53:31.074382,51.360355,25.680178,451.242698,1.581360,1.575556
2026-06-12T18:53:31.086038,51.370693,25.685346,451.333521,1.578136,1.577721
2026-06-12T18:53:31.095005,51.380977,25.690489,451.423877,1.580715,1.578136
2026-06-12T18:53:31.105102,51.391086,25.695543,451.512692,1.582005,1.577906
2026-06-12T18:53:31.115143,51.401119,25.700560,451.600842,1.538799,1.572839
2026-06-12T18:53:31.127700,51.411380,25.705690,451.690995,1.531705,1.567588
2026-06-12T18:53:31.137356,51.422632,25.711316,451.789853,1.565561,1.565469
2026-06-12T18:53:31.149343,51.432775,25.716387,451.878960,1.573299,1.564317
2026-06-12T18:53:31.157342,51.443313,25.721657,451.971549,1.556855,1.561277
2026-06-12T18:53:31.170431,51.453898,25.726949,452.064546,1.543313,1.555934
2026-06-12T18:53:31.180845,51.464310,25.732155,452.156024,1.557822,1.552479
2026-06-12T18:53:31.188504,51.474491,25.737245,452.245471,1.564916,1.556210
2026-06-12T18:53:31.198817,51.484834,25.742417,452.336345,1.570720,1.561784
2026-06-12T18:53:31.212056,51.495276,25.747638,452.428086,1.572010,1.562705
2026-06-12T18:53:31.219833,51.505528,25.752764,452.518162,1.501073,1.552387
2026-06-12T18:53:31.230011,51.515993,25.757997,452.610104,1.437231,1.535298
2026-06-12T18:53:31.240315,51.526317,25.763158,452.700805,1.531060,1.533547
2026-06-12T18:53:31.253790,51.536840,25.768420,452.793263,1.553953,1.532995
2026-06-12T18:53:31.261337,51.547320,25.773660,452.885338,1.568140,1.533455
2026-06-12T18:53:31.271639,51.557613,25.778806,452.975764,1.573299,1.533824
2026-06-12T18:53:31.281792,51.567773,25.783887,453.065032,1.541701,1.529494
2026-06-12T18:53:31.294386,51.577947,25.788973,453.154415,1.555565,1.537279
2026-06-12T18:53:31.304220,51.589056,25.794528,453.252022,1.575556,1.557039
2026-06-12T18:53:31.313200,51.599182,25.799591,453.340981,1.551374,1.559941
2026-06-12T18:53:31.323597,51.609577,25.804789,453.432316,1.546215,1.558836
2026-06-12T18:53:31.336564,51.619919,25.809960,453.523178,1.567173,1.558698
2026-06-12T18:53:31.344809,51.630128,25.815064,453.612870,1.578136,1.559389
2026-06-12T18:53:31.356805,51.640272,25.820136,453.701993,1.573622,1.563949
2026-06-12T18:53:31.364477,51.650457,25.825228,453.791477,1.574912,1.566712
2026-06-12T18:53:31.377846,51.660921,25.830461,453.883414,1.579426,1.567265
2026-06-12T18:53:31.386489,51.671502,25.835751,453.976379,1.542023,1.565929
2026-06-12T18:53:31.396145,51.682123,25.841062,454.069690,1.544280,1.565653
2026-06-12T18:53:31.406514,51.692493,25.846246,454.160794,1.570075,1.566068
2026-06-12T18:53:31.420045,51.702843,25.851422,454.251733,1.574589,1.565561
2026-06-12T18:53:31.427777,51.713043,25.856521,454.341344,1.574589,1.565699
2026-06-12T18:53:31.437553,51.723538,25.861769,454.433550,1.581360,1.566620
2026-06-12T18:53:31.447869,51.733850,25.866925,454.524149,1.580715,1.566805
2026-06-12T18:53:31.461470,51.744376,25.872188,454.616635,1.581360,1.572424
2026-06-12T18:53:31.469405,51.754947,25.877474,454.709511,1.580715,1.577629
2026-06-12T18:53:31.479046,51.765026,25.882513,454.798058,1.582973,1.579472
2026-06-12T18:53:31.489108,51.775087,25.887544,454.886456,1.552341,1.576293
2026-06-12T18:53:31.502820,51.785501,25.892750,454.977946,1.570720,1.575741
2026-06-12T18:53:31.511193,51.795935,25.897968,455.069621,1.582328,1.575879
2026-06-12T18:53:31.520631,51.806602,25.903301,455.163338,1.570397,1.574405
2026-06-12T18:53:31.530830,51.816812,25.908406,455.253045,1.577491,1.573852
2026-06-12T18:53:31.544372,51.827097,25.913549,455.343407,1.586842,1.574727
2026-06-12T18:53:31.552829,51.837666,25.918833,455.436259,1.556855,1.570996
2026-06-12T18:53:31.562148,51.848132,25.924066,455.528217,1.536219,1.568693
2026-06-12T18:53:31.575551,51.858479,25.929240,455.619124,1.569753,1.568555
2026-06-12T18:53:31.586422,51.869006,25.934503,455.711609,1.579748,1.568186
2026-06-12T18:53:31.594427,51.879419,25.939709,455.803095,1.556210,1.566160
2026-06-12T18:53:31.604226,51.889523,25.944762,455.891870,1.574912,1.565791
2026-06-12T18:53:31.613935,51.899921,25.949960,455.983220,1.582005,1.565100
2026-06-12T18:53:31.624188,51.910169,25.955085,456.073264,1.561047,1.565699
2026-06-12T18:53:31.635991,51.920392,25.960196,456.163075,1.559757,1.569062
2026-06-12T18:53:31.644768,51.930749,25.965375,456.254075,1.582005,1.570812
2026-06-12T18:53:31.657050,51.940924,25.970462,456.343463,1.544280,1.565745
2026-06-12T18:53:31.667587,51.951171,25.975585,456.433493,1.457544,1.551650
2026-06-12T18:53:31.678132,51.961278,25.980639,456.522294,1.518163,1.543543
2026-06-12T18:53:31.686500,51.971721,25.985860,456.614041,1.568463,1.541608
2026-06-12T18:53:31.695990,51.981965,25.990982,456.704044,1.569753,1.542852
2026-06-12T18:53:31.706099,51.992103,25.996052,456.793119,1.565561,1.543681
2026-06-12T18:53:31.719316,52.002226,26.001113,456.882059,1.581360,1.543589
2026-06-12T18:53:31.727674,52.012578,26.006289,456.973003,1.503330,1.537739
2026-06-12T18:53:31.737249,52.023258,26.011629,457.066838,1.509457,1.545155
2026-06-12T18:53:31.747384,52.033363,26.016682,457.155624,1.599417,1.556763
2026-06-12T18:53:31.761020,52.043784,26.021892,457.247173,1.637142,1.566574
2026-06-12T18:53:31.770434,52.054602,26.027301,457.342220,1.653264,1.578504
2026-06-12T18:53:31.778772,52.064748,26.032374,457.431361,1.664549,1.592646
2026-06-12T18:53:31.789272,52.075246,26.037623,457.523596,1.666484,1.604806
2026-06-12T18:53:31.802705,52.085496,26.042748,457.613651,1.657778,1.626870
2026-06-12T18:53:31.811138,52.095676,26.047838,457.703089,1.661970,1.648658
2026-06-12T18:53:31.820181,52.106156,26.053078,457.795163,1.662937,1.657732
2026-06-12T18:53:31.830358,52.116344,26.058172,457.884679,1.655521,1.660357
2026-06-12T18:53:31.840726,52.126713,26.063357,457.975778,1.646815,1.659436
2026-06-12T18:53:31.852707,52.136921,26.068460,458.065461,1.634562,1.655152
2026-06-12T18:53:31.861772,52.147030,26.073515,458.154273,1.622310,1.648842
2026-06-12T18:53:31.871311,52.157297,26.078648,458.244480,1.601996,1.640873
2026-06-12T18:53:31.881407,52.167378,26.083689,458.333055,1.590389,1.630647
2026-06-12T18:53:31.894320,52.177567,26.088783,458.422568,1.564594,1.616598
2026-06-12T18:53:31.903850,52.188159,26.094079,458.515628,1.523966,1.597805
2026-06-12T18:53:31.912490,52.198460,26.099230,458.606135,1.562014,1.585690
2026-06-12T18:53:31.922778,52.208752,26.104376,458.696555,1.575556,1.577261
2026-06-12T18:53:31.936008,52.218894,26.109447,458.785657,1.574267,1.570397
2026-06-12T18:53:31.944773,52.229128,26.114564,458.875571,1.580715,1.567357
2026-06-12T18:53:31.954417,52.239817,26.119909,458.969488,1.555243,1.562337
2026-06-12T18:53:31.964018,52.249999,26.125000,459.058948,1.320509,1.527467
2026-06-12T18:53:31.977693,52.260464,26.130232,459.150886,1.246670,1.487854
2026-06-12T18:53:31.986051,52.270990,26.135495,459.243367,1.392412,1.463625
2026-06-12T18:53:31.995494,52.281474,26.140737,459.335479,1.484952,1.450681
2026-06-12T18:53:32.005824,52.291810,26.145905,459.426291,1.527191,1.443956
2026-06-12T18:53:32.019703,52.301851,26.150925,459.514502,1.558790,1.440824
2026-06-12T18:53:32.028833,52.311963,26.155981,459.603346,1.532027,1.437507
2026-06-12T18:53:32.036367,52.322146,26.161073,459.692816,1.516228,1.465467
2026-06-12T18:53:32.046273,52.332273,26.166136,459.781786,1.559435,1.510148
2026-06-12T18:53:32.057852,52.342314,26.171157,459.870006,1.574912,1.536219
2026-06-12T18:53:32.069344,52.352390,26.176195,459.958529,1.574912,1.549071
2026-06-12T18:53:32.078217,52.362836,26.181418,460.050310,1.571042,1.555335
2026-06-12T18:53:32.087142,52.373112,26.186556,460.140593,1.575879,1.557776
2026-06-12T18:53:32.097374,52.383357,26.191678,460.230602,1.424656,1.542438
2026-06-12T18:53:32.107700,52.393677,26.196839,460.321274,1.225390,1.500889
2026-06-12T18:53:32.119370,52.404167,26.202083,460.413434,1.214104,1.451556
2026-06-12T18:53:32.128771,52.414754,26.207377,460.506450,1.288910,1.410699
2026-06-12T18:53:32.138829,52.424811,26.212406,460.594814,1.460446,1.394347
2026-06-12T18:53:32.149027,52.435008,26.217504,460.684403,1.525256,1.387806
2026-06-12T18:53:32.161836,52.445298,26.222649,460.774804,1.521709,1.380067
2026-06-12T18:53:32.170053,52.456026,26.228013,460.869056,1.425946,1.380252
2026-06-12T18:53:32.180371,52.466363,26.233181,460.959879,1.524289,1.422951
2026-06-12T18:53:32.194748,52.476649,26.238325,461.050252,1.562981,1.472791
2026-06-12T18:53:32.203322,52.486705,26.243353,461.138603,1.528158,1.506969
2026-06-12T18:53:32.211820,52.497056,26.248528,461.229538,1.538799,1.518163
2026-06-12T18:53:32.221506,52.507483,26.253742,461.321153,1.567496,1.524197
2026-06-12T18:53:32.232010,52.517984,26.258992,461.413411,1.547182,1.527836
2026-06-12T18:53:32.244368,52.528169,26.264084,461.502892,1.545570,1.544925
2026-06-12T18:53:32.252787,52.538414,26.269207,461.592904,1.570720,1.551558
2026-06-12T18:53:32.263323,52.548639,26.274320,461.682744,1.576524,1.553493
2026-06-12T18:53:32.272922,52.558912,26.279456,461.772996,1.517195,1.551926
2026-06-12T18:53:32.286005,52.569330,26.284665,461.864525,1.552341,1.553861
2026-06-12T18:53:32.294861,52.579631,26.289816,461.955033,1.572655,1.554598
2026-06-12T18:53:32.304365,52.590355,26.295178,462.049250,1.574589,1.558513
2026-06-12T18:53:32.314692,52.600663,26.300331,462.139810,1.578458,1.563212
2026-06-12T18:53:32.327682,52.611051,26.305525,462.231079,1.582973,1.564962
2026-06-12T18:53:32.336059,52.621459,26.310730,462.322528,1.564594,1.563258
2026-06-12T18:53:32.345816,52.631800,26.315900,462.413378,1.542990,1.566943
2026-06-12T18:53:32.357846,52.642308,26.321154,462.505701,1.568785,1.569292
2026-06-12T18:53:32.369917,52.652513,26.326256,462.595356,1.573299,1.569384
2026-06-12T18:53:32.377675,52.662761,26.331381,462.685398,1.547504,1.565515
2026-06-12T18:53:32.387913,52.673386,26.336693,462.778750,1.571365,1.564501
2026-06-12T18:53:32.397880,52.683918,26.341959,462.871277,1.579748,1.564041
2026-06-12T18:53:32.411026,52.693994,26.346997,462.959806,1.570720,1.564916
2026-06-12T18:53:32.421266,52.704617,26.352309,463.053139,1.580393,1.570259
2026-06-12T18:53:32.429322,52.715009,26.357504,463.144435,1.576524,1.571365
2026-06-12T18:53:32.439068,52.725054,26.362527,463.232688,1.489466,1.559389
2026-06-12T18:53:32.452675,52.735464,26.367732,463.324154,1.535897,1.557730
2026-06-12T18:53:32.462073,52.745594,26.372797,463.413151,1.570397,1.557592
2026-06-12T18:53:32.470086,52.756067,26.378034,463.505166,1.572010,1.556487
2026-06-12T18:53:32.480592,52.766576,26.383288,463.597492,1.513971,1.548380
2026-06-12T18:53:32.490693,52.776679,26.388340,463.686261,1.555243,1.544787
2026-06-12T18:53:32.502671,52.786741,26.393370,463.774660,1.576524,1.544787
2026-06-12T18:53:32.511939,52.797069,26.398534,463.865397,1.552019,1.553723
2026-06-12T18:53:32.521147,52.807126,26.403563,463.953763,1.547182,1.555335
2026-06-12T18:53:32.533306,52.817372,26.408686,464.043776,1.568785,1.555105
2026-06-12T18:53:32.544334,52.827477,26.413738,464.132557,1.547182,1.551558
2026-06-12T18:53:32.553128,52.837909,26.418955,464.224215,1.539443,1.555197
2026-06-12T18:53:32.562878,52.848169,26.424084,464.314356,1.572332,1.557638
2026-06-12T18:53:32.572421,52.858403,26.429202,464.404273,1.574589,1.557362
2026-06-12T18:53:32.585988,52.868888,26.434444,464.496394,1.555888,1.557915
2026-06-12T18:53:32.594926,52.879275,26.439637,464.587644,1.575556,1.561968
2026-06-12T18:53:32.604281,52.889780,26.444890,464.679942,1.571687,1.562383
2026-06-12T18:53:32.614115,52.900099,26.450049,464.770602,1.538154,1.561093
2026-06-12T18:53:32.624191,52.910163,26.455082,464.859029,1.566528,1.564962
2026-06-12T18:53:32.636003,52.920435,26.460217,464.949272,1.577491,1.565699
2026-06-12T18:53:32.644946,52.930921,26.465460,465.041396,1.540733,1.560863
2026-06-12T18:53:32.655142,52.941120,26.470560,465.131005,1.533640,1.557684
2026-06-12T18:53:32.665184,52.951159,26.475580,465.219211,1.559757,1.555427
2026-06-12T18:53:32.677686,52.961456,26.480728,465.309677,1.417240,1.533363
2026-06-12T18:53:32.689092,52.971905,26.485952,465.401476,1.347916,1.506186
2026-06-12T18:53:32.696189,52.982168,26.491084,465.491649,1.489788,1.495224
2026-06-12T18:53:32.709293,52.992232,26.496116,465.580065,1.553631,1.491815
2026-06-12T18:53:32.716285,53.002262,26.501131,465.668193,1.561047,1.494717
2026-06-12T18:53:32.728219,53.012338,26.506169,465.756718,1.568785,1.499738
2026-06-12T18:53:32.739791,53.023037,26.511519,465.850717,1.578458,1.502409
2026-06-12T18:53:32.749427,53.033425,26.516712,465.941979,1.539121,1.519821
2026-06-12T18:53:32.758630,53.043685,26.521842,466.032125,1.525901,1.545247
2026-06-12T18:53:32.769308,53.053772,26.526886,466.120751,1.564916,1.555980
2026-06-12T18:53:32.778224,53.064190,26.532095,466.212275,1.567173,1.557915
2026-06-12T18:53:32.788254,53.074237,26.537118,466.300545,1.559112,1.557638
2026-06-12T18:53:32.798464,53.084437,26.542218,466.390162,1.578136,1.558974
2026-06-12T18:53:32.810955,53.095159,26.547579,466.484361,1.569430,1.557684
2026-06-12T18:53:32.819301,53.105324,26.552662,466.573675,1.560079,1.560678
2026-06-12T18:53:32.829652,53.115653,26.557827,466.664424,1.574589,1.567634
2026-06-12T18:53:32.840166,53.126140,26.563070,466.756562,1.572655,1.568739
2026-06-12T18:53:32.853138,53.136402,26.568201,466.846722,1.517518,1.561646
2026-06-12T18:53:32.861348,53.146859,26.573429,466.938589,1.556855,1.561323
2026-06-12T18:53:32.870941,53.156913,26.578457,467.026927,1.566851,1.559711
2026-06-12T18:53:32.881358,53.167331,26.583665,467.118455,1.571042,1.559941
2026-06-12T18:53:32.895095,53.177597,26.588799,467.208654,1.574912,1.562060
2026-06-12T18:53:32.903554,53.187852,26.593926,467.298748,1.581683,1.563074
2026-06-12T18:53:32.912155,53.198135,26.599067,467.389090,1.578458,1.563903
2026-06-12T18:53:32.922467,53.208448,26.604224,467.479698,1.572010,1.571687
2026-06-12T18:53:32.932725,53.218706,26.609353,467.569823,1.580071,1.575004
2026-06-12T18:53:32.944605,53.229180,26.614590,467.661846,1.582650,1.577261
2026-06-12T18:53:32.953553,53.239314,26.619657,467.750882,1.553631,1.574773
2026-06-12T18:53:32.963953,53.249430,26.624715,467.839761,1.571365,1.574267
2026-06-12T18:53:32.973534,53.259516,26.629758,467.928374,1.578781,1.573852
2026-06-12T18:53:32.986456,53.269748,26.634874,468.018276,1.560724,1.571319
2026-06-12T18:53:32.994877,53.279849,26.639924,468.107017,1.549439,1.568094
2026-06-12T18:53:33.005738,53.289933,26.644967,468.195619,1.575234,1.567403
2026-06-12T18:53:33.013993,53.299978,26.649989,468.283868,1.570720,1.565699
2026-06-12T18:53:33.024201,53.310177,26.655089,468.373477,1.541056,1.563903
2026-06-12T18:53:33.036020,53.321046,26.660523,468.468966,1.563626,1.562797
2026-06-12T18:53:33.045504,53.331482,26.665741,468.560654,1.572977,1.561968
2026-06-12T18:53:33.059139,53.341765,26.670882,468.650998,1.566851,1.562843
2026-06-12T18:53:33.065823,53.351803,26.675902,468.739194,1.578136,1.566943
2026-06-12T18:53:33.077697,53.362107,26.681054,468.829725,1.582973,1.568048
2026-06-12T18:53:33.086690,53.372654,26.686327,468.922386,1.580071,1.569384
2026-06-12T18:53:33.097166,53.383147,26.691574,469.014577,1.578136,1.574681
2026-06-12T18:53:33.107293,53.393266,26.696633,469.103480,1.581683,1.577261
2026-06-12T18:53:33.119314,53.403458,26.701729,469.193027,1.545247,1.573299
2026-06-12T18:53:33.127698,53.413867,26.706933,469.284475,1.543958,1.570029
2026-06-12T18:53:33.138192,53.424235,26.712118,469.375569,1.574267,1.569476
2026-06-12T18:53:33.148586,53.434622,26.717311,469.466829,1.578136,1.568785
2026-06-12T18:53:33.161698,53.444783,26.722391,469.556097,1.569108,1.567219
2026-06-12T18:53:33.169535,53.455567,26.727783,469.650843,1.577491,1.567127
2026-06-12T18:53:33.180197,53.466179,26.733089,469.744075,1.583617,1.567403
2026-06-12T18:53:33.190413,53.476389,26.738195,469.833784,1.574912,1.571641
2026-06-12T18:53:33.204041,53.486911,26.743455,469.926225,1.571687,1.575603
2026-06-12T18:53:33.210966,53.497011,26.748505,470.014960,1.578458,1.576201
2026-06-12T18:53:33.221394,53.507372,26.753686,470.105996,1.572977,1.575464
2026-06-12T18:53:33.231806,53.517779,26.758890,470.197429,1.573299,1.576063
2026-06-12T18:53:33.244435,53.528526,26.764263,470.291851,1.582650,1.576800
2026-06-12T18:53:33.253821,53.539024,26.769512,470.384079,1.526546,1.568647
2026-06-12T18:53:33.266036,53.549550,26.774775,470.476558,1.539121,1.563534
2026-06-12T18:53:33.273880,53.559857,26.779928,470.567113,1.571365,1.563488
2026-06-12T18:53:33.286013,53.569966,26.784983,470.655933,1.543958,1.558559
2026-06-12T18:53:33.294378,53.580017,26.790009,470.744241,1.522032,1.551282
2026-06-12T18:53:33.304298,53.590279,26.795140,470.834400,1.563626,1.549900
2026-06-12T18:53:33.314594,53.600576,26.800288,470.924871,1.561047,1.546813
2026-06-12T18:53:33.327677,53.611112,26.805556,471.017431,1.475601,1.539536
2026-06-12T18:53:33.336006,53.621212,26.810606,471.106167,1.515906,1.536219
2026-06-12T18:53:33.345801,53.631779,26.815889,471.199007,1.563949,1.535160
2026-06-12T18:53:33.359622,53.642065,26.821032,471.289379,1.573944,1.539443
2026-06-12T18:53:33.369349,53.652349,26.826174,471.379733,1.571042,1.546445
2026-06-12T18:53:33.377712,53.662801,26.831400,471.471561,1.582005,1.549071
2026-06-12T18:53:33.387333,53.673317,26.836658,471.563954,1.572655,1.550729
2026-06-12T18:53:33.397579,53.683562,26.841781,471.653969,1.571687,1.564455
2026-06-12T18:53:33.411034,53.693753,26.846876,471.743502,1.580071,1.573622
2026-06-12T18:53:33.419363,53.704469,26.852235,471.837652,1.583617,1.576432
2026-06-12T18:53:33.428760,53.714740,26.857370,471.927890,1.555888,1.573852
2026-06-12T18:53:33.438810,53.724794,26.862397,472.016220,1.558467,1.572056
2026-06-12T18:53:33.452654,53.735224,26.867612,472.107861,1.571687,1.570582
2026-06-12T18:53:33.461010,53.745296,26.872648,472.196346,1.554920,1.568048
2026-06-12T18:53:33.469927,53.755901,26.877951,472.289525,1.513326,1.559711
2026-06-12T18:53:33.480453,53.766424,26.883212,472.381979,1.511391,1.549900
2026-06-12T18:53:33.490875,53.776847,26.888424,472.473554,1.485274,1.535851
2026-06-12T18:53:33.503923,53.787061,26.893530,472.563287,1.517840,1.530415
2026-06-12T18:53:33.511629,53.797597,26.898798,472.655856,1.561369,1.530830
2026-06-12T18:53:33.521742,53.807731,26.903866,472.744894,1.533962,1.525440
2026-06-12T18:53:33.532194,53.818169,26.909084,472.836599,1.556210,1.525625
2026-06-12T18:53:33.544317,53.828402,26.914201,472.926503,1.577814,1.534837
2026-06-12T18:53:33.552608,53.838893,26.919447,473.018678,1.563626,1.542299
2026-06-12T18:53:33.563921,53.849050,26.924525,473.107918,1.463671,1.539213
2026-06-12T18:53:33.573502,53.859474,26.929737,473.199501,1.449161,1.529402
2026-06-12T18:53:33.585999,53.869741,26.934870,473.289699,1.533962,1.525487
2026-06-12T18:53:33.594226,53.880242,26.940121,473.381959,1.417240,1.508812
2026-06-12T18:53:33.607444,53.890765,26.945383,473.474416,1.466573,1.496007
2026-06-12T18:53:33.614824,53.900802,26.950401,473.562598,1.546860,1.491585
2026-06-12T18:53:33.627652,53.910997,26.955499,473.652170,1.466250,1.477674
2026-06-12T18:53:33.636021,53.921944,26.960972,473.748349,1.436586,1.473804
2026-06-12T18:53:33.646472,53.932453,26.966226,473.840676,1.521065,1.484076
2026-06-12T18:53:33.656653,53.942634,26.971317,473.930125,1.563304,1.488268
2026-06-12T18:53:33.670249,53.952934,26.976467,474.020618,1.557500,1.508305
2026-06-12T18:53:33.677685,53.963095,26.981547,474.109889,1.570720,1.523183
2026-06-12T18:53:33.690839,53.973461,26.986731,474.200970,1.578458,1.527698
2026-06-12T18:53:33.697922,53.983911,26.991956,474.292778,1.387576,1.516458
2026-06-12T18:53:33.708087,53.994077,26.997039,474.382099,1.196048,1.482096
2026-06-12T18:53:33.719693,54.004867,27.002433,474.476890,1.098994,1.421800
2026-06-12T18:53:33.729403,54.015391,27.007696,474.569356,1.103831,1.356161
2026-06-12T18:53:33.739694,54.025669,27.012834,474.659652,1.286975,1.317515
2026-06-12T18:53:33.749888,54.035871,27.017935,474.749288,1.490755,1.306091
2026-06-12T18:53:33.761982,54.046290,27.023145,474.840825,1.530738,1.299274
2026-06-12T18:53:33.770391,54.056364,27.028182,474.929339,1.553953,1.323042
2026-06-12T18:53:33.780734,54.066717,27.033358,475.020296,1.572010,1.376751
2026-06-12T18:53:33.794354,54.077089,27.038545,475.111425,1.574912,1.444739
2026-06-12T18:53:33.803055,54.087476,27.043738,475.202682,1.560079,1.509917
2026-06-12T18:53:33.812020,54.097998,27.048999,475.295124,1.571365,1.550545
2026-06-12T18:53:33.822074,54.108054,27.054027,475.383477,1.580393,1.563350
2026-06-12T18:53:33.832343,54.118315,27.059157,475.473627,1.574267,1.569568
2026-06-12T18:53:33.844319,54.129163,27.064581,475.568933,1.574912,1.572562
2026-06-12T18:53:33.853765,54.139745,27.069872,475.661903,1.578136,1.573438
2026-06-12T18:53:33.864132,54.150121,27.075060,475.753067,1.550406,1.569937
2026-06-12T18:53:33.874485,54.160458,27.080229,475.843889,1.474311,1.557684
2026-06-12T18:53:33.886086,54.170723,27.085362,475.934076,1.515261,1.549669
2026-06-12T18:53:33.894799,54.180920,27.090460,476.023659,1.557822,1.546445
2026-06-12T18:53:33.905229,54.191205,27.095602,476.114024,1.566528,1.545339
2026-06-12T18:53:33.915304,54.201289,27.100645,476.202624,1.574912,1.545339
2026-06-12T18:53:33.927641,54.211401,27.105700,476.291461,1.578781,1.545432
2026-06-12T18:53:33.936874,54.221932,27.110966,476.383990,1.493013,1.537232
2026-06-12T18:53:33.946293,54.232272,27.116136,476.474834,1.504298,1.541516
2026-06-12T18:53:33.956602,54.242588,27.121294,476.565471,1.563304,1.548380
2026-06-12T18:53:33.969329,54.252846,27.126423,476.655593,1.540733,1.545938
2026-06-12T18:53:33.978264,54.263129,27.131565,476.745940,1.558145,1.544741
2026-06-12T18:53:33.987445,54.273427,27.136713,476.836410,1.573944,1.544602
2026-06-12T18:53:33.997537,54.283513,27.141757,476.925030,1.574589,1.544004
2026-06-12T18:53:34.010983,54.293749,27.146874,477.014956,1.576524,1.555934
2026-06-12T18:53:34.019362,54.304116,27.152058,477.106042,1.583617,1.567265
2026-06-12T18:53:34.028848,54.314822,27.157411,477.200105,1.517518,1.560724
2026-06-12T18:53:34.039141,54.325115,27.162557,477.290532,1.452385,1.548103
2026-06-12T18:53:34.052652,54.335374,27.167687,477.380670,1.542023,1.545800
2026-06-12T18:53:34.061893,54.345979,27.172990,477.473845,1.572010,1.545524
2026-06-12T18:53:34.070078,54.356062,27.178031,477.562429,1.576524,1.545800
2026-06-12T18:53:34.080373,54.366357,27.183179,477.652881,1.580715,1.546399
2026-06-12T18:53:34.090599,54.376585,27.188292,477.742738,1.582650,1.546261
2026-06-12T18:53:34.102679,54.386759,27.193379,477.832126,1.544280,1.550084
2026-06-12T18:53:34.111200,54.397478,27.198739,477.926306,1.424978,1.546169
2026-06-12T18:53:34.122052,54.407594,27.203797,478.015182,1.522354,1.543359
2026-06-12T18:53:34.131853,54.417826,27.208913,478.105080,1.563626,1.542161
2026-06-12T18:53:34.144687,54.428084,27.214042,478.195200,1.555565,1.539167
2026-06-12T18:53:34.153583,54.438289,27.219144,478.284860,1.572655,1.538016
2026-06-12T18:53:34.162512,54.448496,27.224248,478.374537,1.580071,1.537647
2026-06-12T18:53:34.172919,54.458888,27.229444,478.465843,1.565238,1.540641
2026-06-12T18:53:34.186429,54.469019,27.234510,478.554851,1.560079,1.559941
2026-06-12T18:53:34.194719,54.479571,27.239785,478.647556,1.572332,1.567081
2026-06-12T18:53:34.204162,54.490144,27.245072,478.740449,1.532995,1.562705
2026-06-12T18:53:34.214581,54.500203,27.250101,478.828825,1.512681,1.556579
2026-06-12T18:53:34.224371,54.510351,27.255176,478.917987,1.562337,1.555105
2026-06-12T18:53:34.235988,54.520688,27.260344,479.008804,1.573944,1.554230
2026-06-12T18:53:34.244857,54.530873,27.265437,479.098290,1.570720,1.555013
2026-06-12T18:53:34.255128,54.541107,27.270553,479.188201,1.575556,1.557224
2026-06-12T18:53:34.265165,54.551145,27.275572,479.276391,1.580715,1.558421
2026-06-12T18:53:34.278212,54.561189,27.280595,479.364639,1.582328,1.565469
2026-06-12T18:53:34.287088,54.571692,27.285846,479.456917,1.584585,1.575741
2026-06-12T18:53:34.296009,54.581981,27.290990,479.547311,1.586842,1.579241
2026-06-12T18:53:34.306279,54.592263,27.296131,479.637647,1.577169,1.579702
2026-06-12T18:53:34.319342,54.602772,27.301386,479.729979,1.580715,1.581130
2026-06-12T18:53:34.327680,54.613268,27.306634,479.822190,1.582973,1.582189
2026-06-12T18:53:34.337423,54.623404,27.311702,479.911246,1.580715,1.582189
2026-06-12T18:53:34.347581,54.633564,27.316782,480.000514,1.577491,1.581499
2026-06-12T18:53:34.360958,54.643773,27.321887,480.090209,1.584907,1.581545
2026-06-12T18:53:34.369301,54.654501,27.327251,480.184461,1.585552,1.581360
2026-06-12T18:53:34.378750,54.664721,27.332361,480.274254,1.547504,1.577123
2026-06-12T18:53:34.389023,54.674999,27.337499,480.364547,1.564916,1.574866
2026-06-12T18:53:34.403101,54.685432,27.342716,480.456214,1.581360,1.574635
2026-06-12T18:53:34.412049,54.695723,27.347862,480.546632,1.480437,1.560310
2026-06-12T18:53:34.420065,54.706058,27.353029,480.637429,1.415628,1.537186
2026-06-12T18:53:34.430381,54.716359,27.358180,480.727934,1.503008,1.525487
2026-06-12T18:53:34.440766,54.726751,27.363376,480.819237,1.558790,1.521663
2026-06-12T18:53:34.452616,54.737074,27.368537,480.909934,1.561369,1.523644
2026-06-12T18:53:34.462158,54.747636,27.373818,481.002728,1.577169,1.525394
2026-06-12T18:53:34.471717,54.757705,27.378853,481.091195,1.573944,1.524335
2026-06-12T18:53:34.482021,54.768006,27.384003,481.181689,1.533317,1.531889
2026-06-12T18:53:34.494304,54.778421,27.389211,481.273199,1.557822,1.552203
2026-06-12T18:53:34.502626,54.788753,27.394377,481.363976,1.577169,1.562797
2026-06-12T18:53:34.513156,54.799145,27.399572,481.455272,1.478825,1.551374
2026-06-12T18:53:34.523469,54.809448,27.404724,481.545792,1.446259,1.534929
2026-06-12T18:53:34.536602,54.819884,27.409942,481.637481,1.542668,1.530001
2026-06-12T18:53:34.544489,54.830068,27.415034,481.726960,1.567818,1.529125
2026-06-12T18:53:34.554173,54.840158,27.420079,481.815609,1.574589,1.535021
2026-06-12T18:53:34.564343,54.850314,27.425157,481.904840,1.575879,1.537601
2026-06-12T18:53:34.577755,54.860775,27.430387,481.996741,1.570075,1.536588
2026-06-12T18:53:34.586169,54.871290,27.435645,482.089126,1.551051,1.546906
2026-06-12T18:53:34.595595,54.881561,27.440780,482.179366,1.558790,1.562981
2026-06-12T18:53:34.606105,54.892087,27.446043,482.271843,1.573299,1.567357
2026-06-12T18:53:34.619710,54.902576,27.451288,482.364004,1.556533,1.565745
2026-06-12T18:53:34.627816,54.913036,27.456518,482.455900,1.545892,1.561646
2026-06-12T18:53:34.637291,54.923258,27.461629,482.545707,1.559757,1.559342
2026-06-12T18:53:34.650777,54.933652,27.466826,482.637027,1.389188,1.533501
2026-06-12T18:53:34.659480,54.943934,27.471967,482.727362,1.466573,1.521433
2026-06-12T18:53:34.670422,54.954371,27.477185,482.819059,1.534284,1.517932
2026-06-12T18:53:34.678771,54.964755,27.482378,482.910299,1.451418,1.500521
2026-06-12T18:53:34.689172,54.975156,27.487578,483.001678,1.511391,1.494072
2026-06-12T18:53:34.702885,54.985645,27.492822,483.093827,1.560079,1.496099
2026-06-12T18:53:34.712024,54.995873,27.497936,483.183687,1.569753,1.497527
2026-06-12T18:53:34.720476,55.006459,27.503229,483.276694,1.571042,1.523506
2026-06-12T18:53:34.730719,55.016700,27.508350,483.366678,1.527513,1.532212
2026-06-12T18:53:34.740986,55.026972,27.513486,483.456923,1.513326,1.529218
2026-06-12T18:53:34.753589,55.037205,27.518602,483.546826,1.488821,1.534561
2026-06-12T18:53:34.761842,55.047832,27.523916,483.640193,1.525256,1.536542
2026-06-12T18:53:34.772045,55.058030,27.529015,483.729793,1.564594,1.537186
2026-06-12T18:53:34.782190,55.068165,27.534082,483.818833,1.571687,1.537463
2026-06-12T18:53:34.795116,55.078572,27.539286,483.910267,1.552019,1.534745
2026-06-12T18:53:34.804033,55.089539,27.544770,484.006628,1.572010,1.541102
2026-06-12T18:53:34.813844,55.099826,27.549913,484.097002,1.506555,1.540134
2026-06-12T18:53:34.824002,55.109984,27.554992,484.186252,1.349205,1.520189
2026-06-12T18:53:34.838387,55.121078,27.560539,484.283721,1.500106,1.516596
2026-06-12T18:53:34.845229,55.131214,27.565607,484.372772,1.527191,1.511253
2026-06-12T18:53:34.855623,55.141607,27.570803,484.464081,1.485919,1.499001
2026-06-12T18:53:34.869386,55.152147,27.576073,484.556683,1.545570,1.498079
2026-06-12T18:53:34.879675,55.162870,27.581435,484.650896,1.573944,1.498356
2026-06-12T18:53:34.887118,55.173121,27.586561,484.740961,1.542668,1.503515
2026-06-12T18:53:34.897241,55.183230,27.591615,484.829772,1.493657,1.524151
2026-06-12T18:53:34.909645,55.193638,27.596819,484.921221,1.523966,1.527559
2026-06-12T18:53:34.919378,55.203969,27.601985,485.011989,1.546860,1.530369
2026-06-12T18:53:34.928651,55.214633,27.607317,485.105678,1.562981,1.541378
2026-06-12T18:53:34.939047,55.225028,27.612514,485.197006,1.577169,1.545892
2026-06-12T18:53:34.949118,55.235105,27.617552,485.285536,1.489143,1.533778
2026-06-12T18:53:34.961836,55.245374,27.622687,485.375762,1.414015,1.515399
2026-06-12T18:53:34.969856,55.255523,27.627761,485.464929,1.513971,1.518301
2026-06-12T18:53:34.979658,55.265651,27.632826,485.553915,1.536864,1.520143
2026-06-12T18:53:34.990189,55.276161,27.638080,485.646248,1.345014,1.491308
2026-06-12T18:53:35.002649,55.286413,27.643206,485.736322,1.371454,1.463947
2026-06-12T18:53:35.011013,55.297183,27.648591,485.830944,1.509779,1.454320
2026-06-12T18:53:35.021558,55.307530,27.653765,485.921851,1.558467,1.464223
2026-06-12T18:53:35.032042,55.318015,27.659008,486.013975,1.568140,1.486241
2026-06-12T18:53:35.044289,55.328213,27.664107,486.103574,1.578458,1.495454
2026-06-12T18:53:35.053478,55.338499,27.669249,486.193937,1.535252,1.495224
2026-06-12T18:53:35.062875,55.348867,27.674433,486.285032,1.445614,1.509595
2026-06-12T18:53:35.073400,55.359376,27.679688,486.377363,1.506877,1.528941
2026-06-12T18:53:35.086895,55.369640,27.684820,486.467538,1.552663,1.535068
2026-06-12T18:53:35.094934,55.380166,27.690083,486.560016,1.565238,1.536035
2026-06-12T18:53:35.104615,55.390588,27.695294,486.651582,1.574589,1.536956
2026-06-12T18:53:35.114643,55.400620,27.700310,486.739725,1.578458,1.536956
2026-06-12T18:53:35.127633,55.411023,27.705512,486.831125,1.436264,1.522815
2026-06-12T18:53:35.135992,55.421351,27.710675,486.921864,1.277947,1.498862
2026-06-12T18:53:35.145674,55.431649,27.715824,487.012337,1.419497,1.486380
2026-06-12T18:53:35.155875,55.441854,27.720927,487.101999,1.513648,1.480806
2026-06-12T18:53:35.169303,55.451884,27.725942,487.190122,1.551696,1.478871
2026-06-12T18:53:35.179947,55.461948,27.730974,487.278543,1.572332,1.478549
2026-06-12T18:53:35.187285,55.472490,27.736245,487.371165,1.577491,1.478411
2026-06-12T18:53:35.196841,55.482830,27.741415,487.462006,1.577169,1.498540
2026-06-12T18:53:35.207061,55.493042,27.746521,487.551730,1.573944,1.540825
2026-06-12T18:53:35.219301,55.503720,27.751860,487.645539,1.579103,1.563626
2026-06-12T18:53:35.228212,55.514191,27.757096,487.737539,1.559112,1.570121
2026-06-12T18:53:35.238734,55.524720,27.762360,487.830046,1.571365,1.572931
2026-06-12T18:53:35.252947,55.535255,27.767627,487.922602,1.579748,1.573990
2026-06-12T18:53:35.263162,55.545367,27.772684,488.011449,1.543635,1.569154
2026-06-12T18:53:35.270090,55.556074,27.778037,488.105520,1.502041,1.558421
2026-06-12T18:53:35.280462,55.566444,27.783222,488.196626,1.554920,1.555704
2026-06-12T18:53:35.290810,55.576793,27.788397,488.287549,1.551374,1.551742
2026-06-12T18:53:35.303912,55.587280,27.793640,488.379684,1.561047,1.552019
2026-06-12T18:53:35.311652,55.597625,27.798813,488.470576,1.575234,1.552571
2026-06-12T18:53:35.322167,55.608151,27.804075,488.563053,1.553953,1.548886
2026-06-12T18:53:35.335998,55.618682,27.809341,488.655580,1.533317,1.547412
2026-06-12T18:53:35.344364,55.629084,27.814542,488.746968,1.568463,1.556901
2026-06-12T18:53:35.354010,55.639321,27.819660,488.836906,1.578458,1.560264
2026-06-12T18:53:35.363718,55.649705,27.824852,488.928137,1.545247,1.559389
2026-06-12T18:53:35.377735,55.660028,27.830014,489.018836,1.542668,1.556763
2026-06-12T18:53:35.386339,55.670520,27.835260,489.111020,1.572655,1.556394
2026-06-12T18:53:35.394897,55.680879,27.840440,489.202032,1.581683,1.560356
2026-06-12T18:53:35.405312,55.691299,27.845649,489.293574,1.582328,1.567357
2026-06-12T18:53:35.415581,55.701552,27.850776,489.383662,1.587164,1.570029
2026-06-12T18:53:35.428351,55.711926,27.855963,489.474802,1.582973,1.570674
2026-06-12T18:53:35.436634,55.722627,27.861314,489.568820,1.573622,1.574727
2026-06-12T18:53:35.447081,55.733062,27.866531,489.660498,1.563626,1.577721
2026-06-12T18:53:35.457296,55.743285,27.871643,489.750317,1.559757,1.575879
2026-06-12T18:53:35.469309,55.753473,27.876737,489.839827,1.356622,1.543727
2026-06-12T18:53:35.477642,55.763738,27.881869,489.930018,1.283751,1.501073
2026-06-12T18:53:35.487988,55.773967,27.886984,490.019884,1.456255,1.482372
2026-06-12T18:53:35.498425,55.784405,27.892203,490.111591,1.531060,1.474956
2026-06-12T18:53:35.511668,55.794770,27.897385,490.202656,1.562337,1.473344
2026-06-12T18:53:35.519284,55.805009,27.902504,490.292612,1.578458,1.475463
2026-06-12T18:53:35.529281,55.815255,27.907627,490.382629,1.558790,1.475325
2026-06-12T18:53:35.539381,55.825359,27.912680,490.471404,1.527836,1.499784
2026-06-12T18:53:35.553581,55.835539,27.917769,490.560843,1.474311,1.527007
2026-06-12T18:53:35.562590,55.845686,27.922843,490.649995,1.471409,1.529172
2026-06-12T18:53:35.569965,55.856798,27.928399,490.747620,1.538799,1.530277
2026-06-12T18:53:35.581182,55.867153,27.933577,490.838600,1.569753,1.531336
2026-06-12T18:53:35.594282,55.877531,27.938766,490.929779,1.534284,1.525026
2026-06-12T18:53:35.603397,55.887926,27.943963,491.021111,1.378870,1.499323
2026-06-12T18:53:35.612248,55.898225,27.949112,491.111587,1.465283,1.490387
2026-06-12T18:53:35.622324,55.908307,27.954154,491.200174,1.542668,1.500152
2026-06-12T18:53:35.635933,55.918982,27.959491,491.293960,1.528481,1.508305
2026-06-12T18:53:35.644283,55.929621,27.964811,491.387431,1.559112,1.511207
2026-06-12T18:53:35.654760,55.939721,27.969861,491.476170,1.571365,1.511437
2026-06-12T18:53:35.664258,55.950230,27.975115,491.568499,1.573622,1.517057
2026-06-12T18:53:35.678005,55.960717,27.980358,491.660631,1.572977,1.544787
2026-06-12T18:53:35.687524,55.970763,27.985382,491.748901,1.574912,1.560448
2026-06-12T18:53:35.695082,55.981061,27.990531,491.839377,1.575556,1.565146
2026-06-12T18:53:35.705143,55.991119,27.995559,491.927737,1.569430,1.570996
2026-06-12T18:53:35.715176,56.001155,28.000577,492.015914,1.578458,1.573760
2026-06-12T18:53:35.727602,56.011442,28.005721,492.106296,1.580393,1.575050
2026-06-12T18:53:35.736072,56.021801,28.010900,492.197303,1.574267,1.575142
2026-06-12T18:53:35.746223,56.032206,28.016103,492.288726,1.569753,1.574681
2026-06-12T18:53:35.756262,56.042247,28.021123,492.376939,1.579426,1.575326
2026-06-12T18:53:35.769980,56.052789,28.026395,492.469567,1.552986,1.572102
2026-06-12T18:53:35.777637,56.063129,28.031565,492.560408,1.490433,1.560816
2026-06-12T18:53:35.787490,56.073480,28.036740,492.651349,1.471087,1.545478
2026-06-12T18:53:35.797693,56.083675,28.041837,492.740920,1.540088,1.539720
2026-06-12T18:53:35.810996,56.093775,28.046888,492.829661,1.559112,1.537555
2026-06-12T18:53:35.819559,56.104671,28.052335,492.925386,1.577491,1.538660
2026-06-12T18:53:35.828788,56.114770,28.057385,493.014114,1.578458,1.538522
2026-06-12T18:53:35.839245,56.125230,28.062615,493.106012,1.432717,1.521341
2026-06-12T18:53:35.853464,56.135718,28.067859,493.198159,1.442712,1.514524
2026-06-12T18:53:35.862019,56.146065,28.073032,493.289064,1.545892,1.525210
2026-06-12T18:53:35.870510,56.156482,28.078241,493.380587,1.479470,1.516550
2026-06-12T18:53:35.880793,56.166777,28.083389,493.471043,1.493657,1.507200
2026-06-12T18:53:35.890897,56.176887,28.088443,493.559860,1.553953,1.503837
2026-06-12T18:53:35.904776,56.187941,28.093971,493.656986,1.538154,1.498079
2026-06-12T18:53:35.914469,56.198294,28.099147,493.747945,1.453675,1.501073
2026-06-12T18:53:35.923441,56.208857,28.104428,493.840743,1.544280,1.515583
2026-06-12T18:53:35.936112,56.219368,28.109684,493.933098,1.569108,1.518900
2026-06-12T18:53:35.944895,56.229575,28.114788,494.022774,1.485919,1.519821
2026-06-12T18:53:35.953932,56.239915,28.119957,494.113617,1.457544,1.514662
2026-06-12T18:53:35.966748,56.250215,28.125107,494.204109,1.541056,1.512819
2026-06-12T18:53:35.977597,56.260374,28.130187,494.293364,1.555565,1.515307
2026-06-12T18:53:35.987434,56.270541,28.135271,494.382692,1.563626,1.531014
2026-06-12T18:53:35.994734,56.280738,28.140369,494.472278,1.579426,1.536035
2026-06-12T18:53:36.005307,56.291283,28.145641,494.564927,1.553953,1.533870
2026-06-12T18:53:36.015341,56.301330,28.150665,494.653195,1.563949,1.545017
2026-06-12T18:53:36.027624,56.311815,28.155908,494.745318,1.575879,1.561922
2026-06-12T18:53:36.035955,56.322444,28.161222,494.838699,1.561369,1.564824
2026-06-12T18:53:36.046718,56.332688,28.166344,494.928707,1.565238,1.566206
2026-06-12T18:53:36.056791,56.342771,28.171386,495.017291,1.581038,1.568693
2026-06-12T18:53:36.069748,56.353095,28.176547,495.107993,1.578458,1.568555
2026-06-12T18:53:36.080668,56.364452,28.182226,495.207781,1.558790,1.569246
2026-06-12T18:53:36.088603,56.374671,28.187335,495.297559,1.573622,1.570628
2026-06-12T18:53:36.099125,56.385109,28.192554,495.389261,1.582328,1.571549
2026-06-12T18:53:36.111000,56.395301,28.197650,495.478809,1.492045,1.561646
2026-06-12T18:53:36.120022,56.405993,28.202996,495.572744,1.463026,1.547044
2026-06-12T18:53:36.130285,56.416258,28.208129,495.662936,1.546215,1.542069
2026-06-12T18:53:36.140401,56.426377,28.213188,495.751836,1.561047,1.539582
2026-06-12T18:53:36.153666,56.436784,28.218392,495.843271,1.569430,1.541102
2026-06-12T18:53:36.160906,56.446895,28.223448,495.932107,1.572977,1.541010
2026-06-12T18:53:36.171008,56.457000,28.228500,496.020884,1.571365,1.539443
2026-06-12T18:53:36.181533,56.467513,28.233757,496.113255,1.551374,1.547919
2026-06-12T18:53:36.194421,56.477803,28.238901,496.203657,1.572655,1.563580
2026-06-12T18:53:36.204091,56.488192,28.244096,496.294936,1.580715,1.568509
2026-06-12T18:53:36.212453,56.498429,28.249215,496.384875,1.552019,1.567219
2026-06-12T18:53:36.222681,56.508667,28.254334,496.474825,1.535574,1.562383
2026-06-12T18:53:36.235951,56.519145,28.259573,496.566885,1.565238,1.561277
2026-06-12T18:53:36.244308,56.529563,28.264781,496.658409,1.533640,1.555888
2026-06-12T18:53:36.254468,56.539855,28.269928,496.748839,1.542990,1.554690
2026-06-12T18:53:36.266640,56.550102,28.275051,496.838865,1.572655,1.554690
2026-06-12T18:53:36.277663,56.560515,28.280258,496.930350,1.573299,1.553631
2026-06-12T18:53:36.286083,56.571167,28.285584,497.023939,1.575234,1.556947
2026-06-12T18:53:36.295445,56.581426,28.290713,497.114066,1.584585,1.563949
2026-06-12T18:53:36.305676,56.591673,28.295836,497.204095,1.573944,1.565192
2026-06-12T18:53:36.319425,56.601950,28.300975,497.294387,1.472377,1.556441
2026-06-12T18:53:36.327688,56.612007,28.306003,497.382747,1.515583,1.552525
2026-06-12T18:53:36.336637,56.622710,28.311355,497.476789,1.570075,1.552157
2026-06-12T18:53:36.347211,56.633186,28.316593,497.568823,1.579426,1.553032
2026-06-12T18:53:36.357297,56.643281,28.321641,497.657520,1.583940,1.554276
2026-06-12T18:53:36.369284,56.653522,28.326761,497.747490,1.584585,1.554276
2026-06-12T18:53:36.377637,56.663735,28.331868,497.837225,1.567173,1.553308
2026-06-12T18:53:36.388055,56.674125,28.337062,497.928503,1.397571,1.542622
2026-06-12T18:53:36.398334,56.684308,28.342154,498.017969,1.376290,1.522723
2026-06-12T18:53:36.411796,56.694511,28.347255,498.107614,1.517195,1.515169
2026-06-12T18:53:36.420269,56.705163,28.352581,498.201200,1.561047,1.512543
2026-06-12T18:53:36.431479,56.715519,28.357760,498.292191,1.575234,1.511299
2026-06-12T18:53:36.440064,56.726053,28.363026,498.384733,1.582973,1.511069
2026-06-12T18:53:36.452802,56.736197,28.368099,498.473862,1.531383,1.505956
2026-06-12T18:53:36.460957,56.746303,28.373152,498.562653,1.527513,1.524519
2026-06-12T18:53:36.470866,56.756839,28.378419,498.655215,1.568463,1.551972
2026-06-12T18:53:36.481279,56.767258,28.383629,498.746760,1.528803,1.553631
2026-06-12T18:53:36.494294,56.777373,28.388686,498.835621,1.480437,1.542115
2026-06-12T18:53:36.503286,56.787480,28.393740,498.924419,1.548472,1.538292
2026-06-12T18:53:36.513047,56.798245,28.399123,499.019004,1.570397,1.536495
2026-06-12T18:53:36.522532,56.808510,28.404255,499.109190,1.560079,1.540595
2026-06-12T18:53:36.536521,56.818953,28.409477,499.200942,1.579103,1.547965
2026-06-12T18:53:36.544345,56.829305,28.414652,499.291886,1.577169,1.549209
2026-06-12T18:53:36.554476,56.839719,28.419860,499.383386,1.505910,1.545938
2026-06-12T18:53:36.566882,56.849968,28.424984,499.473429,1.498172,1.548472
2026-06-12T18:53:36.574349,56.860322,28.430161,499.564397,1.559112,1.549992
2026-06-12T18:53:36.585985,56.870658,28.435329,499.655208,1.554276,1.547689
2026-06-12T18:53:36.594985,56.880956,28.440478,499.745687,1.556855,1.547228
2026-06-12T18:53:36.605129,56.891103,28.445551,499.834835,1.574912,1.546629
2026-06-12T18:53:36.615255,56.901230,28.450615,499.923813,1.546537,1.542253
2026-06-12T18:53:36.627624,56.911364,28.455682,500.012845,1.378225,1.524013
2026-06-12T18:53:36.637169,56.921663,28.460832,500.103333,1.420464,1.512911
2026-06-12T18:53:36.646031,56.932003,28.466002,500.194180,1.528481,1.508536
2026-06-12T18:53:36.656336,56.942323,28.471161,500.284841,1.534607,1.505726
2026-06-12T18:53:36.669814,56.952785,28.476392,500.376762,1.563304,1.506647
2026-06-12T18:53:36.677693,56.963332,28.481666,500.469426,1.560402,1.504574
2026-06-12T18:53:36.687559,56.973546,28.486773,500.559168,1.380159,1.480806
2026-06-12T18:53:36.697630,56.983615,28.491807,500.647625,1.392735,1.482879
2026-06-12T18:53:36.707804,56.993791,28.496895,500.737031,1.522032,1.497388
2026-06-12T18:53:36.719718,57.004051,28.502026,500.827179,1.511069,1.494901
2026-06-12T18:53:36.728201,57.014173,28.507087,500.916108,1.470442,1.485735
2026-06-12T18:53:36.738502,57.024504,28.512252,501.006876,1.543958,1.482971
2026-06-12T18:53:36.748565,57.034541,28.517271,501.095057,1.564594,1.483570
2026-06-12T18:53:36.761791,57.045046,28.522523,501.187349,1.569108,1.510562
2026-06-12T18:53:36.769748,57.055248,28.527624,501.276984,1.581038,1.537463
2026-06-12T18:53:36.779650,57.065622,28.532811,501.368132,1.576846,1.545293
2026-06-12T18:53:36.789899,57.076039,28.538020,501.459654,1.548472,1.550637
2026-06-12T18:53:36.802682,57.086462,28.543231,501.551227,1.584585,1.566943
2026-06-12T18:53:36.811847,57.097072,28.548536,501.644443,1.594903,1.574221
2026-06-12T18:53:36.821463,57.107452,28.553726,501.735635,1.590389,1.577906
2026-06-12T18:53:36.831917,57.117898,28.558949,501.827419,1.574912,1.578735
2026-06-12T18:53:36.844312,57.128151,28.564075,501.917494,1.589421,1.579932
2026-06-12T18:53:36.853572,57.138225,28.569113,502.006007,1.591033,1.581959
2026-06-12T18:53:36.862648,57.148633,28.574317,502.097449,1.591678,1.588131
2026-06-12T18:53:36.872959,57.158935,28.579468,502.187962,1.596515,1.589836
2026-06-12T18:53:36.885966,57.169304,28.584652,502.279056,1.558790,1.584677
2026-06-12T18:53:36.894331,57.179537,28.589768,502.368963,1.473344,1.567956
2026-06-12T18:53:36.907437,57.189667,28.594833,502.457964,1.536542,1.562475
2026-06-12T18:53:36.914578,57.199903,28.599951,502.547894,1.576201,1.560586
2026-06-12T18:53:36.924305,57.210288,28.605144,502.639135,1.573622,1.558099
2026-06-12T18:53:36.936592,57.220518,28.610259,502.729013,1.575234,1.555750
2026-06-12T18:53:36.947266,57.231193,28.615597,502.822808,1.560402,1.550591
2026-06-12T18:53:36.955672,57.241657,28.620829,502.914742,1.470764,1.538016
2026-06-12T18:53:36.969679,57.252122,28.626061,503.006687,1.471732,1.537785
2026-06-12T18:53:36.977806,57.262370,28.631185,503.096720,1.551696,1.539950
2026-06-12T18:53:36.986844,57.272820,28.636410,503.188530,1.561692,1.537877
2026-06-12T18:53:36.997162,57.283142,28.641571,503.279218,1.542990,1.533501
2026-06-12T18:53:37.007594,57.293566,28.646783,503.370804,1.566206,1.532212
2026-06-12T18:53:37.019322,57.304007,28.652004,503.462537,1.471409,1.519498
2026-06-12T18:53:37.028404,57.314565,28.657282,503.555291,1.200562,1.480898
2026-06-12T18:53:37.038682,57.324663,28.662332,503.644018,1.179926,1.439212
2026-06-12T18:53:37.048927,57.334911,28.667455,503.734049,1.421754,1.420648
2026-06-12T18:53:37.061553,57.345269,28.672635,503.825058,1.525579,1.415489
2026-06-12T18:53:37.069423,57.355427,28.677713,503.914301,1.557500,1.417562
2026-06-12T18:53:37.079727,57.365717,28.682859,504.004711,1.576201,1.418990
2026-06-12T18:53:37.089808,57.375781,28.687891,504.093131,1.574589,1.433730
2026-06-12T18:53:37.102599,57.386380,28.693190,504.186249,1.453998,1.469935
2026-06-12T18:53:37.111075,57.397175,28.698588,504.281094,1.477536,1.512451
2026-06-12T18:53:37.121237,57.407218,28.703609,504.369324,1.552341,1.531106
2026-06-12T18:53:37.131413,57.417399,28.708699,504.458777,1.568463,1.537232
2026-06-12T18:53:37.144333,57.427781,28.713891,504.549991,1.579748,1.540411
2026-06-12T18:53:37.153899,57.438316,28.719158,504.642546,1.584585,1.541608
2026-06-12T18:53:37.162756,57.448741,28.724371,504.734145,1.437231,1.521986
2026-06-12T18:53:37.173285,57.459258,28.729629,504.826539,1.317284,1.502455
2026-06-12T18:53:37.186474,57.469614,28.734807,504.917527,1.479470,1.502732
2026-06-12T18:53:37.194813,57.479899,28.739949,505.007888,1.555565,1.503192
2026-06-12T18:53:37.206539,57.490278,28.745139,505.099078,1.574267,1.504021
2026-06-12T18:53:37.214464,57.500438,28.750219,505.188339,1.587487,1.505127
2026-06-12T18:53:37.227602,57.510786,28.755393,505.279253,1.588131,1.505634
2026-06-12T18:53:37.236854,57.521614,28.760807,505.374392,1.561692,1.523414
2026-06-12T18:53:37.245856,57.531838,28.765919,505.464218,1.576201,1.560402
2026-06-12T18:53:37.256361,57.542355,28.771177,505.556614,1.585552,1.575556
2026-06-12T18:53:37.269932,57.552771,28.776386,505.648133,1.544280,1.573944
2026-06-12T18:53:37.278418,57.563271,28.781636,505.740383,1.503330,1.563811
2026-06-12T18:53:37.287393,57.573571,28.786786,505.830877,1.556210,1.559342
2026-06-12T18:53:37.297676,57.583652,28.791826,505.919448,1.568785,1.556579
2026-06-12T18:53:37.310940,57.594130,28.797065,506.011504,1.567496,1.557408
2026-06-12T18:53:37.319445,57.604761,28.802381,506.104909,1.579748,1.557915
2026-06-12T18:53:37.328842,57.614810,28.807405,506.193189,1.550729,1.552940
2026-06-12T18:53:37.338868,57.624849,28.812424,506.281392,1.536219,1.551788
2026-06-12T18:53:37.352611,57.635310,28.817655,506.373303,1.572655,1.561692
2026-06-12T18:53:37.360966,57.645792,28.822896,506.465398,1.553953,1.561369
2026-06-12T18:53:37.370425,57.656397,28.828198,506.558566,1.390800,1.535943
2026-06-12T18:53:37.380884,57.666868,28.833434,506.650569,1.434974,1.517011
2026-06-12T18:53:37.395031,57.677398,28.838699,506.743083,1.548472,1.512543
2026-06-12T18:53:37.402619,57.687516,28.843758,506.831979,1.573944,1.515859
2026-06-12T18:53:37.412862,57.698200,28.849100,506.925838,1.585230,1.522861
2026-06-12T18:53:37.422358,57.708338,28.854169,507.014913,1.574912,1.523183
2026-06-12T18:53:37.435941,57.718630,28.859315,507.105338,1.372421,1.497250
2026-06-12T18:53:37.444357,57.729019,28.864509,507.196610,1.417885,1.501119
2026-06-12T18:53:37.453324,57.739302,28.869651,507.286954,1.533962,1.515261
2026-06-12T18:53:37.464578,57.749832,28.874916,507.379470,1.487209,1.506509
2026-06-12T18:53:37.473920,57.759893,28.879947,507.467867,1.420464,1.484583
2026-06-12T18:53:37.487301,57.770424,28.885212,507.560392,1.537509,1.477766
2026-06-12T18:53:37.495378,57.781133,28.890567,507.654480,1.578136,1.478226
2026-06-12T18:53:37.507569,57.791183,28.895591,507.742773,1.565238,1.505772
2026-06-12T18:53:37.515518,57.801505,28.900752,507.833459,1.539766,1.523183
2026-06-12T18:53:37.527602,57.812191,28.906095,507.927344,1.570075,1.528342
2026-06-12T18:53:37.536591,57.822559,28.911280,508.018439,1.468185,1.525625
2026-06-12T18:53:37.546808,57.832785,28.916392,508.108279,1.509779,1.538384
2026-06-12T18:53:37.557300,57.843281,28.921640,508.200496,1.568463,1.542806
2026-06-12T18:53:37.569814,57.853829,28.926915,508.293172,1.408212,1.518531
2026-06-12T18:53:37.578270,57.864253,28.932126,508.384752,1.306966,1.481635
2026-06-12T18:53:37.588744,57.874725,28.937362,508.476756,1.440778,1.467494
2026-06-12T18:53:37.598849,57.884832,28.942416,508.565553,1.487531,1.455702
2026-06-12T18:53:37.611691,57.895295,28.947648,508.657485,1.546215,1.466849
2026-06-12T18:53:37.619995,57.906032,28.953016,508.751816,1.574267,1.476062
2026-06-12T18:53:37.630458,57.916434,28.958217,508.843204,1.552986,1.473851
2026-06-12T18:53:37.640656,57.926629,28.963314,508.932777,1.367907,1.468093
2026-06-12T18:53:37.653797,57.936811,28.968405,509.022233,1.358234,1.475417
2026-06-12T18:53:37.660936,57.946960,28.973480,509.111406,1.505588,1.484675
2026-06-12T18:53:37.671407,57.957379,28.978690,509.202944,1.548472,1.493381
2026-06-12T18:53:37.681674,57.967657,28.983828,509.293240,1.556533,1.494855
2026-06-12T18:53:37.694299,57.977914,28.988957,509.383355,1.572010,1.494533
2026-06-12T18:53:37.703673,57.988270,28.994135,509.474348,1.551051,1.494256
2026-06-12T18:53:37.712421,57.998390,28.999195,509.563254,1.505265,1.513879
2026-06-12T18:53:37.722689,58.008678,29.004339,509.653642,1.544280,1.540457
2026-06-12T18:53:37.736560,58.018793,29.009396,509.742510,1.570075,1.549669
2026-06-12T18:53:37.745053,58.028847,29.014424,509.830851,1.568785,1.552571
2026-06-12T18:53:37.753930,58.039889,29.019945,509.927863,1.570075,1.554506
2026-06-12T18:53:37.764271,58.050260,29.025130,510.018977,1.577814,1.555335
2026-06-12T18:53:37.774600,58.060587,29.030294,510.109711,1.533640,1.552848
2026-06-12T18:53:37.785940,58.070956,29.035478,510.200805,1.512359,1.553861
2026-06-12T18:53:37.795403,58.081383,29.040691,510.292414,1.563626,1.556625
2026-06-12T18:53:37.805450,58.091441,29.045721,510.380789,1.564594,1.555842
2026-06-12T18:53:37.819261,58.101868,29.050934,510.472399,1.573622,1.556533
2026-06-12T18:53:37.827653,58.112136,29.056068,510.562605,1.582973,1.558375
2026-06-12T18:53:37.836656,58.122640,29.061320,510.654893,1.526868,1.551097
2026-06-12T18:53:37.846731,58.132711,29.066355,510.743375,1.404020,1.532580
2026-06-12T18:53:37.859682,58.143115,29.071558,510.834787,1.469797,1.526500
2026-06-12T18:53:37.869295,58.153817,29.076908,510.928808,1.555888,1.525394
2026-06-12T18:53:37.878083,58.164080,29.082040,511.018983,1.577169,1.527191
2026-06-12T18:53:37.888515,58.174502,29.087251,511.110543,1.581038,1.528250
2026-06-12T18:53:37.898940,58.184921,29.092460,511.202083,1.588131,1.528987
2026-06-12T18:53:37.912131,58.195240,29.097620,511.292745,1.547827,1.531981
2026-06-12T18:53:37.919906,58.205933,29.102966,511.386690,1.494302,1.544879
2026-06-12T18:53:37.930115,58.216112,29.108056,511.476127,1.555243,1.557085
2026-06-12T18:53:37.940438,58.226420,29.113210,511.566690,1.579426,1.560448
2026-06-12T18:53:37.953347,58.236719,29.118359,511.657168,1.566528,1.558928
2026-06-12T18:53:37.960938,58.247403,29.123702,511.751041,1.582328,1.559112
2026-06-12T18:53:37.971755,58.257738,29.128869,511.841844,1.584585,1.558605
2026-06-12T18:53:37.981804,58.267775,29.133888,511.930027,1.472377,1.547827
2026-06-12T18:53:37.994228,58.278219,29.139109,512.021779,1.380482,1.531567
2026-06-12T18:53:38.003256,58.288528,29.144264,512.112359,1.503653,1.524197
2026-06-12T18:53:38.012986,58.298971,29.149485,512.204104,1.557500,1.521065
2026-06-12T18:53:38.023456,58.309440,29.154720,512.296085,1.573622,1.522078
2026-06-12T18:53:38.036772,58.319513,29.159757,512.384589,1.586197,1.522631
2026-06-12T18:53:38.047272,58.330381,29.165191,512.480073,1.514293,1.512589
2026-06-12T18:53:38.054744,58.340724,29.170362,512.570946,1.517518,1.519038
2026-06-12T18:53:38.064782,58.350771,29.175385,512.659212,1.567496,1.545754
2026-06-12T18:53:38.077625,58.360943,29.180471,512.748579,1.582328,1.556993
2026-06-12T18:53:38.085960,58.371689,29.185845,512.842995,1.581360,1.560402
2026-06-12T18:53:38.095926,58.381910,29.190955,512.932794,1.589421,1.562659
2026-06-12T18:53:38.106318,58.392293,29.196147,513.024020,1.576201,1.561231
2026-06-12T18:53:38.119683,58.402777,29.201388,513.116124,1.523644,1.562567
2026-06-12T18:53:38.128097,58.413026,29.206513,513.206173,1.563949,1.569200
2026-06-12T18:53:38.137571,58.423552,29.211776,513.298651,1.581360,1.571181
2026-06-12T18:53:38.148061,58.434041,29.217021,513.390807,1.497204,1.559020
2026-06-12T18:53:38.161983,58.444213,29.222107,513.480179,1.471087,1.543267
2026-06-12T18:53:38.172485,58.457018,29.228509,513.592676,1.567496,1.540134
2026-06-12T18:53:38.181244,58.467221,29.233611,513.682323,1.578136,1.540411
2026-06-12T18:53:38.194896,58.477881,29.238940,513.775974,1.578458,1.548241
2026-06-12T18:53:38.204177,58.488362,29.244181,513.868060,1.579748,1.550498
2026-06-12T18:53:38.212440,58.498415,29.249207,513.956382,1.471732,1.534837
2026-06-12T18:53:38.222486,58.508483,29.254241,514.044839,1.361781,1.515491
2026-06-12T18:53:38.235950,58.519002,29.259501,514.137257,1.514616,1.521709
2026-06-12T18:53:38.245706,58.529507,29.264754,514.229558,1.513004,1.513925
2026-06-12T18:53:38.253748,58.539723,29.269861,514.319308,1.367907,1.483892
2026-06-12T18:53:38.264578,58.550046,29.275023,514.410009,1.446904,1.465099
2026-06-12T18:53:38.274121,58.560094,29.280047,514.498285,1.522677,1.456946
2026-06-12T18:53:38.285924,58.570546,29.285273,514.590117,1.559757,1.469521
2026-06-12T18:53:38.294921,58.580898,29.290449,514.681065,1.578781,1.500521
2026-06-12T18:53:38.305343,58.591337,29.295669,514.772784,1.585230,1.510608
2026-06-12T18:53:38.315396,58.601388,29.300694,514.861090,1.488176,1.507062
2026-06-12T18:53:38.327644,58.611670,29.305835,514.951423,1.459479,1.520143
2026-06-12T18:53:38.335904,58.622483,29.311242,515.046425,1.550406,1.534929
2026-06-12T18:53:38.346864,58.632837,29.316418,515.137388,1.562981,1.540687
2026-06-12T18:53:38.357062,58.643042,29.321521,515.227053,1.555243,1.540042
2026-06-12T18:53:38.369810,58.653524,29.326762,515.319144,1.576846,1.539766
2026-06-12T18:53:38.379372,58.664083,29.332041,515.411912,1.582328,1.539351
2026-06-12T18:53:38.388454,58.674436,29.337218,515.502872,1.548149,1.547919
2026-06-12T18:53:38.398821,58.684821,29.342411,515.594116,1.570720,1.563811
2026-06-12T18:53:38.411438,58.695299,29.347649,515.686170,1.582650,1.568417
2026-06-12T18:53:38.419862,58.705478,29.352739,515.775604,1.582973,1.571273
2026-06-12T18:53:38.430024,58.716002,29.358001,515.868062,1.582005,1.575096
2026-06-12T18:53:38.440111,58.726098,29.363049,515.956763,1.589421,1.576892
2026-06-12T18:53:38.452626,58.736320,29.368160,516.046574,1.576846,1.576109
2026-06-12T18:53:38.461589,58.747211,29.373606,516.142262,1.556533,1.577307
2026-06-12T18:53:38.472023,58.757353,29.378676,516.231363,1.572332,1.577537
2026-06-12T18:53:38.481718,58.767691,29.383845,516.322192,1.559112,1.574175
2026-06-12T18:53:38.495785,58.778256,29.389128,516.415018,1.514293,1.564363
2026-06-12T18:53:38.504113,58.788553,29.394277,516.505487,1.562337,1.561553
2026-06-12T18:53:38.512953,58.798948,29.399474,516.596811,1.581038,1.560356
2026-06-12T18:53:38.523264,58.809245,29.404623,516.687283,1.573299,1.559849
2026-06-12T18:53:38.535978,58.819959,29.409980,516.781413,1.583617,1.563718
2026-06-12T18:53:38.544862,58.830024,29.415012,516.869846,1.585552,1.565607
2026-06-12T18:53:38.554183,58.840164,29.420082,516.958927,1.475278,1.553631
2026-06-12T18:53:38.566860,58.850210,29.425105,517.047190,1.347271,1.529770
2026-06-12T18:53:38.574756,58.860729,29.430365,517.139613,1.472054,1.516873
2026-06-12T18:53:38.586925,58.871451,29.435725,517.233808,1.553631,1.512958
2026-06-12T18:53:38.595916,58.881902,29.440951,517.325630,1.563626,1.511576
2026-06-12T18:53:38.605960,58.891942,29.445971,517.413838,1.567496,1.509273
2026-06-12T18:53:38.619284,58.902379,29.451190,517.505542,1.579748,1.508443
2026-06-12T18:53:38.627622,58.912775,29.456388,517.596879,1.502363,1.512313
2026-06-12T18:53:38.636996,58.922977,29.461489,517.686513,1.537186,1.539443
